protocol_id,scenario_id,contamination_tier,execution_level,execution_label,execution_mode,agent,seed,total_return,sharpe,max_drawdown,execution_fill_rate,rejected_order_count,total_slippage_cost,intent_risk_gap_l1,risk_execution_gap_l1,intent_execution_gap_l1,max_intent_execution_gap_l1,trajectory_reproducibility_coverage,evidence_tier,claim_scope
trellm-v0.3-protocol,synthetic_high_volatility_c0_v0_3,C0,E0,ideal execution,ideal,buy-and-hold,7,0.175891,11.090266,-0.020425,1.0,0,18.664623,0.3,1.3e-05,0.299997,0.30013,1.0,protocol-fixture,Idealized fill baseline for sensitivity analysis.
trellm-v0.3-protocol,synthetic_high_volatility_c0_v0_3,C0,E0,ideal execution,ideal,buy-and-hold,11,0.354761,18.001264,-0.007865,1.0,0,18.189867,0.3,1.5e-05,0.299985,0.3,1.0,protocol-fixture,Idealized fill baseline for sensitivity analysis.
trellm-v0.3-protocol,synthetic_high_volatility_c0_v0_3,C0,E0,ideal execution,ideal,buy-and-hold,17,0.220219,11.471753,-0.011274,1.0,0,19.781527,0.3,1e-05,0.299993,0.300043,1.0,protocol-fixture,Idealized fill baseline for sensitivity analysis.
trellm-v0.3-protocol,synthetic_high_volatility_c0_v0_3,C0,E0,ideal execution,ideal,buy-and-hold,23,0.308176,16.698582,-0.005188,1.0,0,18.965068,0.3,8e-06,0.299992,0.3,1.0,protocol-fixture,Idealized fill baseline for sensitivity analysis.
trellm-v0.3-protocol,synthetic_high_volatility_c0_v0_3,C0,E0,ideal execution,ideal,buy-and-hold,31,0.258711,17.924114,-0.006586,1.0,0,18.917578,0.3,2.4e-05,0.299992,0.300093,1.0,protocol-fixture,Idealized fill baseline for sensitivity analysis.
trellm-v0.3-protocol,synthetic_high_volatility_c0_v0_3,C0,E0,ideal execution,ideal,buy-and-hold,37,0.450969,25.98856,-0.002588,1.0,0,19.356575,0.3,9e-06,0.299993,0.300034,1.0,protocol-fixture,Idealized fill baseline for sensitivity analysis.
trellm-v0.3-protocol,synthetic_high_volatility_c0_v0_3,C0,E0,ideal execution,ideal,buy-and-hold,41,0.198403,12.045257,-0.016064,1.0,0,19.290322,0.3,8e-06,0.299992,0.3,1.0,protocol-fixture,Idealized fill baseline for sensitivity analysis.
trellm-v0.3-protocol,synthetic_high_volatility_c0_v0_3,C0,E0,ideal execution,ideal,buy-and-hold,43,0.304057,17.132153,-0.009085,1.0,0,18.05187,0.3,1.5e-05,0.299986,0.300006,1.0,protocol-fixture,Idealized fill baseline for sensitivity analysis.
trellm-v0.3-protocol,synthetic_high_volatility_c0_v0_3,C0,E0,ideal execution,ideal,buy-and-hold,47,0.248244,14.021929,-0.011569,1.0,0,18.703789,0.3,8e-06,0.299992,0.299999,1.0,protocol-fixture,Idealized fill baseline for sensitivity analysis.
trellm-v0.3-protocol,synthetic_high_volatility_c0_v0_3,C0,E0,ideal execution,ideal,buy-and-hold,53,0.190859,10.222761,-0.017079,1.0,0,18.282693,0.3,1.8e-05,0.299984,0.300019,1.0,protocol-fixture,Idealized fill baseline for sensitivity analysis.
trellm-v0.3-protocol,synthetic_high_volatility_c0_v0_3,C0,E0,ideal execution,ideal,buy-and-hold,59,0.269951,13.380033,-0.008995,1.0,0,18.133045,0.3,1.1e-05,0.299989,0.299999,1.0,protocol-fixture,Idealized fill baseline for sensitivity analysis.
trellm-v0.3-protocol,synthetic_high_volatility_c0_v0_3,C0,E0,ideal execution,ideal,buy-and-hold,61,0.227503,15.653725,-0.009119,1.0,0,18.136073,0.3,1.5e-05,0.299992,0.300078,1.0,protocol-fixture,Idealized fill baseline for sensitivity analysis.
trellm-v0.3-protocol,synthetic_high_volatility_c0_v0_3,C0,E0,ideal execution,ideal,buy-and-hold,67,0.234296,11.247143,-0.031756,1.0,0,18.495808,0.3,1e-05,0.29999,0.3,1.0,protocol-fixture,Idealized fill baseline for sensitivity analysis.
trellm-v0.3-protocol,synthetic_high_volatility_c0_v0_3,C0,E0,ideal execution,ideal,buy-and-hold,71,0.341923,17.29982,-0.011095,1.0,0,18.598527,0.3,1.3e-05,0.299987,0.3,1.0,protocol-fixture,Idealized fill baseline for sensitivity analysis.
trellm-v0.3-protocol,synthetic_high_volatility_c0_v0_3,C0,E0,ideal execution,ideal,buy-and-hold,73,0.293826,15.480991,-0.017047,1.0,0,18.999811,0.3,1.5e-05,0.299999,0.300167,1.0,protocol-fixture,Idealized fill baseline for sensitivity analysis.
trellm-v0.3-protocol,synthetic_high_volatility_c0_v0_3,C0,E0,ideal execution,ideal,buy-and-hold,79,0.170032,11.251504,-0.013287,1.0,0,19.095519,0.3,1e-05,0.299994,0.300049,1.0,protocol-fixture,Idealized fill baseline for sensitivity analysis.
trellm-v0.3-protocol,synthetic_high_volatility_c0_v0_3,C0,E0,ideal execution,ideal,buy-and-hold,83,0.199518,11.422802,-0.011812,1.0,0,19.211651,0.3,1.3e-05,0.299992,0.300052,1.0,protocol-fixture,Idealized fill baseline for sensitivity analysis.
trellm-v0.3-protocol,synthetic_high_volatility_c0_v0_3,C0,E0,ideal execution,ideal,buy-and-hold,89,0.245641,11.487291,-0.012757,1.0,0,18.178493,0.3,1.9e-05,0.300004,0.300149,1.0,protocol-fixture,Idealized fill baseline for sensitivity analysis.
trellm-v0.3-protocol,synthetic_high_volatility_c0_v0_3,C0,E0,ideal execution,ideal,buy-and-hold,97,0.163613,10.403974,-0.01127,1.0,0,19.863156,0.3,1.4e-05,0.299997,0.300143,1.0,protocol-fixture,Idealized fill baseline for sensitivity analysis.
trellm-v0.3-protocol,synthetic_high_volatility_c0_v0_3,C0,E0,ideal execution,ideal,buy-and-hold,101,0.124966,8.59969,-0.03254,1.0,0,19.564323,0.3,1.1e-05,0.299989,0.3,1.0,protocol-fixture,Idealized fill baseline for sensitivity analysis.
trellm-v0.3-protocol,synthetic_high_volatility_c0_v0_3,C0,E0,ideal execution,ideal,buy-and-hold,103,0.166022,9.015307,-0.019104,1.0,0,19.420181,0.3,8e-06,0.299992,0.3,1.0,protocol-fixture,Idealized fill baseline for sensitivity analysis.
trellm-v0.3-protocol,synthetic_high_volatility_c0_v0_3,C0,E0,ideal execution,ideal,buy-and-hold,107,0.231073,12.535233,-0.012826,1.0,0,19.463326,0.3,2e-05,0.299998,0.300212,1.0,protocol-fixture,Idealized fill baseline for sensitivity analysis.
trellm-v0.3-protocol,synthetic_high_volatility_c0_v0_3,C0,E0,ideal execution,ideal,buy-and-hold,109,0.350245,18.605828,-0.009577,1.0,0,19.342589,0.3,1.9e-05,0.299995,0.300138,1.0,protocol-fixture,Idealized fill baseline for sensitivity analysis.
trellm-v0.3-protocol,synthetic_high_volatility_c0_v0_3,C0,E0,ideal execution,ideal,buy-and-hold,113,0.22684,12.831507,-0.010213,1.0,0,19.091903,0.3,8e-06,0.299992,0.3,1.0,protocol-fixture,Idealized fill baseline for sensitivity analysis.
trellm-v0.3-protocol,synthetic_high_volatility_c0_v0_3,C0,E0,ideal execution,ideal,buy-and-hold,127,0.324254,16.705232,-0.009726,1.0,0,19.07477,0.3,2.3e-05,0.299992,0.300174,1.0,protocol-fixture,Idealized fill baseline for sensitivity analysis.
trellm-v0.3-protocol,synthetic_high_volatility_c0_v0_3,C0,E0,ideal execution,ideal,buy-and-hold,131,0.213201,10.832981,-0.031862,1.0,0,18.59053,0.3,2e-05,0.299995,0.300182,1.0,protocol-fixture,Idealized fill baseline for sensitivity analysis.
trellm-v0.3-protocol,synthetic_high_volatility_c0_v0_3,C0,E0,ideal execution,ideal,buy-and-hold,137,0.137804,6.56159,-0.053758,1.0,0,17.966935,0.3,1.7e-05,0.299993,0.300128,1.0,protocol-fixture,Idealized fill baseline for sensitivity analysis.
trellm-v0.3-protocol,synthetic_high_volatility_c0_v0_3,C0,E0,ideal execution,ideal,buy-and-hold,139,0.295283,18.672281,-0.00989,1.0,0,17.914854,0.3,1.8e-05,0.299982,0.300004,1.0,protocol-fixture,Idealized fill baseline for sensitivity analysis.
trellm-v0.3-protocol,synthetic_high_volatility_c0_v0_3,C0,E0,ideal execution,ideal,buy-and-hold,149,0.256642,10.480949,-0.022661,1.0,0,18.95881,0.3,1.6e-05,0.299991,0.300082,1.0,protocol-fixture,Idealized fill baseline for sensitivity analysis.
trellm-v0.3-protocol,synthetic_high_volatility_c0_v0_3,C0,E0,ideal execution,ideal,buy-and-hold,151,0.285038,20.694339,-0.003198,1.0,0,19.403679,0.3,8e-06,0.299992,0.3,1.0,protocol-fixture,Idealized fill baseline for sensitivity analysis.
trellm-v0.3-protocol,synthetic_high_volatility_c0_v0_3,C0,E0,ideal execution,ideal,signal-weighted,7,0.117369,10.426951,-0.009285,1.0,0,29.07645,0.191725,1.4e-05,0.191724,0.555856,1.0,protocol-fixture,Idealized fill baseline for sensitivity analysis.
trellm-v0.3-protocol,synthetic_high_volatility_c0_v0_3,C0,E0,ideal execution,ideal,signal-weighted,11,0.220311,11.136551,-0.010065,1.0,0,29.737162,0.508652,7e-06,0.508645,0.899999,1.0,protocol-fixture,Idealized fill baseline for sensitivity analysis.
trellm-v0.3-protocol,synthetic_high_volatility_c0_v0_3,C0,E0,ideal execution,ideal,signal-weighted,17,0.146009,8.853843,-0.011275,1.0,0,55.179794,0.319804,1.3e-05,0.319799,0.899999,1.0,protocol-fixture,Idealized fill baseline for sensitivity analysis.
trellm-v0.3-protocol,synthetic_high_volatility_c0_v0_3,C0,E0,ideal execution,ideal,signal-weighted,23,0.200858,14.839166,-0.000702,1.0,0,16.303982,0.387584,6e-06,0.387583,0.899999,1.0,protocol-fixture,Idealized fill baseline for sensitivity analysis.
trellm-v0.3-protocol,synthetic_high_volatility_c0_v0_3,C0,E0,ideal execution,ideal,signal-weighted,31,0.174741,12.867751,-0.000879,1.0,0,30.534597,0.347975,1.1e-05,0.347976,0.852585,1.0,protocol-fixture,Idealized fill baseline for sensitivity analysis.
trellm-v0.3-protocol,synthetic_high_volatility_c0_v0_3,C0,E0,ideal execution,ideal,signal-weighted,37,0.259535,15.101429,-0.000105,1.0,0,31.104996,0.527942,9e-06,0.527936,0.900034,1.0,protocol-fixture,Idealized fill baseline for sensitivity analysis.
trellm-v0.3-protocol,synthetic_high_volatility_c0_v0_3,C0,E0,ideal execution,ideal,signal-weighted,41,0.105104,7.83855,-0.015889,1.0,0,25.094891,0.273764,9e-06,0.273763,0.605248,1.0,protocol-fixture,Idealized fill baseline for sensitivity analysis.
trellm-v0.3-protocol,synthetic_high_volatility_c0_v0_3,C0,E0,ideal execution,ideal,signal-weighted,43,0.226384,14.926075,-0.001034,1.0,0,30.182809,0.436017,2.2e-05,0.435997,0.899999,1.0,protocol-fixture,Idealized fill baseline for sensitivity analysis.
trellm-v0.3-protocol,synthetic_high_volatility_c0_v0_3,C0,E0,ideal execution,ideal,signal-weighted,47,0.19724,11.445782,-0.014132,1.0,0,47.773081,0.345634,1e-05,0.345626,0.899999,1.0,protocol-fixture,Idealized fill baseline for sensitivity analysis.
trellm-v0.3-protocol,synthetic_high_volatility_c0_v0_3,C0,E0,ideal execution,ideal,signal-weighted,53,0.085303,6.067639,-0.016447,1.0,0,60.571025,0.281879,1.6e-05,0.281869,0.899998,1.0,protocol-fixture,Idealized fill baseline for sensitivity analysis.
trellm-v0.3-protocol,synthetic_high_volatility_c0_v0_3,C0,E0,ideal execution,ideal,signal-weighted,59,0.17362,10.879597,-0.008204,1.0,0,52.048459,0.35337,1.5e-05,0.353358,0.899997,1.0,protocol-fixture,Idealized fill baseline for sensitivity analysis.
trellm-v0.3-protocol,synthetic_high_volatility_c0_v0_3,C0,E0,ideal execution,ideal,signal-weighted,61,0.141075,11.131803,-0.009119,1.0,0,32.317627,0.283674,9e-06,0.283666,0.794117,1.0,protocol-fixture,Idealized fill baseline for sensitivity analysis.
trellm-v0.3-protocol,synthetic_high_volatility_c0_v0_3,C0,E0,ideal execution,ideal,signal-weighted,67,0.152798,11.861055,-0.003769,1.0,0,31.094631,0.37065,8e-06,0.370642,0.899999,1.0,protocol-fixture,Idealized fill baseline for sensitivity analysis.
trellm-v0.3-protocol,synthetic_high_volatility_c0_v0_3,C0,E0,ideal execution,ideal,signal-weighted,71,0.195447,10.959557,-0.011099,1.0,0,31.247164,0.444724,1.3e-05,0.444712,0.899999,1.0,protocol-fixture,Idealized fill baseline for sensitivity analysis.
trellm-v0.3-protocol,synthetic_high_volatility_c0_v0_3,C0,E0,ideal execution,ideal,signal-weighted,73,0.156173,11.330101,-0.008436,1.0,0,16.020868,0.471155,1.3e-05,0.471157,0.9,1.0,protocol-fixture,Idealized fill baseline for sensitivity analysis.
trellm-v0.3-protocol,synthetic_high_volatility_c0_v0_3,C0,E0,ideal execution,ideal,signal-weighted,79,0.072843,8.107739,-0.008415,1.0,0,35.909208,0.226173,1.2e-05,0.226169,0.449999,1.0,protocol-fixture,Idealized fill baseline for sensitivity analysis.
trellm-v0.3-protocol,synthetic_high_volatility_c0_v0_3,C0,E0,ideal execution,ideal,signal-weighted,83,0.140133,8.791801,-0.011876,1.0,0,42.806536,0.207117,2e-05,0.20712,0.776614,1.0,protocol-fixture,Idealized fill baseline for sensitivity analysis.
trellm-v0.3-protocol,synthetic_high_volatility_c0_v0_3,C0,E0,ideal execution,ideal,signal-weighted,89,0.186851,11.43129,-0.007186,1.0,0,30.728225,0.374726,1.8e-05,0.374735,0.900149,1.0,protocol-fixture,Idealized fill baseline for sensitivity analysis.
trellm-v0.3-protocol,synthetic_high_volatility_c0_v0_3,C0,E0,ideal execution,ideal,signal-weighted,97,0.087438,7.500155,-0.010502,1.0,0,60.722618,0.081922,1.8e-05,0.081925,0.398926,1.0,protocol-fixture,Idealized fill baseline for sensitivity analysis.
trellm-v0.3-protocol,synthetic_high_volatility_c0_v0_3,C0,E0,ideal execution,ideal,signal-weighted,101,0.03787,5.030661,-0.014139,1.0,0,60.664739,0.114549,1.3e-05,0.114545,0.449999,1.0,protocol-fixture,Idealized fill baseline for sensitivity analysis.
trellm-v0.3-protocol,synthetic_high_volatility_c0_v0_3,C0,E0,ideal execution,ideal,signal-weighted,103,0.087067,7.003955,-0.013927,1.0,0,29.84718,0.264946,1e-05,0.264943,0.67998,1.0,protocol-fixture,Idealized fill baseline for sensitivity analysis.
trellm-v0.3-protocol,synthetic_high_volatility_c0_v0_3,C0,E0,ideal execution,ideal,signal-weighted,107,0.095779,8.194997,-0.012834,1.0,0,64.250319,0.237839,2e-05,0.237827,0.530271,1.0,protocol-fixture,Idealized fill baseline for sensitivity analysis.
trellm-v0.3-protocol,synthetic_high_volatility_c0_v0_3,C0,E0,ideal execution,ideal,signal-weighted,109,0.24248,14.063011,-3.4e-05,1.0,0,19.509169,0.416983,1.3e-05,0.416987,0.899999,1.0,protocol-fixture,Idealized fill baseline for sensitivity analysis.
trellm-v0.3-protocol,synthetic_high_volatility_c0_v0_3,C0,E0,ideal execution,ideal,signal-weighted,113,0.173355,11.310953,-0.003826,1.0,0,52.010277,0.230029,1.2e-05,0.230023,0.797804,1.0,protocol-fixture,Idealized fill baseline for sensitivity analysis.
trellm-v0.3-protocol,synthetic_high_volatility_c0_v0_3,C0,E0,ideal execution,ideal,signal-weighted,127,0.192378,12.715501,-0.000658,1.0,0,17.172894,0.488612,1.4e-05,0.488613,0.900174,1.0,protocol-fixture,Idealized fill baseline for sensitivity analysis.
trellm-v0.3-protocol,synthetic_high_volatility_c0_v0_3,C0,E0,ideal execution,ideal,signal-weighted,131,0.151521,10.03922,-0.013696,1.0,0,33.064281,0.325261,2e-05,0.325259,0.843369,1.0,protocol-fixture,Idealized fill baseline for sensitivity analysis.
trellm-v0.3-protocol,synthetic_high_volatility_c0_v0_3,C0,E0,ideal execution,ideal,signal-weighted,137,0.129167,8.940315,-0.008411,1.0,0,20.776139,0.276154,6e-06,0.276153,0.888387,1.0,protocol-fixture,Idealized fill baseline for sensitivity analysis.
trellm-v0.3-protocol,synthetic_high_volatility_c0_v0_3,C0,E0,ideal execution,ideal,signal-weighted,139,0.211002,16.066069,-3.4e-05,1.0,0,44.71557,0.392534,1.1e-05,0.392524,0.899999,1.0,protocol-fixture,Idealized fill baseline for sensitivity analysis.
trellm-v0.3-protocol,synthetic_high_volatility_c0_v0_3,C0,E0,ideal execution,ideal,signal-weighted,149,0.198286,10.804251,-0.01433,1.0,0,19.662746,0.304788,1e-05,0.304781,0.899999,1.0,protocol-fixture,Idealized fill baseline for sensitivity analysis.
trellm-v0.3-protocol,synthetic_high_volatility_c0_v0_3,C0,E0,ideal execution,ideal,signal-weighted,151,0.194943,14.36724,-0.000105,1.0,0,30.461567,0.389503,7e-06,0.3895,0.80453,1.0,protocol-fixture,Idealized fill baseline for sensitivity analysis.
trellm-v0.3-protocol,synthetic_high_volatility_c0_v0_3,C0,E0,ideal execution,ideal,naive-momentum,7,0.15307,12.594121,-0.00978,1.0,0,57.782325,0.0,1.5e-05,1.5e-05,8.1e-05,1.0,protocol-fixture,Idealized fill baseline for sensitivity analysis.
trellm-v0.3-protocol,synthetic_high_volatility_c0_v0_3,C0,E0,ideal execution,ideal,naive-momentum,11,0.310552,17.682074,-0.007865,1.0,0,33.963535,0.0,1.2e-05,1.2e-05,7.3e-05,1.0,protocol-fixture,Idealized fill baseline for sensitivity analysis.
trellm-v0.3-protocol,synthetic_high_volatility_c0_v0_3,C0,E0,ideal execution,ideal,naive-momentum,17,0.115614,7.497122,-0.016264,1.0,0,61.260257,0.0,2.1e-05,2.1e-05,7.5e-05,1.0,protocol-fixture,Idealized fill baseline for sensitivity analysis.
trellm-v0.3-protocol,synthetic_high_volatility_c0_v0_3,C0,E0,ideal execution,ideal,naive-momentum,23,0.224082,13.758683,-0.004,1.0,0,55.033,0.0,1.6e-05,1.6e-05,0.000147,1.0,protocol-fixture,Idealized fill baseline for sensitivity analysis.
trellm-v0.3-protocol,synthetic_high_volatility_c0_v0_3,C0,E0,ideal execution,ideal,naive-momentum,31,0.237129,16.501875,-0.006901,1.0,0,35.423907,0.0,1.2e-05,1.2e-05,4.3e-05,1.0,protocol-fixture,Idealized fill baseline for sensitivity analysis.
trellm-v0.3-protocol,synthetic_high_volatility_c0_v0_3,C0,E0,ideal execution,ideal,naive-momentum,37,0.387117,22.199288,-0.002588,1.0,0,34.092621,0.0,1.3e-05,1.3e-05,7.4e-05,1.0,protocol-fixture,Idealized fill baseline for sensitivity analysis.
trellm-v0.3-protocol,synthetic_high_volatility_c0_v0_3,C0,E0,ideal execution,ideal,naive-momentum,41,0.173957,12.831436,-0.007201,1.0,0,41.546867,0.0,2e-05,2e-05,0.000154,1.0,protocol-fixture,Idealized fill baseline for sensitivity analysis.
trellm-v0.3-protocol,synthetic_high_volatility_c0_v0_3,C0,E0,ideal execution,ideal,naive-momentum,43,0.28963,17.713984,-0.008495,1.0,0,26.491413,0.0,1.5e-05,1.5e-05,0.000168,1.0,protocol-fixture,Idealized fill baseline for sensitivity analysis.
trellm-v0.3-protocol,synthetic_high_volatility_c0_v0_3,C0,E0,ideal execution,ideal,naive-momentum,47,0.216931,11.818157,-0.013227,1.0,0,46.209373,0.0,2.2e-05,2.2e-05,0.000184,1.0,protocol-fixture,Idealized fill baseline for sensitivity analysis.
trellm-v0.3-protocol,synthetic_high_volatility_c0_v0_3,C0,E0,ideal execution,ideal,naive-momentum,53,0.132377,7.86667,-0.027646,1.0,0,60.650585,0.0,1.5e-05,1.5e-05,7.4e-05,1.0,protocol-fixture,Idealized fill baseline for sensitivity analysis.
trellm-v0.3-protocol,synthetic_high_volatility_c0_v0_3,C0,E0,ideal execution,ideal,naive-momentum,59,0.209217,13.006617,-0.008012,1.0,0,47.375929,0.0,1.7e-05,1.7e-05,0.000147,1.0,protocol-fixture,Idealized fill baseline for sensitivity analysis.
trellm-v0.3-protocol,synthetic_high_volatility_c0_v0_3,C0,E0,ideal execution,ideal,naive-momentum,61,0.186812,12.649727,-0.009119,1.0,0,57.631534,0.0,1.9e-05,1.9e-05,7.4e-05,1.0,protocol-fixture,Idealized fill baseline for sensitivity analysis.
trellm-v0.3-protocol,synthetic_high_volatility_c0_v0_3,C0,E0,ideal execution,ideal,naive-momentum,67,0.18383,9.927345,-0.02399,1.0,0,57.161995,0.0,1.7e-05,1.7e-05,9.6e-05,1.0,protocol-fixture,Idealized fill baseline for sensitivity analysis.
trellm-v0.3-protocol,synthetic_high_volatility_c0_v0_3,C0,E0,ideal execution,ideal,naive-momentum,71,0.288839,15.162525,-0.01092,1.0,0,40.769009,0.0,1.7e-05,1.7e-05,0.000115,1.0,protocol-fixture,Idealized fill baseline for sensitivity analysis.
trellm-v0.3-protocol,synthetic_high_volatility_c0_v0_3,C0,E0,ideal execution,ideal,naive-momentum,73,0.23192,14.112882,-0.009259,1.0,0,42.184976,0.0,1.6e-05,1.6e-05,6.9e-05,1.0,protocol-fixture,Idealized fill baseline for sensitivity analysis.
trellm-v0.3-protocol,synthetic_high_volatility_c0_v0_3,C0,E0,ideal execution,ideal,naive-momentum,79,0.113456,10.138628,-0.008678,1.0,0,67.754024,0.0,2.7e-05,2.7e-05,0.000231,1.0,protocol-fixture,Idealized fill baseline for sensitivity analysis.
trellm-v0.3-protocol,synthetic_high_volatility_c0_v0_3,C0,E0,ideal execution,ideal,naive-momentum,83,0.11418,7.088046,-0.015234,1.0,0,97.449184,0.0,3.5e-05,3.5e-05,0.000147,1.0,protocol-fixture,Idealized fill baseline for sensitivity analysis.
trellm-v0.3-protocol,synthetic_high_volatility_c0_v0_3,C0,E0,ideal execution,ideal,naive-momentum,89,0.217808,12.408152,-0.009487,1.0,0,27.086694,0.0,3.2e-05,3.2e-05,0.000154,1.0,protocol-fixture,Idealized fill baseline for sensitivity analysis.
trellm-v0.3-protocol,synthetic_high_volatility_c0_v0_3,C0,E0,ideal execution,ideal,naive-momentum,97,0.04502,3.972219,-0.014678,1.0,0,83.759464,0.0,3.1e-05,3.1e-05,0.000233,1.0,protocol-fixture,Idealized fill baseline for sensitivity analysis.
trellm-v0.3-protocol,synthetic_high_volatility_c0_v0_3,C0,E0,ideal execution,ideal,naive-momentum,101,0.107089,8.76095,-0.01485,1.0,0,41.151696,0.0,1.1e-05,1.1e-05,7.1e-05,1.0,protocol-fixture,Idealized fill baseline for sensitivity analysis.
trellm-v0.3-protocol,synthetic_high_volatility_c0_v0_3,C0,E0,ideal execution,ideal,naive-momentum,103,0.136776,10.779317,-0.010035,1.0,0,62.570051,0.0,1.7e-05,1.7e-05,7.3e-05,1.0,protocol-fixture,Idealized fill baseline for sensitivity analysis.
trellm-v0.3-protocol,synthetic_high_volatility_c0_v0_3,C0,E0,ideal execution,ideal,naive-momentum,107,0.163677,12.211455,-0.012604,1.0,0,65.39552,0.0,2.5e-05,2.5e-05,0.00013,1.0,protocol-fixture,Idealized fill baseline for sensitivity analysis.
trellm-v0.3-protocol,synthetic_high_volatility_c0_v0_3,C0,E0,ideal execution,ideal,naive-momentum,109,0.308602,21.705671,-0.000105,1.0,0,37.35726,0.0,1.6e-05,1.6e-05,0.000139,1.0,protocol-fixture,Idealized fill baseline for sensitivity analysis.
trellm-v0.3-protocol,synthetic_high_volatility_c0_v0_3,C0,E0,ideal execution,ideal,naive-momentum,113,0.140195,12.539404,-0.009397,1.0,0,69.706501,0.0,2.1e-05,2.1e-05,7.4e-05,1.0,protocol-fixture,Idealized fill baseline for sensitivity analysis.
trellm-v0.3-protocol,synthetic_high_volatility_c0_v0_3,C0,E0,ideal execution,ideal,naive-momentum,127,0.295491,16.505039,-0.002414,1.0,0,33.711195,0.0,1.1e-05,1.1e-05,7.5e-05,1.0,protocol-fixture,Idealized fill baseline for sensitivity analysis.
trellm-v0.3-protocol,synthetic_high_volatility_c0_v0_3,C0,E0,ideal execution,ideal,naive-momentum,131,0.177259,13.274108,-0.00466,1.0,0,47.365444,0.0,1.9e-05,1.9e-05,0.000134,1.0,protocol-fixture,Idealized fill baseline for sensitivity analysis.
trellm-v0.3-protocol,synthetic_high_volatility_c0_v0_3,C0,E0,ideal execution,ideal,naive-momentum,137,0.141772,9.56959,-0.008561,1.0,0,46.044609,0.0,1.4e-05,1.4e-05,8.2e-05,1.0,protocol-fixture,Idealized fill baseline for sensitivity analysis.
trellm-v0.3-protocol,synthetic_high_volatility_c0_v0_3,C0,E0,ideal execution,ideal,naive-momentum,139,0.248171,19.535794,-0.004836,1.0,0,47.43622,0.0,1.7e-05,1.7e-05,0.000147,1.0,protocol-fixture,Idealized fill baseline for sensitivity analysis.
trellm-v0.3-protocol,synthetic_high_volatility_c0_v0_3,C0,E0,ideal execution,ideal,naive-momentum,149,0.212899,11.338672,-0.014357,1.0,0,53.221958,0.0,2.1e-05,2.1e-05,0.000147,1.0,protocol-fixture,Idealized fill baseline for sensitivity analysis.
trellm-v0.3-protocol,synthetic_high_volatility_c0_v0_3,C0,E0,ideal execution,ideal,naive-momentum,151,0.250004,18.764623,-0.001785,1.0,0,32.566689,0.0,1.1e-05,1.1e-05,7.4e-05,1.0,protocol-fixture,Idealized fill baseline for sensitivity analysis.
trellm-v0.3-protocol,synthetic_high_volatility_c0_v0_3,C0,E0,ideal execution,ideal,mean-reversion,7,-0.001939,-0.20735,-0.016237,1.0,0,41.100857,0.0,1.5e-05,1.5e-05,0.0002,1.0,protocol-fixture,Idealized fill baseline for sensitivity analysis.
trellm-v0.3-protocol,synthetic_high_volatility_c0_v0_3,C0,E0,ideal execution,ideal,mean-reversion,11,0.024834,5.481959,-0.000105,1.0,0,28.708656,0.0,3e-06,3e-06,3.7e-05,1.0,protocol-fixture,Idealized fill baseline for sensitivity analysis.
trellm-v0.3-protocol,synthetic_high_volatility_c0_v0_3,C0,E0,ideal execution,ideal,mean-reversion,17,0.052698,4.703061,-0.00923,1.0,0,43.586399,0.0,5e-06,5e-06,3.7e-05,1.0,protocol-fixture,Idealized fill baseline for sensitivity analysis.
trellm-v0.3-protocol,synthetic_high_volatility_c0_v0_3,C0,E0,ideal execution,ideal,mean-reversion,23,0.048586,6.87107,-0.000403,1.0,0,43.150245,0.0,7e-06,7e-06,8.2e-05,1.0,protocol-fixture,Idealized fill baseline for sensitivity analysis.
trellm-v0.3-protocol,synthetic_high_volatility_c0_v0_3,C0,E0,ideal execution,ideal,mean-reversion,31,0.003501,1.046133,-0.008598,1.0,0,14.293614,0.0,2e-06,2e-06,3.7e-05,1.0,protocol-fixture,Idealized fill baseline for sensitivity analysis.
trellm-v0.3-protocol,synthetic_high_volatility_c0_v0_3,C0,E0,ideal execution,ideal,mean-reversion,37,0.016009,3.287452,-0.000105,1.0,0,14.324472,0.0,2e-06,2e-06,3.7e-05,1.0,protocol-fixture,Idealized fill baseline for sensitivity analysis.
trellm-v0.3-protocol,synthetic_high_volatility_c0_v0_3,C0,E0,ideal execution,ideal,mean-reversion,41,0.008719,1.525097,-0.012458,1.0,0,35.746793,0.0,6e-06,6e-06,3.7e-05,1.0,protocol-fixture,Idealized fill baseline for sensitivity analysis.
trellm-v0.3-protocol,synthetic_high_volatility_c0_v0_3,C0,E0,ideal execution,ideal,mean-reversion,43,0.011032,1.559949,-0.014466,1.0,0,14.602728,0.0,2e-06,2e-06,3.7e-05,1.0,protocol-fixture,Idealized fill baseline for sensitivity analysis.
trellm-v0.3-protocol,synthetic_high_volatility_c0_v0_3,C0,E0,ideal execution,ideal,mean-reversion,47,0.001186,0.390547,-0.007902,1.0,0,14.234851,0.0,2e-06,2e-06,3.7e-05,1.0,protocol-fixture,Idealized fill baseline for sensitivity analysis.
trellm-v0.3-protocol,synthetic_high_volatility_c0_v0_3,C0,E0,ideal execution,ideal,mean-reversion,53,0.051418,7.955385,-0.005223,1.0,0,74.927088,0.0,1.4e-05,1.4e-05,0.000104,1.0,protocol-fixture,Idealized fill baseline for sensitivity analysis.
trellm-v0.3-protocol,synthetic_high_volatility_c0_v0_3,C0,E0,ideal execution,ideal,mean-reversion,59,0.003627,1.67727,-0.004166,1.0,0,14.206435,0.0,2e-06,2e-06,3.7e-05,1.0,protocol-fixture,Idealized fill baseline for sensitivity analysis.
trellm-v0.3-protocol,synthetic_high_volatility_c0_v0_3,C0,E0,ideal execution,ideal,mean-reversion,61,0.004858,3.236207,-0.000105,1.0,0,14.101395,0.0,2e-06,2e-06,3.7e-05,1.0,protocol-fixture,Idealized fill baseline for sensitivity analysis.
trellm-v0.3-protocol,synthetic_high_volatility_c0_v0_3,C0,E0,ideal execution,ideal,mean-reversion,67,0.016954,4.378285,-0.001658,1.0,0,17.039093,0.0,6e-06,6e-06,9.8e-05,1.0,protocol-fixture,Idealized fill baseline for sensitivity analysis.
trellm-v0.3-protocol,synthetic_high_volatility_c0_v0_3,C0,E0,ideal execution,ideal,mean-reversion,71,0.005545,3.24525,-0.000105,1.0,0,14.115131,0.0,2e-06,2e-06,3.7e-05,1.0,protocol-fixture,Idealized fill baseline for sensitivity analysis.
trellm-v0.3-protocol,synthetic_high_volatility_c0_v0_3,C0,E0,ideal execution,ideal,mean-reversion,73,0.025799,4.800407,-0.000105,1.0,0,14.520329,0.0,2e-06,2e-06,3.7e-05,1.0,protocol-fixture,Idealized fill baseline for sensitivity analysis.
trellm-v0.3-protocol,synthetic_high_volatility_c0_v0_3,C0,E0,ideal execution,ideal,mean-reversion,79,0.036738,7.689796,-0.000105,1.0,0,72.163186,0.0,1.1e-05,1.1e-05,7.5e-05,1.0,protocol-fixture,Idealized fill baseline for sensitivity analysis.
trellm-v0.3-protocol,synthetic_high_volatility_c0_v0_3,C0,E0,ideal execution,ideal,mean-reversion,83,0.031031,5.667709,-0.000105,1.0,0,48.514841,0.0,5e-06,5e-06,3.7e-05,1.0,protocol-fixture,Idealized fill baseline for sensitivity analysis.
trellm-v0.3-protocol,synthetic_high_volatility_c0_v0_3,C0,E0,ideal execution,ideal,mean-reversion,89,0.000527,0.108489,-0.016209,1.0,0,14.823918,0.0,2e-06,2e-06,3.7e-05,1.0,protocol-fixture,Idealized fill baseline for sensitivity analysis.
trellm-v0.3-protocol,synthetic_high_volatility_c0_v0_3,C0,E0,ideal execution,ideal,mean-reversion,97,0.083496,8.099354,-0.010903,1.0,0,88.372589,0.0,1.2e-05,1.2e-05,7.5e-05,1.0,protocol-fixture,Idealized fill baseline for sensitivity analysis.
trellm-v0.3-protocol,synthetic_high_volatility_c0_v0_3,C0,E0,ideal execution,ideal,mean-reversion,101,-0.011058,-1.333497,-0.035906,1.0,0,38.011503,0.0,6e-06,6e-06,3.7e-05,1.0,protocol-fixture,Idealized fill baseline for sensitivity analysis.
trellm-v0.3-protocol,synthetic_high_volatility_c0_v0_3,C0,E0,ideal execution,ideal,mean-reversion,103,0.033118,4.081762,-0.009071,1.0,0,65.048954,0.0,1.5e-05,1.5e-05,0.000147,1.0,protocol-fixture,Idealized fill baseline for sensitivity analysis.
trellm-v0.3-protocol,synthetic_high_volatility_c0_v0_3,C0,E0,ideal execution,ideal,mean-reversion,107,0.031064,3.62661,-0.01135,1.0,0,43.376036,0.0,5e-06,5e-06,3.7e-05,1.0,protocol-fixture,Idealized fill baseline for sensitivity analysis.
trellm-v0.3-protocol,synthetic_high_volatility_c0_v0_3,C0,E0,ideal execution,ideal,mean-reversion,109,0.02611,5.3362,-0.0016,1.0,0,28.782335,0.0,3e-06,3e-06,3.7e-05,1.0,protocol-fixture,Idealized fill baseline for sensitivity analysis.
trellm-v0.3-protocol,synthetic_high_volatility_c0_v0_3,C0,E0,ideal execution,ideal,mean-reversion,113,0.059549,6.682176,-0.000105,1.0,0,72.785595,0.0,9e-06,9e-06,7.4e-05,1.0,protocol-fixture,Idealized fill baseline for sensitivity analysis.
trellm-v0.3-protocol,synthetic_high_volatility_c0_v0_3,C0,E0,ideal execution,ideal,mean-reversion,127,0.022014,4.813427,-0.000207,1.0,0,33.141231,0.0,1.8e-05,1.8e-05,0.000229,1.0,protocol-fixture,Idealized fill baseline for sensitivity analysis.
trellm-v0.3-protocol,synthetic_high_volatility_c0_v0_3,C0,E0,ideal execution,ideal,mean-reversion,131,0.033437,5.04413,-0.008685,1.0,0,57.900179,0.0,1.1e-05,1.1e-05,7.5e-05,1.0,protocol-fixture,Idealized fill baseline for sensitivity analysis.
trellm-v0.3-protocol,synthetic_high_volatility_c0_v0_3,C0,E0,ideal execution,ideal,mean-reversion,137,0.010316,1.385703,-0.025574,1.0,0,45.475583,0.0,1.5e-05,1.5e-05,0.000128,1.0,protocol-fixture,Idealized fill baseline for sensitivity analysis.
trellm-v0.3-protocol,synthetic_high_volatility_c0_v0_3,C0,E0,ideal execution,ideal,mean-reversion,139,0.017041,3.755047,-0.00363,1.0,0,28.532432,0.0,3e-06,3e-06,3.7e-05,1.0,protocol-fixture,Idealized fill baseline for sensitivity analysis.
trellm-v0.3-protocol,synthetic_high_volatility_c0_v0_3,C0,E0,ideal execution,ideal,mean-reversion,149,-0.011641,-1.516955,-0.02617,1.0,0,17.459737,0.0,7e-06,7e-06,0.000113,1.0,protocol-fixture,Idealized fill baseline for sensitivity analysis.
trellm-v0.3-protocol,synthetic_high_volatility_c0_v0_3,C0,E0,ideal execution,ideal,mean-reversion,151,0.011453,1.696375,-0.015619,1.0,0,14.635239,0.0,2e-06,2e-06,3.7e-05,1.0,protocol-fixture,Idealized fill baseline for sensitivity analysis.
trellm-v0.3-protocol,synthetic_high_volatility_c0_v0_3,C0,E0,ideal execution,ideal,risk-parity,7,0.166119,10.851139,-0.020439,1.0,0,24.729242,0.0,2e-05,2e-05,0.000147,1.0,protocol-fixture,Idealized fill baseline for sensitivity analysis.
trellm-v0.3-protocol,synthetic_high_volatility_c0_v0_3,C0,E0,ideal execution,ideal,risk-parity,11,0.350347,17.949137,-0.007865,1.0,0,20.264697,0.0,1.1e-05,1.1e-05,0.000147,1.0,protocol-fixture,Idealized fill baseline for sensitivity analysis.
trellm-v0.3-protocol,synthetic_high_volatility_c0_v0_3,C0,E0,ideal execution,ideal,risk-parity,17,0.2202,11.471139,-0.011274,1.0,0,19.990032,0.0,1e-05,1e-05,0.000147,1.0,protocol-fixture,Idealized fill baseline for sensitivity analysis.
trellm-v0.3-protocol,synthetic_high_volatility_c0_v0_3,C0,E0,ideal execution,ideal,risk-parity,23,0.295775,16.217707,-0.005188,1.0,0,33.374802,0.0,1.3e-05,1.3e-05,0.000147,1.0,protocol-fixture,Idealized fill baseline for sensitivity analysis.
trellm-v0.3-protocol,synthetic_high_volatility_c0_v0_3,C0,E0,ideal execution,ideal,risk-parity,31,0.258766,17.928523,-0.006586,1.0,0,18.985516,0.0,2.4e-05,2.4e-05,0.000281,1.0,protocol-fixture,Idealized fill baseline for sensitivity analysis.
trellm-v0.3-protocol,synthetic_high_volatility_c0_v0_3,C0,E0,ideal execution,ideal,risk-parity,37,0.451375,26.097427,-0.002202,1.0,0,22.961196,0.0,1.1e-05,1.1e-05,0.000147,1.0,protocol-fixture,Idealized fill baseline for sensitivity analysis.
trellm-v0.3-protocol,synthetic_high_volatility_c0_v0_3,C0,E0,ideal execution,ideal,risk-parity,41,0.196361,11.883316,-0.016064,1.0,0,30.3827,0.0,1.4e-05,1.4e-05,0.000147,1.0,protocol-fixture,Idealized fill baseline for sensitivity analysis.
trellm-v0.3-protocol,synthetic_high_volatility_c0_v0_3,C0,E0,ideal execution,ideal,risk-parity,43,0.301798,17.684147,-0.008456,1.0,0,24.139524,0.0,1.7e-05,1.7e-05,0.000168,1.0,protocol-fixture,Idealized fill baseline for sensitivity analysis.
trellm-v0.3-protocol,synthetic_high_volatility_c0_v0_3,C0,E0,ideal execution,ideal,risk-parity,47,0.256862,15.2505,-0.011569,1.0,0,27.618554,0.0,1.1e-05,1.1e-05,0.000147,1.0,protocol-fixture,Idealized fill baseline for sensitivity analysis.
trellm-v0.3-protocol,synthetic_high_volatility_c0_v0_3,C0,E0,ideal execution,ideal,risk-parity,53,0.180884,9.568168,-0.017079,1.0,0,25.961998,0.0,2.1e-05,2.1e-05,0.000223,1.0,protocol-fixture,Idealized fill baseline for sensitivity analysis.
trellm-v0.3-protocol,synthetic_high_volatility_c0_v0_3,C0,E0,ideal execution,ideal,risk-parity,59,0.269898,13.380076,-0.008995,1.0,0,18.25061,0.0,1.1e-05,1.1e-05,0.000147,1.0,protocol-fixture,Idealized fill baseline for sensitivity analysis.
trellm-v0.3-protocol,synthetic_high_volatility_c0_v0_3,C0,E0,ideal execution,ideal,risk-parity,61,0.227691,15.650323,-0.009119,1.0,0,19.012173,0.0,1.2e-05,1.2e-05,0.000147,1.0,protocol-fixture,Idealized fill baseline for sensitivity analysis.
trellm-v0.3-protocol,synthetic_high_volatility_c0_v0_3,C0,E0,ideal execution,ideal,risk-parity,67,0.234196,11.323147,-0.031471,1.0,0,19.767133,0.0,1.1e-05,1.1e-05,0.000147,1.0,protocol-fixture,Idealized fill baseline for sensitivity analysis.
trellm-v0.3-protocol,synthetic_high_volatility_c0_v0_3,C0,E0,ideal execution,ideal,risk-parity,71,0.323465,17.205225,-0.011095,1.0,0,30.949178,0.0,1.6e-05,1.6e-05,0.000147,1.0,protocol-fixture,Idealized fill baseline for sensitivity analysis.
trellm-v0.3-protocol,synthetic_high_volatility_c0_v0_3,C0,E0,ideal execution,ideal,risk-parity,73,0.289076,15.174661,-0.017066,1.0,0,25.337608,0.0,1.8e-05,1.8e-05,0.000176,1.0,protocol-fixture,Idealized fill baseline for sensitivity analysis.
trellm-v0.3-protocol,synthetic_high_volatility_c0_v0_3,C0,E0,ideal execution,ideal,risk-parity,79,0.170032,11.251504,-0.013287,1.0,0,19.095519,0.0,1e-05,1e-05,0.000147,1.0,protocol-fixture,Idealized fill baseline for sensitivity analysis.
trellm-v0.3-protocol,synthetic_high_volatility_c0_v0_3,C0,E0,ideal execution,ideal,risk-parity,83,0.197141,11.28834,-0.011812,1.0,0,24.98662,0.0,1.5e-05,1.5e-05,0.000147,1.0,protocol-fixture,Idealized fill baseline for sensitivity analysis.
trellm-v0.3-protocol,synthetic_high_volatility_c0_v0_3,C0,E0,ideal execution,ideal,risk-parity,89,0.251838,11.98351,-0.012439,1.0,0,27.548247,0.0,2.3e-05,2.3e-05,0.000151,1.0,protocol-fixture,Idealized fill baseline for sensitivity analysis.
trellm-v0.3-protocol,synthetic_high_volatility_c0_v0_3,C0,E0,ideal execution,ideal,risk-parity,97,0.16059,10.419784,-0.01127,1.0,0,22.97983,0.0,1.6e-05,1.6e-05,0.000147,1.0,protocol-fixture,Idealized fill baseline for sensitivity analysis.
trellm-v0.3-protocol,synthetic_high_volatility_c0_v0_3,C0,E0,ideal execution,ideal,risk-parity,101,0.1177,8.401108,-0.033281,1.0,0,23.875225,0.0,1.6e-05,1.6e-05,0.000147,1.0,protocol-fixture,Idealized fill baseline for sensitivity analysis.
trellm-v0.3-protocol,synthetic_high_volatility_c0_v0_3,C0,E0,ideal execution,ideal,risk-parity,103,0.166022,9.015307,-0.019104,1.0,0,19.420181,0.0,8e-06,8e-06,0.000147,1.0,protocol-fixture,Idealized fill baseline for sensitivity analysis.
trellm-v0.3-protocol,synthetic_high_volatility_c0_v0_3,C0,E0,ideal execution,ideal,risk-parity,107,0.223924,12.128258,-0.012826,1.0,0,23.917843,0.0,2.3e-05,2.3e-05,0.00021,1.0,protocol-fixture,Idealized fill baseline for sensitivity analysis.
trellm-v0.3-protocol,synthetic_high_volatility_c0_v0_3,C0,E0,ideal execution,ideal,risk-parity,109,0.350245,18.605828,-0.009577,1.0,0,19.342589,0.0,1.9e-05,1.9e-05,0.000147,1.0,protocol-fixture,Idealized fill baseline for sensitivity analysis.
trellm-v0.3-protocol,synthetic_high_volatility_c0_v0_3,C0,E0,ideal execution,ideal,risk-parity,113,0.211059,11.804371,-0.010213,1.0,0,31.161714,0.0,1.2e-05,1.2e-05,0.000147,1.0,protocol-fixture,Idealized fill baseline for sensitivity analysis.
trellm-v0.3-protocol,synthetic_high_volatility_c0_v0_3,C0,E0,ideal execution,ideal,risk-parity,127,0.324429,16.720538,-0.009726,1.0,0,20.128831,0.0,2.3e-05,2.3e-05,0.000179,1.0,protocol-fixture,Idealized fill baseline for sensitivity analysis.
trellm-v0.3-protocol,synthetic_high_volatility_c0_v0_3,C0,E0,ideal execution,ideal,risk-parity,131,0.212656,10.802248,-0.032296,1.0,0,19.701645,0.0,2e-05,2e-05,0.000183,1.0,protocol-fixture,Idealized fill baseline for sensitivity analysis.
trellm-v0.3-protocol,synthetic_high_volatility_c0_v0_3,C0,E0,ideal execution,ideal,risk-parity,137,0.139061,6.61883,-0.052713,1.0,0,29.923294,0.0,1.7e-05,1.7e-05,0.000147,1.0,protocol-fixture,Idealized fill baseline for sensitivity analysis.
trellm-v0.3-protocol,synthetic_high_volatility_c0_v0_3,C0,E0,ideal execution,ideal,risk-parity,139,0.292307,18.728739,-0.009812,1.0,0,20.180715,0.0,2.2e-05,2.2e-05,0.000236,1.0,protocol-fixture,Idealized fill baseline for sensitivity analysis.
trellm-v0.3-protocol,synthetic_high_volatility_c0_v0_3,C0,E0,ideal execution,ideal,risk-parity,149,0.259821,10.603535,-0.022661,1.0,0,24.314175,0.0,1.8e-05,1.8e-05,0.000147,1.0,protocol-fixture,Idealized fill baseline for sensitivity analysis.
trellm-v0.3-protocol,synthetic_high_volatility_c0_v0_3,C0,E0,ideal execution,ideal,risk-parity,151,0.273007,18.947922,-0.004902,1.0,0,32.88221,0.0,1.3e-05,1.3e-05,0.000147,1.0,protocol-fixture,Idealized fill baseline for sensitivity analysis.
trellm-v0.3-protocol,synthetic_high_volatility_c0_v0_3,C0,E0,ideal execution,ideal,minimum-variance,7,0.147687,9.844795,-0.020522,1.0,0,31.557761,0.0,1.8e-05,1.8e-05,0.000147,1.0,protocol-fixture,Idealized fill baseline for sensitivity analysis.
trellm-v0.3-protocol,synthetic_high_volatility_c0_v0_3,C0,E0,ideal execution,ideal,minimum-variance,11,0.354761,18.001264,-0.007865,1.0,0,18.189867,0.0,1.5e-05,1.5e-05,0.000147,1.0,protocol-fixture,Idealized fill baseline for sensitivity analysis.
trellm-v0.3-protocol,synthetic_high_volatility_c0_v0_3,C0,E0,ideal execution,ideal,minimum-variance,17,0.22329,11.674131,-0.011274,1.0,0,33.845898,0.0,1.3e-05,1.3e-05,0.000147,1.0,protocol-fixture,Idealized fill baseline for sensitivity analysis.
trellm-v0.3-protocol,synthetic_high_volatility_c0_v0_3,C0,E0,ideal execution,ideal,minimum-variance,23,0.311688,16.794289,-0.009067,1.0,0,33.448184,0.0,1.2e-05,1.2e-05,0.000147,1.0,protocol-fixture,Idealized fill baseline for sensitivity analysis.
trellm-v0.3-protocol,synthetic_high_volatility_c0_v0_3,C0,E0,ideal execution,ideal,minimum-variance,31,0.258711,17.924114,-0.006586,1.0,0,18.917578,0.0,2.4e-05,2.4e-05,0.000281,1.0,protocol-fixture,Idealized fill baseline for sensitivity analysis.
trellm-v0.3-protocol,synthetic_high_volatility_c0_v0_3,C0,E0,ideal execution,ideal,minimum-variance,37,0.450969,25.98856,-0.002588,1.0,0,19.356575,0.0,9e-06,9e-06,0.000147,1.0,protocol-fixture,Idealized fill baseline for sensitivity analysis.
trellm-v0.3-protocol,synthetic_high_volatility_c0_v0_3,C0,E0,ideal execution,ideal,minimum-variance,41,0.198138,12.024373,-0.016064,1.0,0,20.798673,0.0,9e-06,9e-06,0.000147,1.0,protocol-fixture,Idealized fill baseline for sensitivity analysis.
trellm-v0.3-protocol,synthetic_high_volatility_c0_v0_3,C0,E0,ideal execution,ideal,minimum-variance,43,0.316529,18.831916,-0.009085,1.0,0,33.611397,0.0,2e-05,2e-05,0.000168,1.0,protocol-fixture,Idealized fill baseline for sensitivity analysis.
trellm-v0.3-protocol,synthetic_high_volatility_c0_v0_3,C0,E0,ideal execution,ideal,minimum-variance,47,0.248244,14.021929,-0.011569,1.0,0,18.703789,0.0,8e-06,8e-06,0.000147,1.0,protocol-fixture,Idealized fill baseline for sensitivity analysis.
trellm-v0.3-protocol,synthetic_high_volatility_c0_v0_3,C0,E0,ideal execution,ideal,minimum-variance,53,0.173646,8.99648,-0.017079,1.0,0,31.896365,0.0,2.2e-05,2.2e-05,0.000223,1.0,protocol-fixture,Idealized fill baseline for sensitivity analysis.
trellm-v0.3-protocol,synthetic_high_volatility_c0_v0_3,C0,E0,ideal execution,ideal,minimum-variance,59,0.270974,14.514906,-0.008995,1.0,0,33.809697,0.0,2.3e-05,2.3e-05,0.000214,1.0,protocol-fixture,Idealized fill baseline for sensitivity analysis.
trellm-v0.3-protocol,synthetic_high_volatility_c0_v0_3,C0,E0,ideal execution,ideal,minimum-variance,61,0.227503,15.653725,-0.009119,1.0,0,18.136073,0.0,1.5e-05,1.5e-05,0.000147,1.0,protocol-fixture,Idealized fill baseline for sensitivity analysis.
trellm-v0.3-protocol,synthetic_high_volatility_c0_v0_3,C0,E0,ideal execution,ideal,minimum-variance,67,0.223208,10.964008,-0.03079,1.0,0,28.628153,0.0,1.9e-05,1.9e-05,0.000216,1.0,protocol-fixture,Idealized fill baseline for sensitivity analysis.
trellm-v0.3-protocol,synthetic_high_volatility_c0_v0_3,C0,E0,ideal execution,ideal,minimum-variance,71,0.332885,16.507688,-0.011095,1.0,0,33.21444,0.0,1.7e-05,1.7e-05,0.000147,1.0,protocol-fixture,Idealized fill baseline for sensitivity analysis.
trellm-v0.3-protocol,synthetic_high_volatility_c0_v0_3,C0,E0,ideal execution,ideal,minimum-variance,73,0.282356,14.683644,-0.01714,1.0,0,32.19383,0.0,1.9e-05,1.9e-05,0.000167,1.0,protocol-fixture,Idealized fill baseline for sensitivity analysis.
trellm-v0.3-protocol,synthetic_high_volatility_c0_v0_3,C0,E0,ideal execution,ideal,minimum-variance,79,0.170032,11.251504,-0.013287,1.0,0,19.095519,0.0,1e-05,1e-05,0.000147,1.0,protocol-fixture,Idealized fill baseline for sensitivity analysis.
trellm-v0.3-protocol,synthetic_high_volatility_c0_v0_3,C0,E0,ideal execution,ideal,minimum-variance,83,0.196446,11.153285,-0.013181,1.0,0,32.791273,0.0,1.7e-05,1.7e-05,0.000147,1.0,protocol-fixture,Idealized fill baseline for sensitivity analysis.
trellm-v0.3-protocol,synthetic_high_volatility_c0_v0_3,C0,E0,ideal execution,ideal,minimum-variance,89,0.245641,11.487291,-0.012757,1.0,0,18.178493,0.0,1.9e-05,1.9e-05,0.000151,1.0,protocol-fixture,Idealized fill baseline for sensitivity analysis.
trellm-v0.3-protocol,synthetic_high_volatility_c0_v0_3,C0,E0,ideal execution,ideal,minimum-variance,97,0.163613,10.403974,-0.01127,1.0,0,19.863156,0.0,1.4e-05,1.4e-05,0.000147,1.0,protocol-fixture,Idealized fill baseline for sensitivity analysis.
trellm-v0.3-protocol,synthetic_high_volatility_c0_v0_3,C0,E0,ideal execution,ideal,minimum-variance,101,0.124966,8.59969,-0.03254,1.0,0,19.564323,0.0,1.1e-05,1.1e-05,0.000147,1.0,protocol-fixture,Idealized fill baseline for sensitivity analysis.
trellm-v0.3-protocol,synthetic_high_volatility_c0_v0_3,C0,E0,ideal execution,ideal,minimum-variance,103,0.163678,8.95008,-0.019104,1.0,0,24.316081,0.0,1e-05,1e-05,0.000147,1.0,protocol-fixture,Idealized fill baseline for sensitivity analysis.
trellm-v0.3-protocol,synthetic_high_volatility_c0_v0_3,C0,E0,ideal execution,ideal,minimum-variance,107,0.207672,11.046705,-0.012826,1.0,0,33.219834,0.0,2.1e-05,2.1e-05,0.000176,1.0,protocol-fixture,Idealized fill baseline for sensitivity analysis.
trellm-v0.3-protocol,synthetic_high_volatility_c0_v0_3,C0,E0,ideal execution,ideal,minimum-variance,109,0.352143,18.844987,-0.009577,1.0,0,34.957158,0.0,2.5e-05,2.5e-05,0.000147,1.0,protocol-fixture,Idealized fill baseline for sensitivity analysis.
trellm-v0.3-protocol,synthetic_high_volatility_c0_v0_3,C0,E0,ideal execution,ideal,minimum-variance,113,0.220188,12.475928,-0.010213,1.0,0,24.716543,0.0,1e-05,1e-05,0.000147,1.0,protocol-fixture,Idealized fill baseline for sensitivity analysis.
trellm-v0.3-protocol,synthetic_high_volatility_c0_v0_3,C0,E0,ideal execution,ideal,minimum-variance,127,0.317818,16.866934,-0.009726,1.0,0,25.378712,0.0,2.5e-05,2.5e-05,0.000179,1.0,protocol-fixture,Idealized fill baseline for sensitivity analysis.
trellm-v0.3-protocol,synthetic_high_volatility_c0_v0_3,C0,E0,ideal execution,ideal,minimum-variance,131,0.213201,10.832981,-0.031862,1.0,0,18.59053,0.0,2e-05,2e-05,0.000183,1.0,protocol-fixture,Idealized fill baseline for sensitivity analysis.
trellm-v0.3-protocol,synthetic_high_volatility_c0_v0_3,C0,E0,ideal execution,ideal,minimum-variance,137,0.138236,6.581511,-0.053399,1.0,0,22.077477,0.0,1.5e-05,1.5e-05,0.000147,1.0,protocol-fixture,Idealized fill baseline for sensitivity analysis.
trellm-v0.3-protocol,synthetic_high_volatility_c0_v0_3,C0,E0,ideal execution,ideal,minimum-variance,139,0.264923,18.586836,-0.00989,1.0,0,36.361941,0.0,2.7e-05,2.7e-05,0.000236,1.0,protocol-fixture,Idealized fill baseline for sensitivity analysis.
trellm-v0.3-protocol,synthetic_high_volatility_c0_v0_3,C0,E0,ideal execution,ideal,minimum-variance,149,0.259997,10.603565,-0.022661,1.0,0,32.846029,0.0,2e-05,2e-05,0.000147,1.0,protocol-fixture,Idealized fill baseline for sensitivity analysis.
trellm-v0.3-protocol,synthetic_high_volatility_c0_v0_3,C0,E0,ideal execution,ideal,minimum-variance,151,0.285038,20.694339,-0.003198,1.0,0,19.403679,0.0,8e-06,8e-06,0.000147,1.0,protocol-fixture,Idealized fill baseline for sensitivity analysis.
trellm-v0.3-protocol,synthetic_high_volatility_c0_v0_3,C0,E0,ideal execution,ideal,random,7,0.146931,11.741555,-0.006533,1.0,0,158.183166,0.0,3.4e-05,3.4e-05,0.000147,1.0,protocol-fixture,Idealized fill baseline for sensitivity analysis.
trellm-v0.3-protocol,synthetic_high_volatility_c0_v0_3,C0,E0,ideal execution,ideal,random,11,0.235761,12.576047,-0.008269,1.0,0,192.137379,0.0,4.4e-05,4.4e-05,0.000147,1.0,protocol-fixture,Idealized fill baseline for sensitivity analysis.
trellm-v0.3-protocol,synthetic_high_volatility_c0_v0_3,C0,E0,ideal execution,ideal,random,17,0.161439,10.708729,-0.008167,1.0,0,183.62324,0.0,4.1e-05,4.1e-05,0.000147,1.0,protocol-fixture,Idealized fill baseline for sensitivity analysis.
trellm-v0.3-protocol,synthetic_high_volatility_c0_v0_3,C0,E0,ideal execution,ideal,random,23,0.169213,12.715349,-0.00486,1.0,0,173.81292,0.0,4.2e-05,4.2e-05,0.000147,1.0,protocol-fixture,Idealized fill baseline for sensitivity analysis.
trellm-v0.3-protocol,synthetic_high_volatility_c0_v0_3,C0,E0,ideal execution,ideal,random,31,0.206694,16.847457,-0.006906,1.0,0,109.316704,0.0,2.9e-05,2.9e-05,0.000147,1.0,protocol-fixture,Idealized fill baseline for sensitivity analysis.
trellm-v0.3-protocol,synthetic_high_volatility_c0_v0_3,C0,E0,ideal execution,ideal,random,37,0.321252,17.600759,-0.002997,1.0,0,164.188071,0.0,4.6e-05,4.6e-05,0.000201,1.0,protocol-fixture,Idealized fill baseline for sensitivity analysis.
trellm-v0.3-protocol,synthetic_high_volatility_c0_v0_3,C0,E0,ideal execution,ideal,random,41,0.144382,11.376658,-0.008216,1.0,0,198.983104,0.0,4.3e-05,4.3e-05,0.000147,1.0,protocol-fixture,Idealized fill baseline for sensitivity analysis.
trellm-v0.3-protocol,synthetic_high_volatility_c0_v0_3,C0,E0,ideal execution,ideal,random,43,0.235202,15.266195,-0.007828,1.0,0,139.388494,0.0,3.8e-05,3.8e-05,0.000147,1.0,protocol-fixture,Idealized fill baseline for sensitivity analysis.
trellm-v0.3-protocol,synthetic_high_volatility_c0_v0_3,C0,E0,ideal execution,ideal,random,47,0.219499,14.701288,-0.011569,1.0,0,99.56308,0.0,3.1e-05,3.1e-05,0.000147,1.0,protocol-fixture,Idealized fill baseline for sensitivity analysis.
trellm-v0.3-protocol,synthetic_high_volatility_c0_v0_3,C0,E0,ideal execution,ideal,random,53,0.16104,9.434026,-0.018795,1.0,0,123.732461,0.0,3.1e-05,3.1e-05,0.000142,1.0,protocol-fixture,Idealized fill baseline for sensitivity analysis.
trellm-v0.3-protocol,synthetic_high_volatility_c0_v0_3,C0,E0,ideal execution,ideal,random,59,0.236908,12.695835,-0.008499,1.0,0,179.503457,0.0,4.5e-05,4.5e-05,0.000147,1.0,protocol-fixture,Idealized fill baseline for sensitivity analysis.
trellm-v0.3-protocol,synthetic_high_volatility_c0_v0_3,C0,E0,ideal execution,ideal,random,61,0.183648,13.267195,-0.005662,1.0,0,174.791974,0.0,4.5e-05,4.5e-05,0.00015,1.0,protocol-fixture,Idealized fill baseline for sensitivity analysis.
trellm-v0.3-protocol,synthetic_high_volatility_c0_v0_3,C0,E0,ideal execution,ideal,random,67,0.104279,5.804702,-0.032202,1.0,0,194.498033,0.0,4.3e-05,4.3e-05,0.000147,1.0,protocol-fixture,Idealized fill baseline for sensitivity analysis.
trellm-v0.3-protocol,synthetic_high_volatility_c0_v0_3,C0,E0,ideal execution,ideal,random,71,0.152378,10.230653,-0.011411,1.0,0,168.425853,0.0,4.5e-05,4.5e-05,0.000163,1.0,protocol-fixture,Idealized fill baseline for sensitivity analysis.
trellm-v0.3-protocol,synthetic_high_volatility_c0_v0_3,C0,E0,ideal execution,ideal,random,73,0.155646,10.055146,-0.017047,1.0,0,170.779774,0.0,4.2e-05,4.2e-05,0.000147,1.0,protocol-fixture,Idealized fill baseline for sensitivity analysis.
trellm-v0.3-protocol,synthetic_high_volatility_c0_v0_3,C0,E0,ideal execution,ideal,random,79,0.145161,10.53675,-0.013125,1.0,0,150.319388,0.0,3.4e-05,3.4e-05,0.000147,1.0,protocol-fixture,Idealized fill baseline for sensitivity analysis.
trellm-v0.3-protocol,synthetic_high_volatility_c0_v0_3,C0,E0,ideal execution,ideal,random,83,0.132882,8.88111,-0.012022,1.0,0,185.187423,0.0,4.6e-05,4.6e-05,0.000147,1.0,protocol-fixture,Idealized fill baseline for sensitivity analysis.
trellm-v0.3-protocol,synthetic_high_volatility_c0_v0_3,C0,E0,ideal execution,ideal,random,89,0.157834,9.186409,-0.010548,1.0,0,155.13309,0.0,4.1e-05,4.1e-05,0.000147,1.0,protocol-fixture,Idealized fill baseline for sensitivity analysis.
trellm-v0.3-protocol,synthetic_high_volatility_c0_v0_3,C0,E0,ideal execution,ideal,random,97,0.090308,6.948326,-0.015076,1.0,0,194.978492,0.0,4.7e-05,4.7e-05,0.000147,1.0,protocol-fixture,Idealized fill baseline for sensitivity analysis.
trellm-v0.3-protocol,synthetic_high_volatility_c0_v0_3,C0,E0,ideal execution,ideal,random,101,0.05432,5.818352,-0.018135,1.0,0,145.957322,0.0,3.3e-05,3.3e-05,0.000147,1.0,protocol-fixture,Idealized fill baseline for sensitivity analysis.
trellm-v0.3-protocol,synthetic_high_volatility_c0_v0_3,C0,E0,ideal execution,ideal,random,103,0.128999,7.132817,-0.019168,1.0,0,92.086792,0.0,3.1e-05,3.1e-05,0.000147,1.0,protocol-fixture,Idealized fill baseline for sensitivity analysis.
trellm-v0.3-protocol,synthetic_high_volatility_c0_v0_3,C0,E0,ideal execution,ideal,random,107,0.206629,11.938141,-0.012924,1.0,0,96.694908,0.0,2.8e-05,2.8e-05,0.000147,1.0,protocol-fixture,Idealized fill baseline for sensitivity analysis.
trellm-v0.3-protocol,synthetic_high_volatility_c0_v0_3,C0,E0,ideal execution,ideal,random,109,0.226307,12.923436,-0.009987,1.0,0,148.021499,0.0,4.4e-05,4.4e-05,0.000147,1.0,protocol-fixture,Idealized fill baseline for sensitivity analysis.
trellm-v0.3-protocol,synthetic_high_volatility_c0_v0_3,C0,E0,ideal execution,ideal,random,113,0.133581,7.576564,-0.010941,1.0,0,120.311522,0.0,3e-05,3e-05,8e-05,1.0,protocol-fixture,Idealized fill baseline for sensitivity analysis.
trellm-v0.3-protocol,synthetic_high_volatility_c0_v0_3,C0,E0,ideal execution,ideal,random,127,0.223836,13.182955,-0.00021,1.0,0,154.014884,0.0,3.6e-05,3.6e-05,0.000147,1.0,protocol-fixture,Idealized fill baseline for sensitivity analysis.
trellm-v0.3-protocol,synthetic_high_volatility_c0_v0_3,C0,E0,ideal execution,ideal,random,131,0.139755,9.677855,-0.01219,1.0,0,172.741496,0.0,4.1e-05,4.1e-05,0.000147,1.0,protocol-fixture,Idealized fill baseline for sensitivity analysis.
trellm-v0.3-protocol,synthetic_high_volatility_c0_v0_3,C0,E0,ideal execution,ideal,random,137,0.083092,5.874358,-0.022922,1.0,0,107.515245,0.0,3e-05,3e-05,0.000147,1.0,protocol-fixture,Idealized fill baseline for sensitivity analysis.
trellm-v0.3-protocol,synthetic_high_volatility_c0_v0_3,C0,E0,ideal execution,ideal,random,139,0.209579,14.053078,-0.009913,1.0,0,158.224494,0.0,3.5e-05,3.5e-05,0.000147,1.0,protocol-fixture,Idealized fill baseline for sensitivity analysis.
trellm-v0.3-protocol,synthetic_high_volatility_c0_v0_3,C0,E0,ideal execution,ideal,random,149,0.149592,7.535685,-0.016585,1.0,0,204.238468,0.0,5e-05,5e-05,0.000147,1.0,protocol-fixture,Idealized fill baseline for sensitivity analysis.
trellm-v0.3-protocol,synthetic_high_volatility_c0_v0_3,C0,E0,ideal execution,ideal,random,151,0.195837,14.191648,-0.003198,1.0,0,166.991441,0.0,4.1e-05,4.1e-05,0.000147,1.0,protocol-fixture,Idealized fill baseline for sensitivity analysis.
trellm-v0.3-protocol,synthetic_high_volatility_c0_v0_3,C0,E1,paper stress execution,realistic,buy-and-hold,7,0.139016,7.946013,-0.022866,0.916667,2,1461.637241,0.3,0.215907,0.402628,1.0,1.0,protocol-fixture,Default paper-execution stress assumptions used for comparable leaderboard rows.
trellm-v0.3-protocol,synthetic_high_volatility_c0_v0_3,C0,E1,paper stress execution,realistic,buy-and-hold,11,0.355935,16.612658,-0.008109,0.916667,2,2180.170838,0.3,0.227,0.404998,1.0,1.0,protocol-fixture,Default paper-execution stress assumptions used for comparable leaderboard rows.
trellm-v0.3-protocol,synthetic_high_volatility_c0_v0_3,C0,E1,paper stress execution,realistic,buy-and-hold,17,0.170687,8.683623,-0.018106,0.9375,1,1908.695985,0.3,0.220678,0.402825,1.0,1.0,protocol-fixture,Default paper-execution stress assumptions used for comparable leaderboard rows.
trellm-v0.3-protocol,synthetic_high_volatility_c0_v0_3,C0,E1,paper stress execution,realistic,buy-and-hold,23,0.356565,14.39059,-0.004479,0.93617,1,2130.459931,0.3,0.227191,0.410738,1.0,1.0,protocol-fixture,Default paper-execution stress assumptions used for comparable leaderboard rows.
trellm-v0.3-protocol,synthetic_high_volatility_c0_v0_3,C0,E1,paper stress execution,realistic,buy-and-hold,31,0.258634,14.965929,-0.008714,0.914894,3,1554.556371,0.3,0.223147,0.409313,1.0,1.0,protocol-fixture,Default paper-execution stress assumptions used for comparable leaderboard rows.
trellm-v0.3-protocol,synthetic_high_volatility_c0_v0_3,C0,E1,paper stress execution,realistic,buy-and-hold,37,0.427079,18.944662,-0.004964,0.958333,0,2099.207834,0.3,0.228462,0.403551,1.0,1.0,protocol-fixture,Default paper-execution stress assumptions used for comparable leaderboard rows.
trellm-v0.3-protocol,synthetic_high_volatility_c0_v0_3,C0,E1,paper stress execution,realistic,buy-and-hold,41,0.222946,11.639896,-0.021478,0.875,4,1634.919724,0.3,0.231435,0.412125,1.0,1.0,protocol-fixture,Default paper-execution stress assumptions used for comparable leaderboard rows.
trellm-v0.3-protocol,synthetic_high_volatility_c0_v0_3,C0,E1,paper stress execution,realistic,buy-and-hold,43,0.252023,14.349336,-0.017607,0.9375,1,1714.667577,0.3,0.218803,0.396126,1.0,1.0,protocol-fixture,Default paper-execution stress assumptions used for comparable leaderboard rows.
trellm-v0.3-protocol,synthetic_high_volatility_c0_v0_3,C0,E1,paper stress execution,realistic,buy-and-hold,47,0.198364,10.451588,-0.013668,0.93617,1,1776.867614,0.3,0.221839,0.40284,1.0,1.0,protocol-fixture,Default paper-execution stress assumptions used for comparable leaderboard rows.
trellm-v0.3-protocol,synthetic_high_volatility_c0_v0_3,C0,E1,paper stress execution,realistic,buy-and-hold,53,0.1384,8.341365,-0.021442,0.895833,3,1472.73787,0.3,0.221036,0.405966,1.0,1.0,protocol-fixture,Default paper-execution stress assumptions used for comparable leaderboard rows.
trellm-v0.3-protocol,synthetic_high_volatility_c0_v0_3,C0,E1,paper stress execution,realistic,buy-and-hold,59,0.202385,9.985907,-0.016609,0.93617,1,1701.64351,0.3,0.211834,0.389919,1.0,1.0,protocol-fixture,Default paper-execution stress assumptions used for comparable leaderboard rows.
trellm-v0.3-protocol,synthetic_high_volatility_c0_v0_3,C0,E1,paper stress execution,realistic,buy-and-hold,61,0.217886,12.40855,-0.014187,0.93617,1,1286.950824,0.3,0.216111,0.405616,1.0,1.0,protocol-fixture,Default paper-execution stress assumptions used for comparable leaderboard rows.
trellm-v0.3-protocol,synthetic_high_volatility_c0_v0_3,C0,E1,paper stress execution,realistic,buy-and-hold,67,0.244447,8.669985,-0.044061,0.914894,2,1746.922449,0.3,0.225562,0.406847,1.0,1.0,protocol-fixture,Default paper-execution stress assumptions used for comparable leaderboard rows.
trellm-v0.3-protocol,synthetic_high_volatility_c0_v0_3,C0,E1,paper stress execution,realistic,buy-and-hold,71,0.339675,13.70526,-0.013869,0.934783,1,2071.403104,0.3,0.220924,0.405404,1.0,1.0,protocol-fixture,Default paper-execution stress assumptions used for comparable leaderboard rows.
trellm-v0.3-protocol,synthetic_high_volatility_c0_v0_3,C0,E1,paper stress execution,realistic,buy-and-hold,73,0.286734,11.499981,-0.021407,0.916667,2,2044.668936,0.3,0.220612,0.394247,1.0,1.0,protocol-fixture,Default paper-execution stress assumptions used for comparable leaderboard rows.
trellm-v0.3-protocol,synthetic_high_volatility_c0_v0_3,C0,E1,paper stress execution,realistic,buy-and-hold,79,0.145132,7.816749,-0.027438,0.891304,3,1648.558467,0.3,0.225881,0.410803,1.0,1.0,protocol-fixture,Default paper-execution stress assumptions used for comparable leaderboard rows.
trellm-v0.3-protocol,synthetic_high_volatility_c0_v0_3,C0,E1,paper stress execution,realistic,buy-and-hold,83,0.219807,9.282951,-0.012447,0.916667,2,1474.295698,0.3,0.227776,0.409345,1.0,1.0,protocol-fixture,Default paper-execution stress assumptions used for comparable leaderboard rows.
trellm-v0.3-protocol,synthetic_high_volatility_c0_v0_3,C0,E1,paper stress execution,realistic,buy-and-hold,89,0.245715,10.07033,-0.013462,0.93617,1,1644.313954,0.3,0.231202,0.410678,1.0,1.0,protocol-fixture,Default paper-execution stress assumptions used for comparable leaderboard rows.
trellm-v0.3-protocol,synthetic_high_volatility_c0_v0_3,C0,E1,paper stress execution,realistic,buy-and-hold,97,0.170008,8.716527,-0.01727,0.916667,2,1922.963252,0.3,0.23032,0.412443,1.0,1.0,protocol-fixture,Default paper-execution stress assumptions used for comparable leaderboard rows.
trellm-v0.3-protocol,synthetic_high_volatility_c0_v0_3,C0,E1,paper stress execution,realistic,buy-and-hold,101,0.09169,6.013523,-0.031085,0.916667,2,1332.161423,0.3,0.214606,0.386412,1.0,1.0,protocol-fixture,Default paper-execution stress assumptions used for comparable leaderboard rows.
trellm-v0.3-protocol,synthetic_high_volatility_c0_v0_3,C0,E1,paper stress execution,realistic,buy-and-hold,103,0.209524,9.289658,-0.020525,0.895833,3,1786.588119,0.3,0.226138,0.416634,1.0,1.0,protocol-fixture,Default paper-execution stress assumptions used for comparable leaderboard rows.
trellm-v0.3-protocol,synthetic_high_volatility_c0_v0_3,C0,E1,paper stress execution,realistic,buy-and-hold,107,0.202509,9.246257,-0.023225,0.9375,1,1681.062214,0.3,0.227522,0.406939,1.0,1.0,protocol-fixture,Default paper-execution stress assumptions used for comparable leaderboard rows.
trellm-v0.3-protocol,synthetic_high_volatility_c0_v0_3,C0,E1,paper stress execution,realistic,buy-and-hold,109,0.352572,18.912324,-0.002246,0.914894,2,1893.923856,0.3,0.217218,0.405245,1.0,1.0,protocol-fixture,Default paper-execution stress assumptions used for comparable leaderboard rows.
trellm-v0.3-protocol,synthetic_high_volatility_c0_v0_3,C0,E1,paper stress execution,realistic,buy-and-hold,113,0.1803,10.673112,-0.017795,0.9375,1,1581.799832,0.3,0.21612,0.401886,1.0,1.0,protocol-fixture,Default paper-execution stress assumptions used for comparable leaderboard rows.
trellm-v0.3-protocol,synthetic_high_volatility_c0_v0_3,C0,E1,paper stress execution,realistic,buy-and-hold,127,0.265912,15.031321,-0.009899,0.895833,3,1880.736117,0.3,0.22998,0.414367,1.0,1.0,protocol-fixture,Default paper-execution stress assumptions used for comparable leaderboard rows.
trellm-v0.3-protocol,synthetic_high_volatility_c0_v0_3,C0,E1,paper stress execution,realistic,buy-and-hold,131,0.224717,13.085558,-0.010898,0.895833,3,1807.885537,0.3,0.233712,0.409455,1.0,1.0,protocol-fixture,Default paper-execution stress assumptions used for comparable leaderboard rows.
trellm-v0.3-protocol,synthetic_high_volatility_c0_v0_3,C0,E1,paper stress execution,realistic,buy-and-hold,137,0.162156,7.94223,-0.03155,0.895833,3,1641.776984,0.3,0.21806,0.410944,1.0,1.0,protocol-fixture,Default paper-execution stress assumptions used for comparable leaderboard rows.
trellm-v0.3-protocol,synthetic_high_volatility_c0_v0_3,C0,E1,paper stress execution,realistic,buy-and-hold,139,0.255992,13.81054,-0.018991,0.934783,1,1235.080087,0.3,0.221454,0.409523,1.0,1.0,protocol-fixture,Default paper-execution stress assumptions used for comparable leaderboard rows.
trellm-v0.3-protocol,synthetic_high_volatility_c0_v0_3,C0,E1,paper stress execution,realistic,buy-and-hold,149,0.233032,8.588942,-0.032042,0.958333,0,1748.13871,0.3,0.218698,0.404872,1.0,1.0,protocol-fixture,Default paper-execution stress assumptions used for comparable leaderboard rows.
trellm-v0.3-protocol,synthetic_high_volatility_c0_v0_3,C0,E1,paper stress execution,realistic,buy-and-hold,151,0.242116,15.44717,-0.007133,0.914894,2,1882.444514,0.3,0.218238,0.400808,1.0,1.0,protocol-fixture,Default paper-execution stress assumptions used for comparable leaderboard rows.
trellm-v0.3-protocol,synthetic_high_volatility_c0_v0_3,C0,E1,paper stress execution,realistic,signal-weighted,7,0.096534,9.389638,-0.011123,0.941176,0,1217.864146,0.191725,0.182206,0.304664,0.770147,1.0,protocol-fixture,Default paper-execution stress assumptions used for comparable leaderboard rows.
trellm-v0.3-protocol,synthetic_high_volatility_c0_v0_3,C0,E1,paper stress execution,realistic,signal-weighted,11,0.242197,10.128425,-0.003674,0.918919,1,1276.615394,0.508652,0.168669,0.577005,1.195146,1.0,protocol-fixture,Default paper-execution stress assumptions used for comparable leaderboard rows.
trellm-v0.3-protocol,synthetic_high_volatility_c0_v0_3,C0,E1,paper stress execution,realistic,signal-weighted,17,0.150943,6.898932,-0.010415,0.825,5,1474.839189,0.319804,0.235893,0.453029,1.198616,1.0,protocol-fixture,Default paper-execution stress assumptions used for comparable leaderboard rows.
trellm-v0.3-protocol,synthetic_high_volatility_c0_v0_3,C0,E1,paper stress execution,realistic,signal-weighted,23,0.177439,12.783053,-0.004456,0.882353,2,1034.951183,0.387584,0.128545,0.412534,1.106943,1.0,protocol-fixture,Default paper-execution stress assumptions used for comparable leaderboard rows.
trellm-v0.3-protocol,synthetic_high_volatility_c0_v0_3,C0,E1,paper stress execution,realistic,signal-weighted,31,0.139026,10.082014,-0.009726,0.918919,1,1097.022858,0.347975,0.170537,0.420619,1.106552,1.0,protocol-fixture,Default paper-execution stress assumptions used for comparable leaderboard rows.
trellm-v0.3-protocol,synthetic_high_volatility_c0_v0_3,C0,E1,paper stress execution,realistic,signal-weighted,37,0.239856,12.247073,-0.001457,0.891892,2,1233.083759,0.527942,0.172762,0.597083,1.302093,1.0,protocol-fixture,Default paper-execution stress assumptions used for comparable leaderboard rows.
trellm-v0.3-protocol,synthetic_high_volatility_c0_v0_3,C0,E1,paper stress execution,realistic,signal-weighted,41,0.083276,6.157479,-0.014731,0.941176,0,1022.223244,0.273764,0.130588,0.313378,0.779906,1.0,protocol-fixture,Default paper-execution stress assumptions used for comparable leaderboard rows.
trellm-v0.3-protocol,synthetic_high_volatility_c0_v0_3,C0,E1,paper stress execution,realistic,signal-weighted,43,0.233787,13.571849,-0.001664,0.945946,0,1364.795529,0.436017,0.17422,0.508467,1.121386,1.0,protocol-fixture,Default paper-execution stress assumptions used for comparable leaderboard rows.
trellm-v0.3-protocol,synthetic_high_volatility_c0_v0_3,C0,E1,paper stress execution,realistic,signal-weighted,47,0.151261,6.887157,-0.024244,0.871795,3,1526.866427,0.345634,0.220059,0.469786,1.194145,1.0,protocol-fixture,Default paper-execution stress assumptions used for comparable leaderboard rows.
trellm-v0.3-protocol,synthetic_high_volatility_c0_v0_3,C0,E1,paper stress execution,realistic,signal-weighted,53,0.073858,4.815934,-0.015918,0.9,2,1103.760015,0.281879,0.205473,0.415811,1.204012,1.0,protocol-fixture,Default paper-execution stress assumptions used for comparable leaderboard rows.
trellm-v0.3-protocol,synthetic_high_volatility_c0_v0_3,C0,E1,paper stress execution,realistic,signal-weighted,59,0.128319,8.030038,-0.01372,0.875,3,1587.481914,0.35337,0.231104,0.483419,0.97831,1.0,protocol-fixture,Default paper-execution stress assumptions used for comparable leaderboard rows.
trellm-v0.3-protocol,synthetic_high_volatility_c0_v0_3,C0,E1,paper stress execution,realistic,signal-weighted,61,0.08875,7.562275,-0.012638,0.918919,1,1078.616473,0.283674,0.176291,0.375707,1.000604,1.0,protocol-fixture,Default paper-execution stress assumptions used for comparable leaderboard rows.
trellm-v0.3-protocol,synthetic_high_volatility_c0_v0_3,C0,E1,paper stress execution,realistic,signal-weighted,67,0.110502,7.111965,-0.019316,0.918919,1,1103.238446,0.37065,0.172082,0.444297,1.026953,1.0,protocol-fixture,Default paper-execution stress assumptions used for comparable leaderboard rows.
trellm-v0.3-protocol,synthetic_high_volatility_c0_v0_3,C0,E1,paper stress execution,realistic,signal-weighted,71,0.208432,9.535179,-0.006694,0.918919,1,1282.810423,0.444724,0.170036,0.519456,1.222659,1.0,protocol-fixture,Default paper-execution stress assumptions used for comparable leaderboard rows.
trellm-v0.3-protocol,synthetic_high_volatility_c0_v0_3,C0,E1,paper stress execution,realistic,signal-weighted,73,0.13951,10.856108,-0.008027,0.941176,0,856.709866,0.471155,0.126186,0.496496,1.235241,1.0,protocol-fixture,Default paper-execution stress assumptions used for comparable leaderboard rows.
trellm-v0.3-protocol,synthetic_high_volatility_c0_v0_3,C0,E1,paper stress execution,realistic,signal-weighted,79,0.065895,7.183496,-0.004313,0.941176,0,902.497181,0.226173,0.158001,0.306729,0.798979,1.0,protocol-fixture,Default paper-execution stress assumptions used for comparable leaderboard rows.
trellm-v0.3-protocol,synthetic_high_volatility_c0_v0_3,C0,E1,paper stress execution,realistic,signal-weighted,83,0.158976,9.346148,-0.011127,0.918919,1,930.845862,0.207117,0.148085,0.287992,0.848588,1.0,protocol-fixture,Default paper-execution stress assumptions used for comparable leaderboard rows.
trellm-v0.3-protocol,synthetic_high_volatility_c0_v0_3,C0,E1,paper stress execution,realistic,signal-weighted,89,0.162774,9.322214,-0.012039,0.918919,1,1895.73898,0.374726,0.266533,0.443977,1.0196,1.0,protocol-fixture,Default paper-execution stress assumptions used for comparable leaderboard rows.
trellm-v0.3-protocol,synthetic_high_volatility_c0_v0_3,C0,E1,paper stress execution,realistic,signal-weighted,97,0.071945,5.482359,-0.018604,0.864865,3,1640.575517,0.081922,0.241813,0.257621,0.623304,1.0,protocol-fixture,Default paper-execution stress assumptions used for comparable leaderboard rows.
trellm-v0.3-protocol,synthetic_high_volatility_c0_v0_3,C0,E1,paper stress execution,realistic,signal-weighted,101,-0.002447,-0.295905,-0.018317,0.875,2,1103.223802,0.114549,0.212207,0.267876,0.800088,1.0,protocol-fixture,Default paper-execution stress assumptions used for comparable leaderboard rows.
trellm-v0.3-protocol,synthetic_high_volatility_c0_v0_3,C0,E1,paper stress execution,realistic,signal-weighted,103,0.069537,5.587039,-0.011015,0.969697,0,1175.399341,0.264946,0.161277,0.339537,1.000039,1.0,protocol-fixture,Default paper-execution stress assumptions used for comparable leaderboard rows.
trellm-v0.3-protocol,synthetic_high_volatility_c0_v0_3,C0,E1,paper stress execution,realistic,signal-weighted,107,0.087321,6.929134,-0.017586,0.9,2,1516.211218,0.237839,0.275476,0.423643,0.804698,1.0,protocol-fixture,Default paper-execution stress assumptions used for comparable leaderboard rows.
trellm-v0.3-protocol,synthetic_high_volatility_c0_v0_3,C0,E1,paper stress execution,realistic,signal-weighted,109,0.236472,11.077945,-0.000541,0.941176,0,1380.124356,0.416983,0.147701,0.470455,1.170934,1.0,protocol-fixture,Default paper-execution stress assumptions used for comparable leaderboard rows.
trellm-v0.3-protocol,synthetic_high_volatility_c0_v0_3,C0,E1,paper stress execution,realistic,signal-weighted,113,0.193961,11.784546,-0.001322,0.9,2,1919.79511,0.230029,0.26523,0.38685,0.929727,1.0,protocol-fixture,Default paper-execution stress assumptions used for comparable leaderboard rows.
trellm-v0.3-protocol,synthetic_high_volatility_c0_v0_3,C0,E1,paper stress execution,realistic,signal-weighted,127,0.156034,10.507835,-0.000919,0.941176,0,1119.897953,0.488612,0.130025,0.513189,1.189099,1.0,protocol-fixture,Default paper-execution stress assumptions used for comparable leaderboard rows.
trellm-v0.3-protocol,synthetic_high_volatility_c0_v0_3,C0,E1,paper stress execution,realistic,signal-weighted,131,0.137486,8.81225,-0.010268,0.916667,1,1200.365028,0.325261,0.170562,0.42185,1.143475,1.0,protocol-fixture,Default paper-execution stress assumptions used for comparable leaderboard rows.
trellm-v0.3-protocol,synthetic_high_volatility_c0_v0_3,C0,E1,paper stress execution,realistic,signal-weighted,137,0.13953,8.524172,-0.016036,0.941176,0,997.634672,0.276154,0.142447,0.3165,0.91174,1.0,protocol-fixture,Default paper-execution stress assumptions used for comparable leaderboard rows.
trellm-v0.3-protocol,synthetic_high_volatility_c0_v0_3,C0,E1,paper stress execution,realistic,signal-weighted,139,0.175961,11.911606,-0.012173,0.925,1,1252.638183,0.392534,0.216768,0.50702,1.074323,1.0,protocol-fixture,Default paper-execution stress assumptions used for comparable leaderboard rows.
trellm-v0.3-protocol,synthetic_high_volatility_c0_v0_3,C0,E1,paper stress execution,realistic,signal-weighted,149,0.137851,7.746854,-0.020598,0.909091,1,1397.727604,0.304788,0.175115,0.352815,1.183014,1.0,protocol-fixture,Default paper-execution stress assumptions used for comparable leaderboard rows.
trellm-v0.3-protocol,synthetic_high_volatility_c0_v0_3,C0,E1,paper stress execution,realistic,signal-weighted,151,0.172835,10.305128,-0.001678,0.891892,2,1199.443528,0.389503,0.172201,0.459035,1.023783,1.0,protocol-fixture,Default paper-execution stress assumptions used for comparable leaderboard rows.
trellm-v0.3-protocol,synthetic_high_volatility_c0_v0_3,C0,E1,paper stress execution,realistic,naive-momentum,7,0.166438,10.029608,-0.009688,0.921053,1,1967.068716,0.0,0.313325,0.313325,0.667969,1.0,protocol-fixture,Default paper-execution stress assumptions used for comparable leaderboard rows.
trellm-v0.3-protocol,synthetic_high_volatility_c0_v0_3,C0,E1,paper stress execution,realistic,naive-momentum,11,0.297634,17.271901,-0.007949,0.928571,1,2137.714471,0.0,0.255287,0.255287,0.539277,1.0,protocol-fixture,Default paper-execution stress assumptions used for comparable leaderboard rows.
trellm-v0.3-protocol,synthetic_high_volatility_c0_v0_3,C0,E1,paper stress execution,realistic,naive-momentum,17,0.157289,6.915381,-0.015176,0.883721,3,1968.555626,0.0,0.358971,0.358971,0.704178,1.0,protocol-fixture,Default paper-execution stress assumptions used for comparable leaderboard rows.
trellm-v0.3-protocol,synthetic_high_volatility_c0_v0_3,C0,E1,paper stress execution,realistic,naive-momentum,23,0.162116,10.472964,-0.025308,0.902439,2,1859.331659,0.0,0.215981,0.215981,0.487172,1.0,protocol-fixture,Default paper-execution stress assumptions used for comparable leaderboard rows.
trellm-v0.3-protocol,synthetic_high_volatility_c0_v0_3,C0,E1,paper stress execution,realistic,naive-momentum,31,0.229867,12.68466,-0.008238,0.880952,3,2084.87929,0.0,0.262188,0.262188,0.546487,1.0,protocol-fixture,Default paper-execution stress assumptions used for comparable leaderboard rows.
trellm-v0.3-protocol,synthetic_high_volatility_c0_v0_3,C0,E1,paper stress execution,realistic,naive-momentum,37,0.341083,17.409093,-0.006299,0.933333,1,2514.922363,0.0,0.30057,0.30057,0.625908,1.0,protocol-fixture,Default paper-execution stress assumptions used for comparable leaderboard rows.
trellm-v0.3-protocol,synthetic_high_volatility_c0_v0_3,C0,E1,paper stress execution,realistic,naive-momentum,41,0.123163,7.310475,-0.013761,0.948718,1,2265.860903,0.0,0.292978,0.292978,0.542685,1.0,protocol-fixture,Default paper-execution stress assumptions used for comparable leaderboard rows.
trellm-v0.3-protocol,synthetic_high_volatility_c0_v0_3,C0,E1,paper stress execution,realistic,naive-momentum,43,0.186189,12.262323,-0.013015,0.904762,2,1870.455282,0.0,0.255907,0.255907,0.56092,1.0,protocol-fixture,Default paper-execution stress assumptions used for comparable leaderboard rows.
trellm-v0.3-protocol,synthetic_high_volatility_c0_v0_3,C0,E1,paper stress execution,realistic,naive-momentum,47,0.186788,9.280139,-0.024773,0.906977,2,795.54789,0.0,0.14015,0.14015,0.7,1.0,protocol-fixture,Default paper-execution stress assumptions used for comparable leaderboard rows.
trellm-v0.3-protocol,synthetic_high_volatility_c0_v0_3,C0,E1,paper stress execution,realistic,naive-momentum,53,0.096243,6.700955,-0.023588,0.878049,3,1752.84351,0.0,0.277754,0.277754,1.04013,1.0,protocol-fixture,Default paper-execution stress assumptions used for comparable leaderboard rows.
trellm-v0.3-protocol,synthetic_high_volatility_c0_v0_3,C0,E1,paper stress execution,realistic,naive-momentum,59,0.216118,11.624572,-0.007083,0.906977,2,2545.361553,0.0,0.338235,0.338235,0.7,1.0,protocol-fixture,Default paper-execution stress assumptions used for comparable leaderboard rows.
trellm-v0.3-protocol,synthetic_high_volatility_c0_v0_3,C0,E1,paper stress execution,realistic,naive-momentum,61,0.165022,11.44142,-0.012496,0.911111,2,1382.26879,0.0,0.217331,0.217331,0.589875,1.0,protocol-fixture,Default paper-execution stress assumptions used for comparable leaderboard rows.
trellm-v0.3-protocol,synthetic_high_volatility_c0_v0_3,C0,E1,paper stress execution,realistic,naive-momentum,67,0.116436,5.558565,-0.031047,0.863636,4,3305.061986,0.0,0.433385,0.433385,0.730965,1.0,protocol-fixture,Default paper-execution stress assumptions used for comparable leaderboard rows.
trellm-v0.3-protocol,synthetic_high_volatility_c0_v0_3,C0,E1,paper stress execution,realistic,naive-momentum,71,0.269894,11.81386,-0.026394,0.954545,0,2591.910548,0.0,0.332159,0.332159,0.751385,1.0,protocol-fixture,Default paper-execution stress assumptions used for comparable leaderboard rows.
trellm-v0.3-protocol,synthetic_high_volatility_c0_v0_3,C0,E1,paper stress execution,realistic,naive-momentum,73,0.228899,10.075439,-0.016181,0.933333,1,1920.649951,0.0,0.264211,0.264211,0.553279,1.0,protocol-fixture,Default paper-execution stress assumptions used for comparable leaderboard rows.
trellm-v0.3-protocol,synthetic_high_volatility_c0_v0_3,C0,E1,paper stress execution,realistic,naive-momentum,79,0.140934,10.683674,-0.010855,0.926829,1,1796.998653,0.0,0.283589,0.283589,0.546575,1.0,protocol-fixture,Default paper-execution stress assumptions used for comparable leaderboard rows.
trellm-v0.3-protocol,synthetic_high_volatility_c0_v0_3,C0,E1,paper stress execution,realistic,naive-momentum,83,0.156902,8.473161,-0.014165,0.866667,4,2515.17658,0.0,0.389182,0.389182,1.0,1.0,protocol-fixture,Default paper-execution stress assumptions used for comparable leaderboard rows.
trellm-v0.3-protocol,synthetic_high_volatility_c0_v0_3,C0,E1,paper stress execution,realistic,naive-momentum,89,0.17837,10.00031,-0.014149,0.947368,0,1644.214697,0.0,0.239602,0.239602,0.607584,1.0,protocol-fixture,Default paper-execution stress assumptions used for comparable leaderboard rows.
trellm-v0.3-protocol,synthetic_high_volatility_c0_v0_3,C0,E1,paper stress execution,realistic,naive-momentum,97,0.047747,3.602781,-0.016928,0.880952,3,1927.482696,0.0,0.287237,0.287237,0.694869,1.0,protocol-fixture,Default paper-execution stress assumptions used for comparable leaderboard rows.
trellm-v0.3-protocol,synthetic_high_volatility_c0_v0_3,C0,E1,paper stress execution,realistic,naive-momentum,101,0.049193,3.008498,-0.046461,0.851852,2,1744.664417,0.0,0.225793,0.225793,0.646328,1.0,protocol-fixture,Default paper-execution stress assumptions used for comparable leaderboard rows.
trellm-v0.3-protocol,synthetic_high_volatility_c0_v0_3,C0,E1,paper stress execution,realistic,naive-momentum,103,0.161313,8.65596,-0.014141,0.921053,2,1877.070406,0.0,0.298464,0.298464,0.710069,1.0,protocol-fixture,Default paper-execution stress assumptions used for comparable leaderboard rows.
trellm-v0.3-protocol,synthetic_high_volatility_c0_v0_3,C0,E1,paper stress execution,realistic,naive-momentum,107,0.157366,9.527305,-0.013964,0.931818,1,1116.339964,0.0,0.176099,0.176099,0.624314,1.0,protocol-fixture,Default paper-execution stress assumptions used for comparable leaderboard rows.
trellm-v0.3-protocol,synthetic_high_volatility_c0_v0_3,C0,E1,paper stress execution,realistic,naive-momentum,109,0.269655,16.792052,-0.006514,0.904762,2,2588.765975,0.0,0.268467,0.268467,0.493588,1.0,protocol-fixture,Default paper-execution stress assumptions used for comparable leaderboard rows.
trellm-v0.3-protocol,synthetic_high_volatility_c0_v0_3,C0,E1,paper stress execution,realistic,naive-momentum,113,0.114251,5.505821,-0.023198,0.911111,2,2372.917249,0.0,0.317476,0.317476,0.64674,1.0,protocol-fixture,Default paper-execution stress assumptions used for comparable leaderboard rows.
trellm-v0.3-protocol,synthetic_high_volatility_c0_v0_3,C0,E1,paper stress execution,realistic,naive-momentum,127,0.250661,13.274791,-0.004563,0.923077,1,1974.45723,0.0,0.246743,0.246743,0.687882,1.0,protocol-fixture,Default paper-execution stress assumptions used for comparable leaderboard rows.
trellm-v0.3-protocol,synthetic_high_volatility_c0_v0_3,C0,E1,paper stress execution,realistic,naive-momentum,131,0.111402,7.516421,-0.018756,0.909091,1,2156.822427,0.0,0.28946,0.28946,0.704458,1.0,protocol-fixture,Default paper-execution stress assumptions used for comparable leaderboard rows.
trellm-v0.3-protocol,synthetic_high_volatility_c0_v0_3,C0,E1,paper stress execution,realistic,naive-momentum,137,0.134333,8.104296,-0.008733,0.870968,2,1258.88476,0.0,0.162788,0.162788,0.555546,1.0,protocol-fixture,Default paper-execution stress assumptions used for comparable leaderboard rows.
trellm-v0.3-protocol,synthetic_high_volatility_c0_v0_3,C0,E1,paper stress execution,realistic,naive-momentum,139,0.21314,12.580035,-0.010781,0.844444,5,2043.164004,0.0,0.27679,0.27679,0.7,1.0,protocol-fixture,Default paper-execution stress assumptions used for comparable leaderboard rows.
trellm-v0.3-protocol,synthetic_high_volatility_c0_v0_3,C0,E1,paper stress execution,realistic,naive-momentum,149,0.166318,8.88608,-0.023016,0.875,3,2622.410976,0.0,0.346076,0.346076,0.7,1.0,protocol-fixture,Default paper-execution stress assumptions used for comparable leaderboard rows.
trellm-v0.3-protocol,synthetic_high_volatility_c0_v0_3,C0,E1,paper stress execution,realistic,naive-momentum,151,0.223814,14.448095,-0.004243,0.923077,1,1244.73982,0.0,0.19326,0.19326,0.692286,1.0,protocol-fixture,Default paper-execution stress assumptions used for comparable leaderboard rows.
trellm-v0.3-protocol,synthetic_high_volatility_c0_v0_3,C0,E1,paper stress execution,realistic,mean-reversion,7,0.03564,3.118534,-0.012566,0.789474,3,979.402763,0.0,0.13754,0.13754,0.690711,1.0,protocol-fixture,Default paper-execution stress assumptions used for comparable leaderboard rows.
trellm-v0.3-protocol,synthetic_high_volatility_c0_v0_3,C0,E1,paper stress execution,realistic,mean-reversion,11,0.004607,0.546523,-0.0193,0.8,1,336.358708,0.0,0.073536,0.073536,0.708959,1.0,protocol-fixture,Default paper-execution stress assumptions used for comparable leaderboard rows.
trellm-v0.3-protocol,synthetic_high_volatility_c0_v0_3,C0,E1,paper stress execution,realistic,mean-reversion,17,0.113709,5.301094,-0.001952,0.8125,3,1068.273606,0.0,0.178646,0.178646,0.728005,1.0,protocol-fixture,Default paper-execution stress assumptions used for comparable leaderboard rows.
trellm-v0.3-protocol,synthetic_high_volatility_c0_v0_3,C0,E1,paper stress execution,realistic,mean-reversion,23,0.104404,6.042543,-0.007507,0.769231,3,1281.337016,0.0,0.155973,0.155973,0.863326,1.0,protocol-fixture,Default paper-execution stress assumptions used for comparable leaderboard rows.
trellm-v0.3-protocol,synthetic_high_volatility_c0_v0_3,C0,E1,paper stress execution,realistic,mean-reversion,31,0.019691,3.85653,-0.003765,0.833333,1,304.720854,0.0,0.058753,0.058753,0.360079,1.0,protocol-fixture,Default paper-execution stress assumptions used for comparable leaderboard rows.
trellm-v0.3-protocol,synthetic_high_volatility_c0_v0_3,C0,E1,paper stress execution,realistic,mean-reversion,37,-0.007594,-5.785168,-0.007594,0.666667,1,249.749454,0.0,0.045104,0.045104,0.366943,1.0,protocol-fixture,Default paper-execution stress assumptions used for comparable leaderboard rows.
trellm-v0.3-protocol,synthetic_high_volatility_c0_v0_3,C0,E1,paper stress execution,realistic,mean-reversion,41,0.054968,4.895466,-0.014615,0.8,2,937.069397,0.0,0.16139,0.16139,0.711423,1.0,protocol-fixture,Default paper-execution stress assumptions used for comparable leaderboard rows.
trellm-v0.3-protocol,synthetic_high_volatility_c0_v0_3,C0,E1,paper stress execution,realistic,mean-reversion,43,0.013676,1.205788,-0.01738,0.833333,1,566.705268,0.0,0.058227,0.058227,0.360677,1.0,protocol-fixture,Default paper-execution stress assumptions used for comparable leaderboard rows.
trellm-v0.3-protocol,synthetic_high_volatility_c0_v0_3,C0,E1,paper stress execution,realistic,mean-reversion,47,-0.008011,-1.469851,-0.016041,0.833333,1,235.274054,0.0,0.044398,0.044398,0.359847,1.0,protocol-fixture,Default paper-execution stress assumptions used for comparable leaderboard rows.
trellm-v0.3-protocol,synthetic_high_volatility_c0_v0_3,C0,E1,paper stress execution,realistic,mean-reversion,53,0.048488,4.68697,-0.019871,0.736842,3,1013.864186,0.0,0.213493,0.213493,1.075754,1.0,protocol-fixture,Default paper-execution stress assumptions used for comparable leaderboard rows.
trellm-v0.3-protocol,synthetic_high_volatility_c0_v0_3,C0,E1,paper stress execution,realistic,mean-reversion,59,0.008381,3.120988,-0.002379,1.0,0,231.980586,0.0,0.044101,0.044101,0.353503,1.0,protocol-fixture,Default paper-execution stress assumptions used for comparable leaderboard rows.
trellm-v0.3-protocol,synthetic_high_volatility_c0_v0_3,C0,E1,paper stress execution,realistic,mean-reversion,61,0.019466,2.832772,-0.002258,0.666667,1,122.056583,0.0,0.044788,0.044788,0.36957,1.0,protocol-fixture,Default paper-execution stress assumptions used for comparable leaderboard rows.
trellm-v0.3-protocol,synthetic_high_volatility_c0_v0_3,C0,E1,paper stress execution,realistic,mean-reversion,67,0.013851,4.512508,-0.002335,0.777778,2,318.808084,0.0,0.053283,0.053283,0.431855,1.0,protocol-fixture,Default paper-execution stress assumptions used for comparable leaderboard rows.
trellm-v0.3-protocol,synthetic_high_volatility_c0_v0_3,C0,E1,paper stress execution,realistic,mean-reversion,71,0.009669,2.141822,-0.004612,0.666667,1,278.873249,0.0,0.044156,0.044156,0.356076,1.0,protocol-fixture,Default paper-execution stress assumptions used for comparable leaderboard rows.
trellm-v0.3-protocol,synthetic_high_volatility_c0_v0_3,C0,E1,paper stress execution,realistic,mean-reversion,73,0.0337,3.188524,-0.003184,0.8,1,238.567245,0.0,0.05955,0.05955,0.712937,1.0,protocol-fixture,Default paper-execution stress assumptions used for comparable leaderboard rows.
trellm-v0.3-protocol,synthetic_high_volatility_c0_v0_3,C0,E1,paper stress execution,realistic,mean-reversion,79,0.030178,3.114926,-0.010993,0.714286,3,803.679084,0.0,0.187145,0.187145,0.995412,1.0,protocol-fixture,Default paper-execution stress assumptions used for comparable leaderboard rows.
trellm-v0.3-protocol,synthetic_high_volatility_c0_v0_3,C0,E1,paper stress execution,realistic,mean-reversion,83,0.020177,5.573964,-0.003317,0.833333,2,680.221265,0.0,0.134542,0.134542,0.849728,1.0,protocol-fixture,Default paper-execution stress assumptions used for comparable leaderboard rows.
trellm-v0.3-protocol,synthetic_high_volatility_c0_v0_3,C0,E1,paper stress execution,realistic,mean-reversion,89,0.004243,0.470433,-0.021341,0.909091,1,898.505298,0.0,0.117619,0.117619,0.702678,1.0,protocol-fixture,Default paper-execution stress assumptions used for comparable leaderboard rows.
trellm-v0.3-protocol,synthetic_high_volatility_c0_v0_3,C0,E1,paper stress execution,realistic,mean-reversion,97,0.069413,4.85995,-0.021285,0.789474,4,1613.460282,0.0,0.268702,0.268702,0.723848,1.0,protocol-fixture,Default paper-execution stress assumptions used for comparable leaderboard rows.
trellm-v0.3-protocol,synthetic_high_volatility_c0_v0_3,C0,E1,paper stress execution,realistic,mean-reversion,101,0.008813,0.784987,-0.041307,0.888889,2,1376.35004,0.0,0.263732,0.263732,0.704748,1.0,protocol-fixture,Default paper-execution stress assumptions used for comparable leaderboard rows.
trellm-v0.3-protocol,synthetic_high_volatility_c0_v0_3,C0,E1,paper stress execution,realistic,mean-reversion,103,0.016872,1.502911,-0.018184,0.8125,2,673.525038,0.0,0.129451,0.129451,0.7,1.0,protocol-fixture,Default paper-execution stress assumptions used for comparable leaderboard rows.
trellm-v0.3-protocol,synthetic_high_volatility_c0_v0_3,C0,E1,paper stress execution,realistic,mean-reversion,107,0.046049,6.149217,-0.004514,0.727273,3,1037.73915,0.0,0.150065,0.150065,0.718844,1.0,protocol-fixture,Default paper-execution stress assumptions used for comparable leaderboard rows.
trellm-v0.3-protocol,synthetic_high_volatility_c0_v0_3,C0,E1,paper stress execution,realistic,mean-reversion,109,0.037474,4.535891,-0.008664,0.777778,2,621.125931,0.0,0.103476,0.103476,0.364368,1.0,protocol-fixture,Default paper-execution stress assumptions used for comparable leaderboard rows.
trellm-v0.3-protocol,synthetic_high_volatility_c0_v0_3,C0,E1,paper stress execution,realistic,mean-reversion,113,0.045189,5.911279,-0.009749,0.666667,4,1158.202888,0.0,0.195644,0.195644,0.376753,1.0,protocol-fixture,Default paper-execution stress assumptions used for comparable leaderboard rows.
trellm-v0.3-protocol,synthetic_high_volatility_c0_v0_3,C0,E1,paper stress execution,realistic,mean-reversion,127,0.050102,4.789052,-0.000955,0.818182,2,520.092024,0.0,0.087583,0.087583,0.689399,1.0,protocol-fixture,Default paper-execution stress assumptions used for comparable leaderboard rows.
trellm-v0.3-protocol,synthetic_high_volatility_c0_v0_3,C0,E1,paper stress execution,realistic,mean-reversion,131,0.050656,5.909566,-0.007797,0.736842,5,907.340434,0.0,0.171933,0.171933,0.705967,1.0,protocol-fixture,Default paper-execution stress assumptions used for comparable leaderboard rows.
trellm-v0.3-protocol,synthetic_high_volatility_c0_v0_3,C0,E1,paper stress execution,realistic,mean-reversion,137,0.025004,2.743834,-0.028192,0.8,4,906.470522,0.0,0.195097,0.195097,0.707227,1.0,protocol-fixture,Default paper-execution stress assumptions used for comparable leaderboard rows.
trellm-v0.3-protocol,synthetic_high_volatility_c0_v0_3,C0,E1,paper stress execution,realistic,mean-reversion,139,0.009972,2.155951,-0.007801,0.8,1,381.342568,0.0,0.044633,0.044633,0.711233,1.0,protocol-fixture,Default paper-execution stress assumptions used for comparable leaderboard rows.
trellm-v0.3-protocol,synthetic_high_volatility_c0_v0_3,C0,E1,paper stress execution,realistic,mean-reversion,149,0.0198,1.485819,-0.031706,0.857143,2,1007.131962,0.0,0.125072,0.125072,0.781287,1.0,protocol-fixture,Default paper-execution stress assumptions used for comparable leaderboard rows.
trellm-v0.3-protocol,synthetic_high_volatility_c0_v0_3,C0,E1,paper stress execution,realistic,mean-reversion,151,-0.016448,-3.256936,-0.023815,0.875,1,346.121132,0.0,0.057757,0.057757,0.35,1.0,protocol-fixture,Default paper-execution stress assumptions used for comparable leaderboard rows.
trellm-v0.3-protocol,synthetic_high_volatility_c0_v0_3,C0,E1,paper stress execution,realistic,risk-parity,7,0.15034,9.518242,-0.022023,0.9375,1,1631.604809,0.0,0.270111,0.270111,0.7,1.0,protocol-fixture,Default paper-execution stress assumptions used for comparable leaderboard rows.
trellm-v0.3-protocol,synthetic_high_volatility_c0_v0_3,C0,E1,paper stress execution,realistic,risk-parity,11,0.313478,16.306384,-0.008983,0.93617,1,2056.777254,0.0,0.24494,0.24494,0.7,1.0,protocol-fixture,Default paper-execution stress assumptions used for comparable leaderboard rows.
trellm-v0.3-protocol,synthetic_high_volatility_c0_v0_3,C0,E1,paper stress execution,realistic,risk-parity,17,0.21183,8.806865,-0.011232,0.9375,1,1636.481453,0.0,0.223821,0.223821,0.7,1.0,protocol-fixture,Default paper-execution stress assumptions used for comparable leaderboard rows.
trellm-v0.3-protocol,synthetic_high_volatility_c0_v0_3,C0,E1,paper stress execution,realistic,risk-parity,23,0.287168,16.646224,-0.008222,0.916667,2,1785.616681,0.0,0.268823,0.268823,0.7,1.0,protocol-fixture,Default paper-execution stress assumptions used for comparable leaderboard rows.
trellm-v0.3-protocol,synthetic_high_volatility_c0_v0_3,C0,E1,paper stress execution,realistic,risk-parity,31,0.276707,15.003656,-0.006022,0.9375,1,1642.96983,0.0,0.220885,0.220885,0.7,1.0,protocol-fixture,Default paper-execution stress assumptions used for comparable leaderboard rows.
trellm-v0.3-protocol,synthetic_high_volatility_c0_v0_3,C0,E1,paper stress execution,realistic,risk-parity,37,0.367356,20.683814,-0.003138,0.9375,1,2046.895239,0.0,0.228845,0.228845,0.7,1.0,protocol-fixture,Default paper-execution stress assumptions used for comparable leaderboard rows.
trellm-v0.3-protocol,synthetic_high_volatility_c0_v0_3,C0,E1,paper stress execution,realistic,risk-parity,41,0.169176,9.458127,-0.03171,0.916667,2,1557.704321,0.0,0.26026,0.26026,0.7,1.0,protocol-fixture,Default paper-execution stress assumptions used for comparable leaderboard rows.
trellm-v0.3-protocol,synthetic_high_volatility_c0_v0_3,C0,E1,paper stress execution,realistic,risk-parity,43,0.261156,14.427748,-0.006278,0.916667,2,2002.888412,0.0,0.256041,0.256041,0.7,1.0,protocol-fixture,Default paper-execution stress assumptions used for comparable leaderboard rows.
trellm-v0.3-protocol,synthetic_high_volatility_c0_v0_3,C0,E1,paper stress execution,realistic,risk-parity,47,0.217797,10.853619,-0.022285,0.854167,5,1612.88537,0.0,0.253538,0.253538,0.7,1.0,protocol-fixture,Default paper-execution stress assumptions used for comparable leaderboard rows.
trellm-v0.3-protocol,synthetic_high_volatility_c0_v0_3,C0,E1,paper stress execution,realistic,risk-parity,53,0.146658,7.604361,-0.027998,0.9375,1,1818.287296,0.0,0.240174,0.240174,0.7,1.0,protocol-fixture,Default paper-execution stress assumptions used for comparable leaderboard rows.
trellm-v0.3-protocol,synthetic_high_volatility_c0_v0_3,C0,E1,paper stress execution,realistic,risk-parity,59,0.249055,11.946329,-0.00901,0.9375,1,1777.959963,0.0,0.224621,0.224621,0.7,1.0,protocol-fixture,Default paper-execution stress assumptions used for comparable leaderboard rows.
trellm-v0.3-protocol,synthetic_high_volatility_c0_v0_3,C0,E1,paper stress execution,realistic,risk-parity,61,0.210811,9.767089,-0.013078,0.9375,1,1572.269376,0.0,0.234977,0.234977,0.7,1.0,protocol-fixture,Default paper-execution stress assumptions used for comparable leaderboard rows.
trellm-v0.3-protocol,synthetic_high_volatility_c0_v0_3,C0,E1,paper stress execution,realistic,risk-parity,67,0.176035,6.987684,-0.047302,0.914894,2,1436.154289,0.0,0.226925,0.226925,0.7,1.0,protocol-fixture,Default paper-execution stress assumptions used for comparable leaderboard rows.
trellm-v0.3-protocol,synthetic_high_volatility_c0_v0_3,C0,E1,paper stress execution,realistic,risk-parity,71,0.373189,14.87833,-0.009963,0.854167,5,1978.788646,0.0,0.248435,0.248435,0.7,1.0,protocol-fixture,Default paper-execution stress assumptions used for comparable leaderboard rows.
trellm-v0.3-protocol,synthetic_high_volatility_c0_v0_3,C0,E1,paper stress execution,realistic,risk-parity,73,0.232715,11.254407,-0.019968,0.9375,1,1847.892271,0.0,0.251318,0.251318,0.7,1.0,protocol-fixture,Default paper-execution stress assumptions used for comparable leaderboard rows.
trellm-v0.3-protocol,synthetic_high_volatility_c0_v0_3,C0,E1,paper stress execution,realistic,risk-parity,79,0.18218,9.318169,-0.014216,0.875,4,1735.679534,0.0,0.224028,0.224028,0.7,1.0,protocol-fixture,Default paper-execution stress assumptions used for comparable leaderboard rows.
trellm-v0.3-protocol,synthetic_high_volatility_c0_v0_3,C0,E1,paper stress execution,realistic,risk-parity,83,0.163175,9.257519,-0.015577,0.9375,1,1710.462572,0.0,0.2433,0.2433,0.7,1.0,protocol-fixture,Default paper-execution stress assumptions used for comparable leaderboard rows.
trellm-v0.3-protocol,synthetic_high_volatility_c0_v0_3,C0,E1,paper stress execution,realistic,risk-parity,89,0.232747,9.782554,-0.016344,0.9375,1,1548.678859,0.0,0.223679,0.223679,0.7,1.0,protocol-fixture,Default paper-execution stress assumptions used for comparable leaderboard rows.
trellm-v0.3-protocol,synthetic_high_volatility_c0_v0_3,C0,E1,paper stress execution,realistic,risk-parity,97,0.162045,8.897403,-0.01767,0.916667,2,1536.499653,0.0,0.225522,0.225522,0.7,1.0,protocol-fixture,Default paper-execution stress assumptions used for comparable leaderboard rows.
trellm-v0.3-protocol,synthetic_high_volatility_c0_v0_3,C0,E1,paper stress execution,realistic,risk-parity,101,0.089091,5.780744,-0.037323,0.934783,1,1832.747177,0.0,0.236134,0.236134,0.7,1.0,protocol-fixture,Default paper-execution stress assumptions used for comparable leaderboard rows.
trellm-v0.3-protocol,synthetic_high_volatility_c0_v0_3,C0,E1,paper stress execution,realistic,risk-parity,103,0.14925,7.201637,-0.019183,0.893617,3,1779.148221,0.0,0.217188,0.217188,0.7,1.0,protocol-fixture,Default paper-execution stress assumptions used for comparable leaderboard rows.
trellm-v0.3-protocol,synthetic_high_volatility_c0_v0_3,C0,E1,paper stress execution,realistic,risk-parity,107,0.162533,9.527288,-0.0161,0.9375,1,1703.093807,0.0,0.241271,0.241271,0.7,1.0,protocol-fixture,Default paper-execution stress assumptions used for comparable leaderboard rows.
trellm-v0.3-protocol,synthetic_high_volatility_c0_v0_3,C0,E1,paper stress execution,realistic,risk-parity,109,0.355523,20.227967,-0.010471,0.9375,1,2046.146758,0.0,0.243216,0.243216,0.7,1.0,protocol-fixture,Default paper-execution stress assumptions used for comparable leaderboard rows.
trellm-v0.3-protocol,synthetic_high_volatility_c0_v0_3,C0,E1,paper stress execution,realistic,risk-parity,113,0.196353,13.539146,-0.015347,0.916667,2,1674.245578,0.0,0.241645,0.241645,0.7,1.0,protocol-fixture,Default paper-execution stress assumptions used for comparable leaderboard rows.
trellm-v0.3-protocol,synthetic_high_volatility_c0_v0_3,C0,E1,paper stress execution,realistic,risk-parity,127,0.285118,16.429627,-0.00184,0.893617,3,1612.355507,0.0,0.225735,0.225735,0.7,1.0,protocol-fixture,Default paper-execution stress assumptions used for comparable leaderboard rows.
trellm-v0.3-protocol,synthetic_high_volatility_c0_v0_3,C0,E1,paper stress execution,realistic,risk-parity,131,0.178223,8.74806,-0.029336,0.93617,1,1945.105786,0.0,0.221154,0.221154,0.7,1.0,protocol-fixture,Default paper-execution stress assumptions used for comparable leaderboard rows.
trellm-v0.3-protocol,synthetic_high_volatility_c0_v0_3,C0,E1,paper stress execution,realistic,risk-parity,137,0.133942,6.533325,-0.030103,0.9375,1,1780.828963,0.0,0.289264,0.289264,0.7,1.0,protocol-fixture,Default paper-execution stress assumptions used for comparable leaderboard rows.
trellm-v0.3-protocol,synthetic_high_volatility_c0_v0_3,C0,E1,paper stress execution,realistic,risk-parity,139,0.238297,15.131188,-0.011636,0.9375,1,1619.507493,0.0,0.228849,0.228849,0.7,1.0,protocol-fixture,Default paper-execution stress assumptions used for comparable leaderboard rows.
trellm-v0.3-protocol,synthetic_high_volatility_c0_v0_3,C0,E1,paper stress execution,realistic,risk-parity,149,0.267748,8.70838,-0.025862,0.9375,1,2090.035833,0.0,0.250694,0.250694,0.7,1.0,protocol-fixture,Default paper-execution stress assumptions used for comparable leaderboard rows.
trellm-v0.3-protocol,synthetic_high_volatility_c0_v0_3,C0,E1,paper stress execution,realistic,risk-parity,151,0.249641,16.922606,-0.005387,0.93617,1,1578.846801,0.0,0.232901,0.232901,0.7,1.0,protocol-fixture,Default paper-execution stress assumptions used for comparable leaderboard rows.
trellm-v0.3-protocol,synthetic_high_volatility_c0_v0_3,C0,E1,paper stress execution,realistic,minimum-variance,7,0.142342,9.08604,-0.022023,0.911111,2,1668.588954,0.0,0.281061,0.281061,0.7,1.0,protocol-fixture,Default paper-execution stress assumptions used for comparable leaderboard rows.
trellm-v0.3-protocol,synthetic_high_volatility_c0_v0_3,C0,E1,paper stress execution,realistic,minimum-variance,11,0.32722,16.985132,-0.00804,0.9375,1,1841.726025,0.0,0.218562,0.218562,0.7,1.0,protocol-fixture,Default paper-execution stress assumptions used for comparable leaderboard rows.
trellm-v0.3-protocol,synthetic_high_volatility_c0_v0_3,C0,E1,paper stress execution,realistic,minimum-variance,17,0.189386,10.293811,-0.0145,0.9375,1,1532.908366,0.0,0.24203,0.24203,0.7,1.0,protocol-fixture,Default paper-execution stress assumptions used for comparable leaderboard rows.
trellm-v0.3-protocol,synthetic_high_volatility_c0_v0_3,C0,E1,paper stress execution,realistic,minimum-variance,23,0.307761,11.832864,-0.027917,0.893617,3,1711.824691,0.0,0.23267,0.23267,0.7,1.0,protocol-fixture,Default paper-execution stress assumptions used for comparable leaderboard rows.
trellm-v0.3-protocol,synthetic_high_volatility_c0_v0_3,C0,E1,paper stress execution,realistic,minimum-variance,31,0.27756,14.926694,-0.006009,0.957447,1,1648.422924,0.0,0.221937,0.221937,0.7,1.0,protocol-fixture,Default paper-execution stress assumptions used for comparable leaderboard rows.
trellm-v0.3-protocol,synthetic_high_volatility_c0_v0_3,C0,E1,paper stress execution,realistic,minimum-variance,37,0.367498,19.60842,-0.00307,0.9375,1,2045.895558,0.0,0.217278,0.217278,0.7,1.0,protocol-fixture,Default paper-execution stress assumptions used for comparable leaderboard rows.
trellm-v0.3-protocol,synthetic_high_volatility_c0_v0_3,C0,E1,paper stress execution,realistic,minimum-variance,41,0.186027,10.244475,-0.023772,0.9375,1,1481.74153,0.0,0.234054,0.234054,0.7,1.0,protocol-fixture,Default paper-execution stress assumptions used for comparable leaderboard rows.
trellm-v0.3-protocol,synthetic_high_volatility_c0_v0_3,C0,E1,paper stress execution,realistic,minimum-variance,43,0.279252,13.392365,-0.013943,0.895833,3,2374.77687,0.0,0.276719,0.276719,0.7,1.0,protocol-fixture,Default paper-execution stress assumptions used for comparable leaderboard rows.
trellm-v0.3-protocol,synthetic_high_volatility_c0_v0_3,C0,E1,paper stress execution,realistic,minimum-variance,47,0.219625,11.232523,-0.027235,0.93617,1,1356.226156,0.0,0.21369,0.21369,0.7,1.0,protocol-fixture,Default paper-execution stress assumptions used for comparable leaderboard rows.
trellm-v0.3-protocol,synthetic_high_volatility_c0_v0_3,C0,E1,paper stress execution,realistic,minimum-variance,53,0.17038,8.540158,-0.01885,0.9375,1,1754.206105,0.0,0.23654,0.23654,0.7,1.0,protocol-fixture,Default paper-execution stress assumptions used for comparable leaderboard rows.
trellm-v0.3-protocol,synthetic_high_volatility_c0_v0_3,C0,E1,paper stress execution,realistic,minimum-variance,59,0.230797,11.942014,-0.008629,0.911111,2,1933.589773,0.0,0.25015,0.25015,0.7,1.0,protocol-fixture,Default paper-execution stress assumptions used for comparable leaderboard rows.
trellm-v0.3-protocol,synthetic_high_volatility_c0_v0_3,C0,E1,paper stress execution,realistic,minimum-variance,61,0.214188,9.704769,-0.012793,0.93617,1,1573.275241,0.0,0.23221,0.23221,0.7,1.0,protocol-fixture,Default paper-execution stress assumptions used for comparable leaderboard rows.
trellm-v0.3-protocol,synthetic_high_volatility_c0_v0_3,C0,E1,paper stress execution,realistic,minimum-variance,67,0.167372,6.934356,-0.047548,0.9375,1,1168.48979,0.0,0.201187,0.201187,0.7,1.0,protocol-fixture,Default paper-execution stress assumptions used for comparable leaderboard rows.
trellm-v0.3-protocol,synthetic_high_volatility_c0_v0_3,C0,E1,paper stress execution,realistic,minimum-variance,71,0.375668,14.906367,-0.009778,0.914894,2,1743.263599,0.0,0.238217,0.238217,0.7,1.0,protocol-fixture,Default paper-execution stress assumptions used for comparable leaderboard rows.
trellm-v0.3-protocol,synthetic_high_volatility_c0_v0_3,C0,E1,paper stress execution,realistic,minimum-variance,73,0.191043,9.339468,-0.019968,0.916667,2,2306.946456,0.0,0.325104,0.325104,0.7,1.0,protocol-fixture,Default paper-execution stress assumptions used for comparable leaderboard rows.
trellm-v0.3-protocol,synthetic_high_volatility_c0_v0_3,C0,E1,paper stress execution,realistic,minimum-variance,79,0.18218,9.318169,-0.014216,0.875,4,1735.679534,0.0,0.224028,0.224028,0.7,1.0,protocol-fixture,Default paper-execution stress assumptions used for comparable leaderboard rows.
trellm-v0.3-protocol,synthetic_high_volatility_c0_v0_3,C0,E1,paper stress execution,realistic,minimum-variance,83,0.161301,9.114137,-0.015889,0.914894,2,2203.296145,0.0,0.327224,0.327224,0.7,1.0,protocol-fixture,Default paper-execution stress assumptions used for comparable leaderboard rows.
trellm-v0.3-protocol,synthetic_high_volatility_c0_v0_3,C0,E1,paper stress execution,realistic,minimum-variance,89,0.221809,9.369976,-0.018478,0.916667,2,1381.804155,0.0,0.214636,0.214636,0.7,1.0,protocol-fixture,Default paper-execution stress assumptions used for comparable leaderboard rows.
trellm-v0.3-protocol,synthetic_high_volatility_c0_v0_3,C0,E1,paper stress execution,realistic,minimum-variance,97,0.163167,8.775675,-0.019637,0.9375,1,1526.101201,0.0,0.223302,0.223302,0.7,1.0,protocol-fixture,Default paper-execution stress assumptions used for comparable leaderboard rows.
trellm-v0.3-protocol,synthetic_high_volatility_c0_v0_3,C0,E1,paper stress execution,realistic,minimum-variance,101,0.089944,5.833104,-0.038544,0.9375,1,1809.29954,0.0,0.234159,0.234159,0.7,1.0,protocol-fixture,Default paper-execution stress assumptions used for comparable leaderboard rows.
trellm-v0.3-protocol,synthetic_high_volatility_c0_v0_3,C0,E1,paper stress execution,realistic,minimum-variance,103,0.176565,8.646968,-0.016579,0.895833,3,1823.601189,0.0,0.238075,0.238075,0.7,1.0,protocol-fixture,Default paper-execution stress assumptions used for comparable leaderboard rows.
trellm-v0.3-protocol,synthetic_high_volatility_c0_v0_3,C0,E1,paper stress execution,realistic,minimum-variance,107,0.150751,8.942485,-0.018001,0.9375,1,1712.839319,0.0,0.250712,0.250712,0.7,1.0,protocol-fixture,Default paper-execution stress assumptions used for comparable leaderboard rows.
trellm-v0.3-protocol,synthetic_high_volatility_c0_v0_3,C0,E1,paper stress execution,realistic,minimum-variance,109,0.2902,14.26873,-0.014703,0.93617,1,2664.945734,0.0,0.308993,0.308993,0.7,1.0,protocol-fixture,Default paper-execution stress assumptions used for comparable leaderboard rows.
trellm-v0.3-protocol,synthetic_high_volatility_c0_v0_3,C0,E1,paper stress execution,realistic,minimum-variance,113,0.20277,13.345618,-0.015775,0.93617,1,1624.614989,0.0,0.235123,0.235123,0.7,1.0,protocol-fixture,Default paper-execution stress assumptions used for comparable leaderboard rows.
trellm-v0.3-protocol,synthetic_high_volatility_c0_v0_3,C0,E1,paper stress execution,realistic,minimum-variance,127,0.26658,15.392672,-0.002723,0.854167,5,1781.733122,0.0,0.24948,0.24948,0.7,1.0,protocol-fixture,Default paper-execution stress assumptions used for comparable leaderboard rows.
trellm-v0.3-protocol,synthetic_high_volatility_c0_v0_3,C0,E1,paper stress execution,realistic,minimum-variance,131,0.177639,8.600783,-0.029167,0.893617,3,2016.345633,0.0,0.224859,0.224859,0.7,1.0,protocol-fixture,Default paper-execution stress assumptions used for comparable leaderboard rows.
trellm-v0.3-protocol,synthetic_high_volatility_c0_v0_3,C0,E1,paper stress execution,realistic,minimum-variance,137,0.149011,7.686366,-0.031518,0.9375,1,1866.110419,0.0,0.252184,0.252184,0.7,1.0,protocol-fixture,Default paper-execution stress assumptions used for comparable leaderboard rows.
trellm-v0.3-protocol,synthetic_high_volatility_c0_v0_3,C0,E1,paper stress execution,realistic,minimum-variance,139,0.204173,14.117048,-0.011623,0.893617,3,1764.312362,0.0,0.249074,0.249074,0.7,1.0,protocol-fixture,Default paper-execution stress assumptions used for comparable leaderboard rows.
trellm-v0.3-protocol,synthetic_high_volatility_c0_v0_3,C0,E1,paper stress execution,realistic,minimum-variance,149,0.265862,8.482631,-0.029052,0.875,4,2537.8461,0.0,0.29896,0.29896,0.7,1.0,protocol-fixture,Default paper-execution stress assumptions used for comparable leaderboard rows.
trellm-v0.3-protocol,synthetic_high_volatility_c0_v0_3,C0,E1,paper stress execution,realistic,minimum-variance,151,0.243276,16.910757,-0.004988,0.9375,1,1607.513922,0.0,0.230384,0.230384,0.7,1.0,protocol-fixture,Default paper-execution stress assumptions used for comparable leaderboard rows.
trellm-v0.3-protocol,synthetic_high_volatility_c0_v0_3,C0,E1,paper stress execution,realistic,random,7,0.127639,8.620784,-0.019044,0.911111,2,1932.309662,0.0,0.406393,0.406393,1.0,1.0,protocol-fixture,Default paper-execution stress assumptions used for comparable leaderboard rows.
trellm-v0.3-protocol,synthetic_high_volatility_c0_v0_3,C0,E1,paper stress execution,realistic,random,11,0.245738,11.365309,-0.00281,0.893617,3,2643.466729,0.0,0.402715,0.402715,1.0,1.0,protocol-fixture,Default paper-execution stress assumptions used for comparable leaderboard rows.
trellm-v0.3-protocol,synthetic_high_volatility_c0_v0_3,C0,E1,paper stress execution,realistic,random,17,0.094588,5.511183,-0.019592,0.840909,5,2520.710364,0.0,0.421347,0.421347,0.7,1.0,protocol-fixture,Default paper-execution stress assumptions used for comparable leaderboard rows.
trellm-v0.3-protocol,synthetic_high_volatility_c0_v0_3,C0,E1,paper stress execution,realistic,random,23,0.152882,9.46402,-0.006677,0.820513,5,2118.609682,0.0,0.38858,0.38858,0.705223,1.0,protocol-fixture,Default paper-execution stress assumptions used for comparable leaderboard rows.
trellm-v0.3-protocol,synthetic_high_volatility_c0_v0_3,C0,E1,paper stress execution,realistic,random,31,0.163555,13.973694,-0.006932,0.926829,1,1835.114344,0.0,0.263531,0.263531,0.692911,1.0,protocol-fixture,Default paper-execution stress assumptions used for comparable leaderboard rows.
trellm-v0.3-protocol,synthetic_high_volatility_c0_v0_3,C0,E1,paper stress execution,realistic,random,37,0.249877,11.757215,-0.005291,0.829787,6,2698.000284,0.0,0.416544,0.416544,1.0,1.0,protocol-fixture,Default paper-execution stress assumptions used for comparable leaderboard rows.
trellm-v0.3-protocol,synthetic_high_volatility_c0_v0_3,C0,E1,paper stress execution,realistic,random,41,0.09056,6.838377,-0.030529,0.914894,2,2429.504895,0.0,0.436944,0.436944,1.0,1.0,protocol-fixture,Default paper-execution stress assumptions used for comparable leaderboard rows.
trellm-v0.3-protocol,synthetic_high_volatility_c0_v0_3,C0,E1,paper stress execution,realistic,random,43,0.21166,12.748466,-0.011708,0.909091,2,2442.590948,0.0,0.368959,0.368959,0.701696,1.0,protocol-fixture,Default paper-execution stress assumptions used for comparable leaderboard rows.
trellm-v0.3-protocol,synthetic_high_volatility_c0_v0_3,C0,E1,paper stress execution,realistic,random,47,0.159921,9.070713,-0.018676,0.895833,3,1511.636415,0.0,0.295532,0.295532,1.0,1.0,protocol-fixture,Default paper-execution stress assumptions used for comparable leaderboard rows.
trellm-v0.3-protocol,synthetic_high_volatility_c0_v0_3,C0,E1,paper stress execution,realistic,random,53,0.116233,5.909877,-0.019277,0.854167,5,2100.049515,0.0,0.366023,0.366023,1.0,1.0,protocol-fixture,Default paper-execution stress assumptions used for comparable leaderboard rows.
trellm-v0.3-protocol,synthetic_high_volatility_c0_v0_3,C0,E1,paper stress execution,realistic,random,59,0.160031,8.118902,-0.010008,0.869565,4,2640.985489,0.0,0.462229,0.462229,0.75389,1.0,protocol-fixture,Default paper-execution stress assumptions used for comparable leaderboard rows.
trellm-v0.3-protocol,synthetic_high_volatility_c0_v0_3,C0,E1,paper stress execution,realistic,random,61,0.103238,6.134682,-0.014488,0.866667,4,1869.637173,0.0,0.372043,0.372043,1.0,1.0,protocol-fixture,Default paper-execution stress assumptions used for comparable leaderboard rows.
trellm-v0.3-protocol,synthetic_high_volatility_c0_v0_3,C0,E1,paper stress execution,realistic,random,67,0.086135,4.504623,-0.036235,0.690476,11,2687.005785,0.0,0.377231,0.377231,1.0,1.0,protocol-fixture,Default paper-execution stress assumptions used for comparable leaderboard rows.
trellm-v0.3-protocol,synthetic_high_volatility_c0_v0_3,C0,E1,paper stress execution,realistic,random,71,0.146253,7.005312,-0.020679,0.833333,6,3479.834056,0.0,0.456531,0.456531,1.0,1.0,protocol-fixture,Default paper-execution stress assumptions used for comparable leaderboard rows.
trellm-v0.3-protocol,synthetic_high_volatility_c0_v0_3,C0,E1,paper stress execution,realistic,random,73,0.139272,8.140675,-0.019968,0.888889,3,2282.407526,0.0,0.381261,0.381261,0.7,1.0,protocol-fixture,Default paper-execution stress assumptions used for comparable leaderboard rows.
trellm-v0.3-protocol,synthetic_high_volatility_c0_v0_3,C0,E1,paper stress execution,realistic,random,79,0.124305,8.787888,-0.009383,0.804348,7,2313.055926,0.0,0.418409,0.418409,1.0,1.0,protocol-fixture,Default paper-execution stress assumptions used for comparable leaderboard rows.
trellm-v0.3-protocol,synthetic_high_volatility_c0_v0_3,C0,E1,paper stress execution,realistic,random,83,0.112135,6.956684,-0.012759,0.804348,7,2720.689556,0.0,0.462359,0.462359,0.97039,1.0,protocol-fixture,Default paper-execution stress assumptions used for comparable leaderboard rows.
trellm-v0.3-protocol,synthetic_high_volatility_c0_v0_3,C0,E1,paper stress execution,realistic,random,89,0.119714,6.447227,-0.024482,0.883721,3,1600.736991,0.0,0.300715,0.300715,1.0,1.0,protocol-fixture,Default paper-execution stress assumptions used for comparable leaderboard rows.
trellm-v0.3-protocol,synthetic_high_volatility_c0_v0_3,C0,E1,paper stress execution,realistic,random,97,0.075493,5.538841,-0.019215,0.837209,5,2267.247463,0.0,0.370227,0.370227,1.0,1.0,protocol-fixture,Default paper-execution stress assumptions used for comparable leaderboard rows.
trellm-v0.3-protocol,synthetic_high_volatility_c0_v0_3,C0,E1,paper stress execution,realistic,random,101,0.012301,1.047919,-0.041745,0.7,10,2104.039544,0.0,0.358191,0.358191,1.0,1.0,protocol-fixture,Default paper-execution stress assumptions used for comparable leaderboard rows.
trellm-v0.3-protocol,synthetic_high_volatility_c0_v0_3,C0,E1,paper stress execution,realistic,random,103,0.1089,5.660602,-0.020546,0.833333,6,2323.665925,0.0,0.300277,0.300277,0.7,1.0,protocol-fixture,Default paper-execution stress assumptions used for comparable leaderboard rows.
trellm-v0.3-protocol,synthetic_high_volatility_c0_v0_3,C0,E1,paper stress execution,realistic,random,107,0.131686,7.630761,-0.015239,0.833333,6,2627.734497,0.0,0.392358,0.392358,1.0,1.0,protocol-fixture,Default paper-execution stress assumptions used for comparable leaderboard rows.
trellm-v0.3-protocol,synthetic_high_volatility_c0_v0_3,C0,E1,paper stress execution,realistic,random,109,0.210275,13.323899,-0.003893,0.847826,5,2720.051142,0.0,0.41236,0.41236,0.795163,1.0,protocol-fixture,Default paper-execution stress assumptions used for comparable leaderboard rows.
trellm-v0.3-protocol,synthetic_high_volatility_c0_v0_3,C0,E1,paper stress execution,realistic,random,113,0.134747,9.806678,-0.010901,0.934783,1,2609.161466,0.0,0.360706,0.360706,0.948405,1.0,protocol-fixture,Default paper-execution stress assumptions used for comparable leaderboard rows.
trellm-v0.3-protocol,synthetic_high_volatility_c0_v0_3,C0,E1,paper stress execution,realistic,random,127,0.256991,12.037586,-0.01084,0.904762,2,1958.976821,0.0,0.323157,0.323157,0.7,1.0,protocol-fixture,Default paper-execution stress assumptions used for comparable leaderboard rows.
trellm-v0.3-protocol,synthetic_high_volatility_c0_v0_3,C0,E1,paper stress execution,realistic,random,131,0.102658,5.930941,-0.025684,0.731707,9,2284.373075,0.0,0.393989,0.393989,1.0,1.0,protocol-fixture,Default paper-execution stress assumptions used for comparable leaderboard rows.
trellm-v0.3-protocol,synthetic_high_volatility_c0_v0_3,C0,E1,paper stress execution,realistic,random,137,0.080454,4.067734,-0.026665,0.840909,5,2337.67349,0.0,0.337238,0.337238,0.894758,1.0,protocol-fixture,Default paper-execution stress assumptions used for comparable leaderboard rows.
trellm-v0.3-protocol,synthetic_high_volatility_c0_v0_3,C0,E1,paper stress execution,realistic,random,139,0.190524,10.585803,-0.010781,0.909091,2,2011.535278,0.0,0.387595,0.387595,0.861235,1.0,protocol-fixture,Default paper-execution stress assumptions used for comparable leaderboard rows.
trellm-v0.3-protocol,synthetic_high_volatility_c0_v0_3,C0,E1,paper stress execution,realistic,random,149,0.142689,6.442167,-0.030421,0.857143,4,2527.295214,0.0,0.447165,0.447165,1.0,1.0,protocol-fixture,Default paper-execution stress assumptions used for comparable leaderboard rows.
trellm-v0.3-protocol,synthetic_high_volatility_c0_v0_3,C0,E1,paper stress execution,realistic,random,151,0.142678,10.553461,-0.004765,0.833333,6,2833.910276,0.0,0.464735,0.464735,0.814223,1.0,protocol-fixture,Default paper-execution stress assumptions used for comparable leaderboard rows.
trellm-v0.3-protocol,synthetic_high_volatility_c0_v0_3,C0,E2,harsh friction sweep corner,realistic,buy-and-hold,7,0.191453,9.179227,-0.016527,0.6875,9,1772.346786,0.3,0.367222,0.505259,1.0,1.0,protocol-fixture,Stress corner for execution-friction sensitivity; not calibrated cost prediction.
trellm-v0.3-protocol,synthetic_high_volatility_c0_v0_3,C0,E2,harsh friction sweep corner,realistic,buy-and-hold,11,0.229832,12.092352,-0.014111,0.5625,15,1778.390352,0.3,0.336386,0.512422,1.0,1.0,protocol-fixture,Stress corner for execution-friction sensitivity; not calibrated cost prediction.
trellm-v0.3-protocol,synthetic_high_volatility_c0_v0_3,C0,E2,harsh friction sweep corner,realistic,buy-and-hold,17,0.131132,6.358297,-0.024596,0.543478,15,1613.191995,0.3,0.317369,0.505755,1.0,1.0,protocol-fixture,Stress corner for execution-friction sensitivity; not calibrated cost prediction.
trellm-v0.3-protocol,synthetic_high_volatility_c0_v0_3,C0,E2,harsh friction sweep corner,realistic,buy-and-hold,23,0.214247,10.185175,-0.030181,0.625,12,1979.547483,0.3,0.382422,0.513537,1.0,1.0,protocol-fixture,Stress corner for execution-friction sensitivity; not calibrated cost prediction.
trellm-v0.3-protocol,synthetic_high_volatility_c0_v0_3,C0,E2,harsh friction sweep corner,realistic,buy-and-hold,31,0.234422,13.836987,-0.010464,0.583333,14,1648.255271,0.3,0.325047,0.503045,1.0,1.0,protocol-fixture,Stress corner for execution-friction sensitivity; not calibrated cost prediction.
trellm-v0.3-protocol,synthetic_high_volatility_c0_v0_3,C0,E2,harsh friction sweep corner,realistic,buy-and-hold,37,0.402683,17.931919,-0.004488,0.617021,12,1479.624265,0.3,0.315092,0.500142,1.0,1.0,protocol-fixture,Stress corner for execution-friction sensitivity; not calibrated cost prediction.
trellm-v0.3-protocol,synthetic_high_volatility_c0_v0_3,C0,E2,harsh friction sweep corner,realistic,buy-and-hold,41,0.195007,9.834511,-0.018322,0.583333,14,1665.315864,0.3,0.340988,0.508081,1.0,1.0,protocol-fixture,Stress corner for execution-friction sensitivity; not calibrated cost prediction.
trellm-v0.3-protocol,synthetic_high_volatility_c0_v0_3,C0,E2,harsh friction sweep corner,realistic,buy-and-hold,43,0.284733,13.074652,-0.015076,0.604167,13,1801.572391,0.3,0.315745,0.503521,1.0,1.0,protocol-fixture,Stress corner for execution-friction sensitivity; not calibrated cost prediction.
trellm-v0.3-protocol,synthetic_high_volatility_c0_v0_3,C0,E2,harsh friction sweep corner,realistic,buy-and-hold,47,0.166175,7.84653,-0.018134,0.708333,8,1596.673364,0.3,0.322459,0.495717,1.0,1.0,protocol-fixture,Stress corner for execution-friction sensitivity; not calibrated cost prediction.
trellm-v0.3-protocol,synthetic_high_volatility_c0_v0_3,C0,E2,harsh friction sweep corner,realistic,buy-and-hold,53,0.155891,7.755218,-0.015803,0.5625,15,1643.068937,0.3,0.322862,0.504414,1.0,1.0,protocol-fixture,Stress corner for execution-friction sensitivity; not calibrated cost prediction.
trellm-v0.3-protocol,synthetic_high_volatility_c0_v0_3,C0,E2,harsh friction sweep corner,realistic,buy-and-hold,59,0.224516,10.598589,-0.012732,0.604167,13,1627.854509,0.3,0.319384,0.505274,1.0,1.0,protocol-fixture,Stress corner for execution-friction sensitivity; not calibrated cost prediction.
trellm-v0.3-protocol,synthetic_high_volatility_c0_v0_3,C0,E2,harsh friction sweep corner,realistic,buy-and-hold,61,0.150513,9.661215,-0.013762,0.625,12,1380.413301,0.3,0.321152,0.504573,1.0,1.0,protocol-fixture,Stress corner for execution-friction sensitivity; not calibrated cost prediction.
trellm-v0.3-protocol,synthetic_high_volatility_c0_v0_3,C0,E2,harsh friction sweep corner,realistic,buy-and-hold,67,0.163848,8.23647,-0.017386,0.604167,13,1609.942708,0.3,0.327619,0.496673,1.0,1.0,protocol-fixture,Stress corner for execution-friction sensitivity; not calibrated cost prediction.
trellm-v0.3-protocol,synthetic_high_volatility_c0_v0_3,C0,E2,harsh friction sweep corner,realistic,buy-and-hold,71,0.234867,11.553954,-0.019575,0.645833,11,1632.982498,0.3,0.310947,0.49154,1.0,1.0,protocol-fixture,Stress corner for execution-friction sensitivity; not calibrated cost prediction.
trellm-v0.3-protocol,synthetic_high_volatility_c0_v0_3,C0,E2,harsh friction sweep corner,realistic,buy-and-hold,73,0.292613,12.840954,-0.008915,0.541667,16,1590.78562,0.3,0.332994,0.509421,1.0,1.0,protocol-fixture,Stress corner for execution-friction sensitivity; not calibrated cost prediction.
trellm-v0.3-protocol,synthetic_high_volatility_c0_v0_3,C0,E2,harsh friction sweep corner,realistic,buy-and-hold,79,0.174372,12.044187,-0.008042,0.638298,11,1530.40687,0.3,0.327446,0.499151,1.0,1.0,protocol-fixture,Stress corner for execution-friction sensitivity; not calibrated cost prediction.
trellm-v0.3-protocol,synthetic_high_volatility_c0_v0_3,C0,E2,harsh friction sweep corner,realistic,buy-and-hold,83,0.191331,9.941971,-0.018429,0.708333,8,1385.822362,0.3,0.339904,0.497962,1.0,1.0,protocol-fixture,Stress corner for execution-friction sensitivity; not calibrated cost prediction.
trellm-v0.3-protocol,synthetic_high_volatility_c0_v0_3,C0,E2,harsh friction sweep corner,realistic,buy-and-hold,89,0.208854,8.733134,-0.019256,0.708333,8,1653.683982,0.3,0.396403,0.529129,1.0,1.0,protocol-fixture,Stress corner for execution-friction sensitivity; not calibrated cost prediction.
trellm-v0.3-protocol,synthetic_high_volatility_c0_v0_3,C0,E2,harsh friction sweep corner,realistic,buy-and-hold,97,0.141475,7.509348,-0.02509,0.583333,14,1789.68034,0.3,0.342394,0.509654,1.0,1.0,protocol-fixture,Stress corner for execution-friction sensitivity; not calibrated cost prediction.
trellm-v0.3-protocol,synthetic_high_volatility_c0_v0_3,C0,E2,harsh friction sweep corner,realistic,buy-and-hold,101,0.091571,6.304149,-0.016769,0.583333,14,1314.145124,0.3,0.366543,0.523573,1.0,1.0,protocol-fixture,Stress corner for execution-friction sensitivity; not calibrated cost prediction.
trellm-v0.3-protocol,synthetic_high_volatility_c0_v0_3,C0,E2,harsh friction sweep corner,realistic,buy-and-hold,103,0.162321,10.141214,-0.023533,0.583333,14,1472.391822,0.3,0.34024,0.49552,1.0,1.0,protocol-fixture,Stress corner for execution-friction sensitivity; not calibrated cost prediction.
trellm-v0.3-protocol,synthetic_high_volatility_c0_v0_3,C0,E2,harsh friction sweep corner,realistic,buy-and-hold,107,0.146655,7.931624,-0.013589,0.604167,13,1657.482509,0.3,0.349619,0.520355,1.0,1.0,protocol-fixture,Stress corner for execution-friction sensitivity; not calibrated cost prediction.
trellm-v0.3-protocol,synthetic_high_volatility_c0_v0_3,C0,E2,harsh friction sweep corner,realistic,buy-and-hold,109,0.320382,13.189664,-0.010011,0.583333,14,2059.025372,0.3,0.3597,0.50089,1.0,1.0,protocol-fixture,Stress corner for execution-friction sensitivity; not calibrated cost prediction.
trellm-v0.3-protocol,synthetic_high_volatility_c0_v0_3,C0,E2,harsh friction sweep corner,realistic,buy-and-hold,113,0.144464,6.808488,-0.016854,0.5625,15,1569.986907,0.3,0.333391,0.506114,1.0,1.0,protocol-fixture,Stress corner for execution-friction sensitivity; not calibrated cost prediction.
trellm-v0.3-protocol,synthetic_high_volatility_c0_v0_3,C0,E2,harsh friction sweep corner,realistic,buy-and-hold,127,0.355827,11.769036,-0.0103,0.595745,13,1613.709371,0.3,0.329434,0.508065,1.0,1.0,protocol-fixture,Stress corner for execution-friction sensitivity; not calibrated cost prediction.
trellm-v0.3-protocol,synthetic_high_volatility_c0_v0_3,C0,E2,harsh friction sweep corner,realistic,buy-and-hold,131,0.285039,11.915995,-0.029425,0.708333,8,1905.786648,0.3,0.413663,0.538799,1.0,1.0,protocol-fixture,Stress corner for execution-friction sensitivity; not calibrated cost prediction.
trellm-v0.3-protocol,synthetic_high_volatility_c0_v0_3,C0,E2,harsh friction sweep corner,realistic,buy-and-hold,137,0.179901,9.258765,-0.02968,0.666667,10,1604.744998,0.3,0.404269,0.535524,1.0,1.0,protocol-fixture,Stress corner for execution-friction sensitivity; not calibrated cost prediction.
trellm-v0.3-protocol,synthetic_high_volatility_c0_v0_3,C0,E2,harsh friction sweep corner,realistic,buy-and-hold,139,0.276552,14.898624,-0.003685,0.583333,14,1524.533006,0.3,0.32777,0.511935,1.0,1.0,protocol-fixture,Stress corner for execution-friction sensitivity; not calibrated cost prediction.
trellm-v0.3-protocol,synthetic_high_volatility_c0_v0_3,C0,E2,harsh friction sweep corner,realistic,buy-and-hold,149,0.14067,6.414029,-0.031207,0.583333,14,1594.419562,0.3,0.326554,0.502054,1.0,1.0,protocol-fixture,Stress corner for execution-friction sensitivity; not calibrated cost prediction.
trellm-v0.3-protocol,synthetic_high_volatility_c0_v0_3,C0,E2,harsh friction sweep corner,realistic,buy-and-hold,151,0.205521,11.717467,-0.01065,0.541667,16,1670.595805,0.3,0.318762,0.505852,1.0,1.0,protocol-fixture,Stress corner for execution-friction sensitivity; not calibrated cost prediction.
trellm-v0.3-protocol,synthetic_high_volatility_c0_v0_3,C0,E2,harsh friction sweep corner,realistic,signal-weighted,7,0.117573,10.525525,-0.003331,0.69697,4,1163.717886,0.191725,0.255077,0.25919,1.19402,1.0,protocol-fixture,Stress corner for execution-friction sensitivity; not calibrated cost prediction.
trellm-v0.3-protocol,synthetic_high_volatility_c0_v0_3,C0,E2,harsh friction sweep corner,realistic,signal-weighted,11,0.145465,7.469568,-0.013209,0.605263,9,1634.902571,0.508652,0.322682,0.710298,1.597771,1.0,protocol-fixture,Stress corner for execution-friction sensitivity; not calibrated cost prediction.
trellm-v0.3-protocol,synthetic_high_volatility_c0_v0_3,C0,E2,harsh friction sweep corner,realistic,signal-weighted,17,0.066648,3.645029,-0.028919,0.512195,14,1829.272397,0.319804,0.448064,0.573334,1.490905,1.0,protocol-fixture,Stress corner for execution-friction sensitivity; not calibrated cost prediction.
trellm-v0.3-protocol,synthetic_high_volatility_c0_v0_3,C0,E2,harsh friction sweep corner,realistic,signal-weighted,23,0.139299,9.727103,-0.000989,0.647059,6,1145.607221,0.387584,0.223793,0.488853,1.27481,1.0,protocol-fixture,Stress corner for execution-friction sensitivity; not calibrated cost prediction.
trellm-v0.3-protocol,synthetic_high_volatility_c0_v0_3,C0,E2,harsh friction sweep corner,realistic,signal-weighted,31,0.109695,8.394011,-0.004473,0.578947,10,1450.980461,0.347975,0.322651,0.565593,1.477183,1.0,protocol-fixture,Stress corner for execution-friction sensitivity; not calibrated cost prediction.
trellm-v0.3-protocol,synthetic_high_volatility_c0_v0_3,C0,E2,harsh friction sweep corner,realistic,signal-weighted,37,0.174545,11.095743,-0.001027,0.540541,11,1705.162396,0.527942,0.308478,0.711458,1.52316,1.0,protocol-fixture,Stress corner for execution-friction sensitivity; not calibrated cost prediction.
trellm-v0.3-protocol,synthetic_high_volatility_c0_v0_3,C0,E2,harsh friction sweep corner,realistic,signal-weighted,41,0.096361,6.732653,-0.017539,0.588235,8,1130.52271,0.273764,0.207456,0.375727,0.957441,1.0,protocol-fixture,Stress corner for execution-friction sensitivity; not calibrated cost prediction.
trellm-v0.3-protocol,synthetic_high_volatility_c0_v0_3,C0,E2,harsh friction sweep corner,realistic,signal-weighted,43,0.179732,9.857122,-0.008914,0.567568,10,1578.42466,0.436017,0.301411,0.633839,1.6,1.0,protocol-fixture,Stress corner for execution-friction sensitivity; not calibrated cost prediction.
trellm-v0.3-protocol,synthetic_high_volatility_c0_v0_3,C0,E2,harsh friction sweep corner,realistic,signal-weighted,47,0.150915,7.19934,-0.022814,0.538462,12,2279.402747,0.345634,0.454522,0.538349,1.163247,1.0,protocol-fixture,Stress corner for execution-friction sensitivity; not calibrated cost prediction.
trellm-v0.3-protocol,synthetic_high_volatility_c0_v0_3,C0,E2,harsh friction sweep corner,realistic,signal-weighted,53,0.062414,5.581553,-0.022348,0.536585,13,1945.12934,0.281879,0.414292,0.596517,1.276549,1.0,protocol-fixture,Stress corner for execution-friction sensitivity; not calibrated cost prediction.
trellm-v0.3-protocol,synthetic_high_volatility_c0_v0_3,C0,E2,harsh friction sweep corner,realistic,signal-weighted,59,0.171371,8.099989,-0.012542,0.55,12,1854.471189,0.35337,0.457587,0.6003,1.6,1.0,protocol-fixture,Stress corner for execution-friction sensitivity; not calibrated cost prediction.
trellm-v0.3-protocol,synthetic_high_volatility_c0_v0_3,C0,E2,harsh friction sweep corner,realistic,signal-weighted,61,0.059073,5.671866,-0.013058,0.552632,11,1372.803708,0.283674,0.324733,0.499578,1.091289,1.0,protocol-fixture,Stress corner for execution-friction sensitivity; not calibrated cost prediction.
trellm-v0.3-protocol,synthetic_high_volatility_c0_v0_3,C0,E2,harsh friction sweep corner,realistic,signal-weighted,67,0.061819,5.025785,-0.0084,0.578947,10,1455.546737,0.37065,0.317298,0.568471,1.329922,1.0,protocol-fixture,Stress corner for execution-friction sensitivity; not calibrated cost prediction.
trellm-v0.3-protocol,synthetic_high_volatility_c0_v0_3,C0,E2,harsh friction sweep corner,realistic,signal-weighted,71,0.12445,6.712084,-0.020779,0.540541,11,1466.04051,0.444724,0.294252,0.614088,1.467036,1.0,protocol-fixture,Stress corner for execution-friction sensitivity; not calibrated cost prediction.
trellm-v0.3-protocol,synthetic_high_volatility_c0_v0_3,C0,E2,harsh friction sweep corner,realistic,signal-weighted,73,0.138878,7.657468,-0.00678,0.617647,7,1022.349601,0.471155,0.219373,0.573673,1.396044,1.0,protocol-fixture,Stress corner for execution-friction sensitivity; not calibrated cost prediction.
trellm-v0.3-protocol,synthetic_high_volatility_c0_v0_3,C0,E2,harsh friction sweep corner,realistic,signal-weighted,79,0.051181,5.054977,-0.002401,0.545455,10,851.999421,0.226173,0.228286,0.39323,0.835446,1.0,protocol-fixture,Stress corner for execution-friction sensitivity; not calibrated cost prediction.
trellm-v0.3-protocol,synthetic_high_volatility_c0_v0_3,C0,E2,harsh friction sweep corner,realistic,signal-weighted,83,0.131009,6.087383,-0.020033,0.621622,8,1495.60498,0.207117,0.309489,0.393619,0.971735,1.0,protocol-fixture,Stress corner for execution-friction sensitivity; not calibrated cost prediction.
trellm-v0.3-protocol,synthetic_high_volatility_c0_v0_3,C0,E2,harsh friction sweep corner,realistic,signal-weighted,89,0.176778,9.412977,-0.009895,0.631579,8,1429.035417,0.374726,0.304112,0.479682,1.045717,1.0,protocol-fixture,Stress corner for execution-friction sensitivity; not calibrated cost prediction.
trellm-v0.3-protocol,synthetic_high_volatility_c0_v0_3,C0,E2,harsh friction sweep corner,realistic,signal-weighted,97,0.003416,0.341788,-0.02591,0.526316,12,1484.371807,0.081922,0.355357,0.396526,0.865695,1.0,protocol-fixture,Stress corner for execution-friction sensitivity; not calibrated cost prediction.
trellm-v0.3-protocol,synthetic_high_volatility_c0_v0_3,C0,E2,harsh friction sweep corner,realistic,signal-weighted,101,0.035762,2.559082,-0.027137,0.571429,9,1260.843317,0.114549,0.330018,0.363353,1.029255,1.0,protocol-fixture,Stress corner for execution-friction sensitivity; not calibrated cost prediction.
trellm-v0.3-protocol,synthetic_high_volatility_c0_v0_3,C0,E2,harsh friction sweep corner,realistic,signal-weighted,103,0.050038,5.327947,-0.010019,0.617647,7,1196.734563,0.264946,0.218817,0.396594,0.975939,1.0,protocol-fixture,Stress corner for execution-friction sensitivity; not calibrated cost prediction.
trellm-v0.3-protocol,synthetic_high_volatility_c0_v0_3,C0,E2,harsh friction sweep corner,realistic,signal-weighted,107,0.107518,6.544773,-0.013942,0.585366,11,1589.028328,0.237839,0.418777,0.618031,1.048224,1.0,protocol-fixture,Stress corner for execution-friction sensitivity; not calibrated cost prediction.
trellm-v0.3-protocol,synthetic_high_volatility_c0_v0_3,C0,E2,harsh friction sweep corner,realistic,signal-weighted,109,0.148524,9.322336,-0.001198,0.636364,6,955.456548,0.416983,0.211037,0.504417,1.451787,1.0,protocol-fixture,Stress corner for execution-friction sensitivity; not calibrated cost prediction.
trellm-v0.3-protocol,synthetic_high_volatility_c0_v0_3,C0,E2,harsh friction sweep corner,realistic,signal-weighted,113,0.091793,5.105339,-0.011283,0.512195,14,1629.742389,0.230029,0.389422,0.557622,1.38179,1.0,protocol-fixture,Stress corner for execution-friction sensitivity; not calibrated cost prediction.
trellm-v0.3-protocol,synthetic_high_volatility_c0_v0_3,C0,E2,harsh friction sweep corner,realistic,signal-weighted,127,0.137806,7.616182,-0.003011,0.588235,8,1279.683971,0.488612,0.227689,0.594988,1.485034,1.0,protocol-fixture,Stress corner for execution-friction sensitivity; not calibrated cost prediction.
trellm-v0.3-protocol,synthetic_high_volatility_c0_v0_3,C0,E2,harsh friction sweep corner,realistic,signal-weighted,131,0.167052,10.964733,-0.003098,0.594595,9,1382.181878,0.325261,0.254812,0.499816,1.037712,1.0,protocol-fixture,Stress corner for execution-friction sensitivity; not calibrated cost prediction.
trellm-v0.3-protocol,synthetic_high_volatility_c0_v0_3,C0,E2,harsh friction sweep corner,realistic,signal-weighted,137,0.113843,6.012366,-0.025139,0.727273,3,1080.173868,0.276154,0.208315,0.291748,1.082781,1.0,protocol-fixture,Stress corner for execution-friction sensitivity; not calibrated cost prediction.
trellm-v0.3-protocol,synthetic_high_volatility_c0_v0_3,C0,E2,harsh friction sweep corner,realistic,signal-weighted,139,0.136535,10.040057,-0.005835,0.536585,13,1848.826584,0.392534,0.401916,0.682706,1.394707,1.0,protocol-fixture,Stress corner for execution-friction sensitivity; not calibrated cost prediction.
trellm-v0.3-protocol,synthetic_high_volatility_c0_v0_3,C0,E2,harsh friction sweep corner,realistic,signal-weighted,149,0.290715,9.859517,-0.009408,0.666667,5,2097.444675,0.304788,0.39152,0.404394,1.044034,1.0,protocol-fixture,Stress corner for execution-friction sensitivity; not calibrated cost prediction.
trellm-v0.3-protocol,synthetic_high_volatility_c0_v0_3,C0,E2,harsh friction sweep corner,realistic,signal-weighted,151,0.156186,9.983963,-0.004383,0.567568,10,1618.09532,0.389503,0.30336,0.57551,1.351235,1.0,protocol-fixture,Stress corner for execution-friction sensitivity; not calibrated cost prediction.
trellm-v0.3-protocol,synthetic_high_volatility_c0_v0_3,C0,E2,harsh friction sweep corner,realistic,naive-momentum,7,0.131548,8.729334,-0.021906,0.657895,8,2700.754926,0.0,0.554775,0.554775,1.322022,1.0,protocol-fixture,Stress corner for execution-friction sensitivity; not calibrated cost prediction.
trellm-v0.3-protocol,synthetic_high_volatility_c0_v0_3,C0,E2,harsh friction sweep corner,realistic,naive-momentum,11,0.341729,12.634874,-0.003865,0.5,15,3392.53544,0.0,0.65568,0.65568,1.0,1.0,protocol-fixture,Stress corner for execution-friction sensitivity; not calibrated cost prediction.
trellm-v0.3-protocol,synthetic_high_volatility_c0_v0_3,C0,E2,harsh friction sweep corner,realistic,naive-momentum,17,0.212222,7.84217,-0.011599,0.55814,13,1904.835013,0.0,0.47134,0.47134,1.051113,1.0,protocol-fixture,Stress corner for execution-friction sensitivity; not calibrated cost prediction.
trellm-v0.3-protocol,synthetic_high_volatility_c0_v0_3,C0,E2,harsh friction sweep corner,realistic,naive-momentum,23,0.199622,11.406821,-0.01046,0.55814,13,1710.30312,0.0,0.403345,0.403345,0.7,1.0,protocol-fixture,Stress corner for execution-friction sensitivity; not calibrated cost prediction.
trellm-v0.3-protocol,synthetic_high_volatility_c0_v0_3,C0,E2,harsh friction sweep corner,realistic,naive-momentum,31,0.241434,10.997672,-0.019,0.52381,14,3105.595472,0.0,0.688325,0.688325,1.197303,1.0,protocol-fixture,Stress corner for execution-friction sensitivity; not calibrated cost prediction.
trellm-v0.3-protocol,synthetic_high_volatility_c0_v0_3,C0,E2,harsh friction sweep corner,realistic,naive-momentum,37,0.392705,16.495653,-0.001027,0.644444,10,2967.193818,0.0,0.543,0.543,1.063712,1.0,protocol-fixture,Stress corner for execution-friction sensitivity; not calibrated cost prediction.
trellm-v0.3-protocol,synthetic_high_volatility_c0_v0_3,C0,E2,harsh friction sweep corner,realistic,naive-momentum,41,0.022695,0.981348,-0.06302,0.571429,13,2696.780554,0.0,0.68231,0.68231,1.35,1.0,protocol-fixture,Stress corner for execution-friction sensitivity; not calibrated cost prediction.
trellm-v0.3-protocol,synthetic_high_volatility_c0_v0_3,C0,E2,harsh friction sweep corner,realistic,naive-momentum,43,0.339405,12.623346,-0.012813,0.642857,9,2907.768038,0.0,0.636735,0.636735,1.0,1.0,protocol-fixture,Stress corner for execution-friction sensitivity; not calibrated cost prediction.
trellm-v0.3-protocol,synthetic_high_volatility_c0_v0_3,C0,E2,harsh friction sweep corner,realistic,naive-momentum,47,0.2397,11.044198,-0.01139,0.688889,8,1385.010327,0.0,0.335878,0.335878,0.7,1.0,protocol-fixture,Stress corner for execution-friction sensitivity; not calibrated cost prediction.
trellm-v0.3-protocol,synthetic_high_volatility_c0_v0_3,C0,E2,harsh friction sweep corner,realistic,naive-momentum,53,0.269156,10.581715,-0.020441,0.625,10,2929.77736,0.0,0.703965,0.703965,1.35,1.0,protocol-fixture,Stress corner for execution-friction sensitivity; not calibrated cost prediction.
trellm-v0.3-protocol,synthetic_high_volatility_c0_v0_3,C0,E2,harsh friction sweep corner,realistic,naive-momentum,59,0.155551,7.626844,-0.017493,0.534884,14,2387.642137,0.0,0.533049,0.533049,1.0,1.0,protocol-fixture,Stress corner for execution-friction sensitivity; not calibrated cost prediction.
trellm-v0.3-protocol,synthetic_high_volatility_c0_v0_3,C0,E2,harsh friction sweep corner,realistic,naive-momentum,61,0.159881,9.843845,-0.01409,0.5,16,1388.480163,0.0,0.347503,0.347503,0.7,1.0,protocol-fixture,Stress corner for execution-friction sensitivity; not calibrated cost prediction.
trellm-v0.3-protocol,synthetic_high_volatility_c0_v0_3,C0,E2,harsh friction sweep corner,realistic,naive-momentum,67,0.139926,7.436914,-0.02028,0.55814,13,1924.255487,0.0,0.450992,0.450992,0.7,1.0,protocol-fixture,Stress corner for execution-friction sensitivity; not calibrated cost prediction.
trellm-v0.3-protocol,synthetic_high_volatility_c0_v0_3,C0,E2,harsh friction sweep corner,realistic,naive-momentum,71,0.205567,9.201111,-0.022311,0.644444,10,2902.45214,0.0,0.508763,0.508763,1.0,1.0,protocol-fixture,Stress corner for execution-friction sensitivity; not calibrated cost prediction.
trellm-v0.3-protocol,synthetic_high_volatility_c0_v0_3,C0,E2,harsh friction sweep corner,realistic,naive-momentum,73,0.273129,11.866874,-0.008939,0.604651,11,3303.700782,0.0,0.605817,0.605817,1.015967,1.0,protocol-fixture,Stress corner for execution-friction sensitivity; not calibrated cost prediction.
trellm-v0.3-protocol,synthetic_high_volatility_c0_v0_3,C0,E2,harsh friction sweep corner,realistic,naive-momentum,79,0.14524,7.078248,-0.018117,0.7,6,1941.714694,0.0,0.432534,0.432534,0.850067,1.0,protocol-fixture,Stress corner for execution-friction sensitivity; not calibrated cost prediction.
trellm-v0.3-protocol,synthetic_high_volatility_c0_v0_3,C0,E2,harsh friction sweep corner,realistic,naive-momentum,83,0.185337,7.623243,-0.015119,0.581395,12,2363.683116,0.0,0.436049,0.436049,1.0,1.0,protocol-fixture,Stress corner for execution-friction sensitivity; not calibrated cost prediction.
trellm-v0.3-protocol,synthetic_high_volatility_c0_v0_3,C0,E2,harsh friction sweep corner,realistic,naive-momentum,89,0.207717,6.921734,-0.020116,0.578947,10,2397.725924,0.0,0.50621,0.50621,0.952199,1.0,protocol-fixture,Stress corner for execution-friction sensitivity; not calibrated cost prediction.
trellm-v0.3-protocol,synthetic_high_volatility_c0_v0_3,C0,E2,harsh friction sweep corner,realistic,naive-momentum,97,0.154523,5.759379,-0.03434,0.5,16,3191.898106,0.0,0.674692,0.674692,1.35,1.0,protocol-fixture,Stress corner for execution-friction sensitivity; not calibrated cost prediction.
trellm-v0.3-protocol,synthetic_high_volatility_c0_v0_3,C0,E2,harsh friction sweep corner,realistic,naive-momentum,101,0.114378,4.967056,-0.01789,0.62963,4,1592.199646,0.0,0.336612,0.336612,0.736753,1.0,protocol-fixture,Stress corner for execution-friction sensitivity; not calibrated cost prediction.
trellm-v0.3-protocol,synthetic_high_volatility_c0_v0_3,C0,E2,harsh friction sweep corner,realistic,naive-momentum,103,0.146247,8.548069,-0.006996,0.684211,7,2039.839987,0.0,0.384063,0.384063,0.694177,1.0,protocol-fixture,Stress corner for execution-friction sensitivity; not calibrated cost prediction.
trellm-v0.3-protocol,synthetic_high_volatility_c0_v0_3,C0,E2,harsh friction sweep corner,realistic,naive-momentum,107,0.11923,7.365001,-0.012908,0.511111,16,1719.875965,0.0,0.417433,0.417433,0.7,1.0,protocol-fixture,Stress corner for execution-friction sensitivity; not calibrated cost prediction.
trellm-v0.3-protocol,synthetic_high_volatility_c0_v0_3,C0,E2,harsh friction sweep corner,realistic,naive-momentum,109,0.378497,13.712451,-0.003798,0.642857,9,3250.247773,0.0,0.599415,0.599415,1.13008,1.0,protocol-fixture,Stress corner for execution-friction sensitivity; not calibrated cost prediction.
trellm-v0.3-protocol,synthetic_high_volatility_c0_v0_3,C0,E2,harsh friction sweep corner,realistic,naive-momentum,113,0.18645,8.454194,-0.018797,0.555556,14,2283.134059,0.0,0.578162,0.578162,0.968973,1.0,protocol-fixture,Stress corner for execution-friction sensitivity; not calibrated cost prediction.
trellm-v0.3-protocol,synthetic_high_volatility_c0_v0_3,C0,E2,harsh friction sweep corner,realistic,naive-momentum,127,0.132202,5.540986,-0.023388,0.589744,10,2382.127958,0.0,0.486576,0.486576,1.027203,1.0,protocol-fixture,Stress corner for execution-friction sensitivity; not calibrated cost prediction.
trellm-v0.3-protocol,synthetic_high_volatility_c0_v0_3,C0,E2,harsh friction sweep corner,realistic,naive-momentum,131,0.165714,9.136435,-0.011704,0.666667,5,1259.425831,0.0,0.261296,0.261296,0.616188,1.0,protocol-fixture,Stress corner for execution-friction sensitivity; not calibrated cost prediction.
trellm-v0.3-protocol,synthetic_high_volatility_c0_v0_3,C0,E2,harsh friction sweep corner,realistic,naive-momentum,137,0.10975,6.08058,-0.018145,0.633333,6,1375.768041,0.0,0.277618,0.277618,0.742062,1.0,protocol-fixture,Stress corner for execution-friction sensitivity; not calibrated cost prediction.
trellm-v0.3-protocol,synthetic_high_volatility_c0_v0_3,C0,E2,harsh friction sweep corner,realistic,naive-momentum,139,0.173235,11.972482,-0.002985,0.568182,13,1844.650222,0.0,0.452735,0.452735,0.702178,1.0,protocol-fixture,Stress corner for execution-friction sensitivity; not calibrated cost prediction.
trellm-v0.3-protocol,synthetic_high_volatility_c0_v0_3,C0,E2,harsh friction sweep corner,realistic,naive-momentum,149,0.201367,6.852448,-0.024638,0.52381,14,2228.014125,0.0,0.512958,0.512958,0.980366,1.0,protocol-fixture,Stress corner for execution-friction sensitivity; not calibrated cost prediction.
trellm-v0.3-protocol,synthetic_high_volatility_c0_v0_3,C0,E2,harsh friction sweep corner,realistic,naive-momentum,151,0.245917,8.944966,-0.016369,0.65,8,3041.595479,0.0,0.604277,0.604277,1.0,1.0,protocol-fixture,Stress corner for execution-friction sensitivity; not calibrated cost prediction.
trellm-v0.3-protocol,synthetic_high_volatility_c0_v0_3,C0,E2,harsh friction sweep corner,realistic,mean-reversion,7,0.116994,5.861937,-0.028982,0.5,11,1609.101744,0.0,0.382941,0.382941,1.0,1.0,protocol-fixture,Stress corner for execution-friction sensitivity; not calibrated cost prediction.
trellm-v0.3-protocol,synthetic_high_volatility_c0_v0_3,C0,E2,harsh friction sweep corner,realistic,mean-reversion,11,0.104679,6.317247,-0.012075,0.666667,3,1158.283532,0.0,0.210008,0.210008,1.0,1.0,protocol-fixture,Stress corner for execution-friction sensitivity; not calibrated cost prediction.
trellm-v0.3-protocol,synthetic_high_volatility_c0_v0_3,C0,E2,harsh friction sweep corner,realistic,mean-reversion,17,0.024218,2.38164,-0.022593,0.6,6,1344.885019,0.0,0.367007,0.367007,1.076431,1.0,protocol-fixture,Stress corner for execution-friction sensitivity; not calibrated cost prediction.
trellm-v0.3-protocol,synthetic_high_volatility_c0_v0_3,C0,E2,harsh friction sweep corner,realistic,mean-reversion,23,0.072427,5.674289,-0.020536,0.555556,8,1502.43413,0.0,0.323322,0.323322,0.919491,1.0,protocol-fixture,Stress corner for execution-friction sensitivity; not calibrated cost prediction.
trellm-v0.3-protocol,synthetic_high_volatility_c0_v0_3,C0,E2,harsh friction sweep corner,realistic,mean-reversion,31,0.076195,5.587545,-0.001204,0.555556,4,908.670783,0.0,0.183871,0.183871,1.0,1.0,protocol-fixture,Stress corner for execution-friction sensitivity; not calibrated cost prediction.
trellm-v0.3-protocol,synthetic_high_volatility_c0_v0_3,C0,E2,harsh friction sweep corner,realistic,mean-reversion,37,0.030581,5.237697,-0.000989,0.4,3,191.079964,0.0,0.076327,0.076327,0.379784,1.0,protocol-fixture,Stress corner for execution-friction sensitivity; not calibrated cost prediction.
trellm-v0.3-protocol,synthetic_high_volatility_c0_v0_3,C0,E2,harsh friction sweep corner,realistic,mean-reversion,41,0.111743,7.759291,-0.00645,0.526316,6,1652.204726,0.0,0.388487,0.388487,1.35,1.0,protocol-fixture,Stress corner for execution-friction sensitivity; not calibrated cost prediction.
trellm-v0.3-protocol,synthetic_high_volatility_c0_v0_3,C0,E2,harsh friction sweep corner,realistic,mean-reversion,43,0.030655,3.344962,-0.015799,0.555556,4,751.554147,0.0,0.183742,0.183742,1.0,1.0,protocol-fixture,Stress corner for execution-friction sensitivity; not calibrated cost prediction.
trellm-v0.3-protocol,synthetic_high_volatility_c0_v0_3,C0,E2,harsh friction sweep corner,realistic,mean-reversion,47,0.01608,2.776002,-0.001922,0.6,4,542.281922,0.0,0.19574,0.19574,1.0,1.0,protocol-fixture,Stress corner for execution-friction sensitivity; not calibrated cost prediction.
trellm-v0.3-protocol,synthetic_high_volatility_c0_v0_3,C0,E2,harsh friction sweep corner,realistic,mean-reversion,53,0.072349,4.0357,-0.028593,0.478261,7,1346.12747,0.0,0.386277,0.386277,1.35,1.0,protocol-fixture,Stress corner for execution-friction sensitivity; not calibrated cost prediction.
trellm-v0.3-protocol,synthetic_high_volatility_c0_v0_3,C0,E2,harsh friction sweep corner,realistic,mean-reversion,59,0.091094,6.140474,-0.002803,0.6,4,671.713186,0.0,0.195746,0.195746,1.0,1.0,protocol-fixture,Stress corner for execution-friction sensitivity; not calibrated cost prediction.
trellm-v0.3-protocol,synthetic_high_volatility_c0_v0_3,C0,E2,harsh friction sweep corner,realistic,mean-reversion,61,0.013131,3.181007,-0.006493,0.4,3,203.250542,0.0,0.078312,0.078312,0.388812,1.0,protocol-fixture,Stress corner for execution-friction sensitivity; not calibrated cost prediction.
trellm-v0.3-protocol,synthetic_high_volatility_c0_v0_3,C0,E2,harsh friction sweep corner,realistic,mean-reversion,67,0.135832,5.856641,-0.000904,0.533333,7,707.078257,0.0,0.198054,0.198054,1.0,1.0,protocol-fixture,Stress corner for execution-friction sensitivity; not calibrated cost prediction.
trellm-v0.3-protocol,synthetic_high_volatility_c0_v0_3,C0,E2,harsh friction sweep corner,realistic,mean-reversion,71,0.010947,2.211222,-0.00575,0.4,3,304.589959,0.0,0.076694,0.076694,0.378155,1.0,protocol-fixture,Stress corner for execution-friction sensitivity; not calibrated cost prediction.
trellm-v0.3-protocol,synthetic_high_volatility_c0_v0_3,C0,E2,harsh friction sweep corner,realistic,mean-reversion,73,0.127046,6.812188,-0.004414,0.625,3,1174.534785,0.0,0.19981,0.19981,1.0,1.0,protocol-fixture,Stress corner for execution-friction sensitivity; not calibrated cost prediction.
trellm-v0.3-protocol,synthetic_high_volatility_c0_v0_3,C0,E2,harsh friction sweep corner,realistic,mean-reversion,79,0.064406,4.006351,-0.03444,0.5,9,1292.082343,0.0,0.371491,0.371491,1.0,1.0,protocol-fixture,Stress corner for execution-friction sensitivity; not calibrated cost prediction.
trellm-v0.3-protocol,synthetic_high_volatility_c0_v0_3,C0,E2,harsh friction sweep corner,realistic,mean-reversion,83,0.023863,3.642265,-0.007037,0.666667,5,846.926491,0.0,0.197232,0.197232,0.965629,1.0,protocol-fixture,Stress corner for execution-friction sensitivity; not calibrated cost prediction.
trellm-v0.3-protocol,synthetic_high_volatility_c0_v0_3,C0,E2,harsh friction sweep corner,realistic,mean-reversion,89,0.028708,1.875153,-0.021494,0.636364,4,867.602722,0.0,0.167188,0.167188,0.662587,1.0,protocol-fixture,Stress corner for execution-friction sensitivity; not calibrated cost prediction.
trellm-v0.3-protocol,synthetic_high_volatility_c0_v0_3,C0,E2,harsh friction sweep corner,realistic,mean-reversion,97,0.095742,4.458196,-0.025749,0.576923,7,2115.533107,0.0,0.411949,0.411949,1.35,1.0,protocol-fixture,Stress corner for execution-friction sensitivity; not calibrated cost prediction.
trellm-v0.3-protocol,synthetic_high_volatility_c0_v0_3,C0,E2,harsh friction sweep corner,realistic,mean-reversion,101,0.010447,0.834336,-0.038336,0.533333,12,1377.756287,0.0,0.441669,0.441669,1.0,1.0,protocol-fixture,Stress corner for execution-friction sensitivity; not calibrated cost prediction.
trellm-v0.3-protocol,synthetic_high_volatility_c0_v0_3,C0,E2,harsh friction sweep corner,realistic,mean-reversion,103,0.064425,5.515899,-0.010228,0.428571,9,1052.905503,0.0,0.254353,0.254353,1.0,1.0,protocol-fixture,Stress corner for execution-friction sensitivity; not calibrated cost prediction.
trellm-v0.3-protocol,synthetic_high_volatility_c0_v0_3,C0,E2,harsh friction sweep corner,realistic,mean-reversion,107,0.094935,6.818261,-0.012198,0.470588,6,1125.241846,0.0,0.311307,0.311307,0.768021,1.0,protocol-fixture,Stress corner for execution-friction sensitivity; not calibrated cost prediction.
trellm-v0.3-protocol,synthetic_high_volatility_c0_v0_3,C0,E2,harsh friction sweep corner,realistic,mean-reversion,109,0.041398,3.077883,-0.039975,0.5,7,1295.14462,0.0,0.264392,0.264392,1.0,1.0,protocol-fixture,Stress corner for execution-friction sensitivity; not calibrated cost prediction.
trellm-v0.3-protocol,synthetic_high_volatility_c0_v0_3,C0,E2,harsh friction sweep corner,realistic,mean-reversion,113,0.031279,5.144342,-0.008043,0.428571,9,1247.55214,0.0,0.308451,0.308451,0.739532,1.0,protocol-fixture,Stress corner for execution-friction sensitivity; not calibrated cost prediction.
trellm-v0.3-protocol,synthetic_high_volatility_c0_v0_3,C0,E2,harsh friction sweep corner,realistic,mean-reversion,127,0.139367,6.797662,-0.002057,0.470588,9,886.495027,0.0,0.233544,0.233544,1.0,1.0,protocol-fixture,Stress corner for execution-friction sensitivity; not calibrated cost prediction.
trellm-v0.3-protocol,synthetic_high_volatility_c0_v0_3,C0,E2,harsh friction sweep corner,realistic,mean-reversion,131,0.060198,4.344319,-0.020756,0.47619,10,939.486707,0.0,0.262464,0.262464,0.725257,1.0,protocol-fixture,Stress corner for execution-friction sensitivity; not calibrated cost prediction.
trellm-v0.3-protocol,synthetic_high_volatility_c0_v0_3,C0,E2,harsh friction sweep corner,realistic,mean-reversion,137,0.041899,4.093479,-0.020551,0.458333,12,852.464708,0.0,0.239756,0.239756,0.7,1.0,protocol-fixture,Stress corner for execution-friction sensitivity; not calibrated cost prediction.
trellm-v0.3-protocol,synthetic_high_volatility_c0_v0_3,C0,E2,harsh friction sweep corner,realistic,mean-reversion,139,0.089601,6.022709,-0.001101,0.625,3,894.62135,0.0,0.157975,0.157975,1.0,1.0,protocol-fixture,Stress corner for execution-friction sensitivity; not calibrated cost prediction.
trellm-v0.3-protocol,synthetic_high_volatility_c0_v0_3,C0,E2,harsh friction sweep corner,realistic,mean-reversion,149,0.017978,1.235904,-0.040699,0.5,8,1025.586232,0.0,0.184939,0.184939,0.721465,1.0,protocol-fixture,Stress corner for execution-friction sensitivity; not calibrated cost prediction.
trellm-v0.3-protocol,synthetic_high_volatility_c0_v0_3,C0,E2,harsh friction sweep corner,realistic,mean-reversion,151,0.096154,4.039573,-0.021288,0.5,5,837.229432,0.0,0.196032,0.196032,1.0,1.0,protocol-fixture,Stress corner for execution-friction sensitivity; not calibrated cost prediction.
trellm-v0.3-protocol,synthetic_high_volatility_c0_v0_3,C0,E2,harsh friction sweep corner,realistic,risk-parity,7,0.140403,8.261231,-0.014422,0.583333,14,1823.892472,0.0,0.418455,0.418455,0.7,1.0,protocol-fixture,Stress corner for execution-friction sensitivity; not calibrated cost prediction.
trellm-v0.3-protocol,synthetic_high_volatility_c0_v0_3,C0,E2,harsh friction sweep corner,realistic,risk-parity,11,0.269438,14.807762,-0.008967,0.645833,11,1724.074826,0.0,0.348749,0.348749,0.7,1.0,protocol-fixture,Stress corner for execution-friction sensitivity; not calibrated cost prediction.
trellm-v0.3-protocol,synthetic_high_volatility_c0_v0_3,C0,E2,harsh friction sweep corner,realistic,risk-parity,17,0.258101,10.612919,-0.008404,0.659574,10,1442.551033,0.0,0.327883,0.327883,0.7,1.0,protocol-fixture,Stress corner for execution-friction sensitivity; not calibrated cost prediction.
trellm-v0.3-protocol,synthetic_high_volatility_c0_v0_3,C0,E2,harsh friction sweep corner,realistic,risk-parity,23,0.245175,13.221044,-0.006265,0.666667,10,1872.983102,0.0,0.358357,0.358357,0.7,1.0,protocol-fixture,Stress corner for execution-friction sensitivity; not calibrated cost prediction.
trellm-v0.3-protocol,synthetic_high_volatility_c0_v0_3,C0,E2,harsh friction sweep corner,realistic,risk-parity,31,0.18731,11.244212,-0.012722,0.708333,8,1356.931251,0.0,0.349803,0.349803,0.7,1.0,protocol-fixture,Stress corner for execution-friction sensitivity; not calibrated cost prediction.
trellm-v0.3-protocol,synthetic_high_volatility_c0_v0_3,C0,E2,harsh friction sweep corner,realistic,risk-parity,37,0.30745,14.249169,-0.001683,0.645833,11,1744.976836,0.0,0.334217,0.334217,0.7,1.0,protocol-fixture,Stress corner for execution-friction sensitivity; not calibrated cost prediction.
trellm-v0.3-protocol,synthetic_high_volatility_c0_v0_3,C0,E2,harsh friction sweep corner,realistic,risk-parity,41,0.167633,9.660459,-0.013848,0.666667,10,1414.172441,0.0,0.354142,0.354142,0.7,1.0,protocol-fixture,Stress corner for execution-friction sensitivity; not calibrated cost prediction.
trellm-v0.3-protocol,synthetic_high_volatility_c0_v0_3,C0,E2,harsh friction sweep corner,realistic,risk-parity,43,0.267907,12.991257,-0.010633,0.604167,13,2002.775867,0.0,0.363843,0.363843,0.7,1.0,protocol-fixture,Stress corner for execution-friction sensitivity; not calibrated cost prediction.
trellm-v0.3-protocol,synthetic_high_volatility_c0_v0_3,C0,E2,harsh friction sweep corner,realistic,risk-parity,47,0.178133,10.351059,-0.013529,0.583333,14,1392.57828,0.0,0.329627,0.329627,0.7,1.0,protocol-fixture,Stress corner for execution-friction sensitivity; not calibrated cost prediction.
trellm-v0.3-protocol,synthetic_high_volatility_c0_v0_3,C0,E2,harsh friction sweep corner,realistic,risk-parity,53,0.129937,6.307075,-0.033423,0.729167,7,1545.834542,0.0,0.329556,0.329556,0.7,1.0,protocol-fixture,Stress corner for execution-friction sensitivity; not calibrated cost prediction.
trellm-v0.3-protocol,synthetic_high_volatility_c0_v0_3,C0,E2,harsh friction sweep corner,realistic,risk-parity,59,0.226532,10.677574,-0.006162,0.666667,10,1555.67182,0.0,0.329036,0.329036,0.7,1.0,protocol-fixture,Stress corner for execution-friction sensitivity; not calibrated cost prediction.
trellm-v0.3-protocol,synthetic_high_volatility_c0_v0_3,C0,E2,harsh friction sweep corner,realistic,risk-parity,61,0.140404,9.228657,-0.012163,0.723404,7,1485.53808,0.0,0.313898,0.313898,0.7,1.0,protocol-fixture,Stress corner for execution-friction sensitivity; not calibrated cost prediction.
trellm-v0.3-protocol,synthetic_high_volatility_c0_v0_3,C0,E2,harsh friction sweep corner,realistic,risk-parity,67,0.259246,14.566414,-0.006466,0.6875,9,2139.01115,0.0,0.407341,0.407341,0.757622,1.0,protocol-fixture,Stress corner for execution-friction sensitivity; not calibrated cost prediction.
trellm-v0.3-protocol,synthetic_high_volatility_c0_v0_3,C0,E2,harsh friction sweep corner,realistic,risk-parity,71,0.222285,11.613938,-0.013998,0.604167,13,1612.864359,0.0,0.334208,0.334208,0.7,1.0,protocol-fixture,Stress corner for execution-friction sensitivity; not calibrated cost prediction.
trellm-v0.3-protocol,synthetic_high_volatility_c0_v0_3,C0,E2,harsh friction sweep corner,realistic,risk-parity,73,0.26579,13.05853,-0.00844,0.729167,7,1931.335793,0.0,0.405873,0.405873,0.737292,1.0,protocol-fixture,Stress corner for execution-friction sensitivity; not calibrated cost prediction.
trellm-v0.3-protocol,synthetic_high_volatility_c0_v0_3,C0,E2,harsh friction sweep corner,realistic,risk-parity,79,0.161614,10.743778,-0.017364,0.638298,11,1351.101975,0.0,0.32589,0.32589,0.7,1.0,protocol-fixture,Stress corner for execution-friction sensitivity; not calibrated cost prediction.
trellm-v0.3-protocol,synthetic_high_volatility_c0_v0_3,C0,E2,harsh friction sweep corner,realistic,risk-parity,83,0.184014,8.535324,-0.015174,0.604167,13,1538.080938,0.0,0.315233,0.315233,0.7,1.0,protocol-fixture,Stress corner for execution-friction sensitivity; not calibrated cost prediction.
trellm-v0.3-protocol,synthetic_high_volatility_c0_v0_3,C0,E2,harsh friction sweep corner,realistic,risk-parity,89,0.165256,8.630055,-0.021071,0.553191,15,1286.147285,0.0,0.30377,0.30377,0.7,1.0,protocol-fixture,Stress corner for execution-friction sensitivity; not calibrated cost prediction.
trellm-v0.3-protocol,synthetic_high_volatility_c0_v0_3,C0,E2,harsh friction sweep corner,realistic,risk-parity,97,0.057997,3.596633,-0.023061,0.708333,8,1610.312697,0.0,0.360787,0.360787,0.7,1.0,protocol-fixture,Stress corner for execution-friction sensitivity; not calibrated cost prediction.
trellm-v0.3-protocol,synthetic_high_volatility_c0_v0_3,C0,E2,harsh friction sweep corner,realistic,risk-parity,101,0.113559,5.34306,-0.032648,0.666667,10,1597.778738,0.0,0.411123,0.411123,0.810619,1.0,protocol-fixture,Stress corner for execution-friction sensitivity; not calibrated cost prediction.
trellm-v0.3-protocol,synthetic_high_volatility_c0_v0_3,C0,E2,harsh friction sweep corner,realistic,risk-parity,103,0.163915,8.773204,-0.017258,0.6875,9,1983.339619,0.0,0.360185,0.360185,0.7,1.0,protocol-fixture,Stress corner for execution-friction sensitivity; not calibrated cost prediction.
trellm-v0.3-protocol,synthetic_high_volatility_c0_v0_3,C0,E2,harsh friction sweep corner,realistic,risk-parity,107,0.205877,8.616349,-0.011567,0.708333,8,1929.523495,0.0,0.396345,0.396345,0.7,1.0,protocol-fixture,Stress corner for execution-friction sensitivity; not calibrated cost prediction.
trellm-v0.3-protocol,synthetic_high_volatility_c0_v0_3,C0,E2,harsh friction sweep corner,realistic,risk-parity,109,0.337788,15.654355,-0.004605,0.708333,8,2110.890796,0.0,0.406907,0.406907,0.770361,1.0,protocol-fixture,Stress corner for execution-friction sensitivity; not calibrated cost prediction.
trellm-v0.3-protocol,synthetic_high_volatility_c0_v0_3,C0,E2,harsh friction sweep corner,realistic,risk-parity,113,0.133608,6.292396,-0.014061,0.645833,11,1381.854632,0.0,0.302715,0.302715,0.7,1.0,protocol-fixture,Stress corner for execution-friction sensitivity; not calibrated cost prediction.
trellm-v0.3-protocol,synthetic_high_volatility_c0_v0_3,C0,E2,harsh friction sweep corner,realistic,risk-parity,127,0.396012,15.307366,-0.003665,0.6875,9,1655.960074,0.0,0.379361,0.379361,0.7,1.0,protocol-fixture,Stress corner for execution-friction sensitivity; not calibrated cost prediction.
trellm-v0.3-protocol,synthetic_high_volatility_c0_v0_3,C0,E2,harsh friction sweep corner,realistic,risk-parity,131,0.147948,8.571619,-0.017998,0.666667,10,1697.237043,0.0,0.344696,0.344696,0.7,1.0,protocol-fixture,Stress corner for execution-friction sensitivity; not calibrated cost prediction.
trellm-v0.3-protocol,synthetic_high_volatility_c0_v0_3,C0,E2,harsh friction sweep corner,realistic,risk-parity,137,0.11622,5.567942,-0.028032,0.638298,11,1806.506984,0.0,0.395419,0.395419,0.776368,1.0,protocol-fixture,Stress corner for execution-friction sensitivity; not calibrated cost prediction.
trellm-v0.3-protocol,synthetic_high_volatility_c0_v0_3,C0,E2,harsh friction sweep corner,realistic,risk-parity,139,0.325434,15.037311,-0.010516,0.625,12,2280.504699,0.0,0.509785,0.509785,1.0,1.0,protocol-fixture,Stress corner for execution-friction sensitivity; not calibrated cost prediction.
trellm-v0.3-protocol,synthetic_high_volatility_c0_v0_3,C0,E2,harsh friction sweep corner,realistic,risk-parity,149,0.200084,8.330703,-0.024773,0.702128,8,1854.422847,0.0,0.366753,0.366753,0.7,1.0,protocol-fixture,Stress corner for execution-friction sensitivity; not calibrated cost prediction.
trellm-v0.3-protocol,synthetic_high_volatility_c0_v0_3,C0,E2,harsh friction sweep corner,realistic,risk-parity,151,0.305074,18.91975,-0.006305,0.666667,10,1992.430743,0.0,0.438783,0.438783,0.775383,1.0,protocol-fixture,Stress corner for execution-friction sensitivity; not calibrated cost prediction.
trellm-v0.3-protocol,synthetic_high_volatility_c0_v0_3,C0,E2,harsh friction sweep corner,realistic,minimum-variance,7,0.127541,8.084506,-0.01212,0.565217,14,1844.115747,0.0,0.473236,0.473236,0.710061,1.0,protocol-fixture,Stress corner for execution-friction sensitivity; not calibrated cost prediction.
trellm-v0.3-protocol,synthetic_high_volatility_c0_v0_3,C0,E2,harsh friction sweep corner,realistic,minimum-variance,11,0.353861,19.755635,-0.002276,0.6875,9,2078.761774,0.0,0.435676,0.435676,0.889752,1.0,protocol-fixture,Stress corner for execution-friction sensitivity; not calibrated cost prediction.
trellm-v0.3-protocol,synthetic_high_volatility_c0_v0_3,C0,E2,harsh friction sweep corner,realistic,minimum-variance,17,0.258542,10.613706,-0.008511,0.673913,9,1432.945398,0.0,0.311818,0.311818,0.7,1.0,protocol-fixture,Stress corner for execution-friction sensitivity; not calibrated cost prediction.
trellm-v0.3-protocol,synthetic_high_volatility_c0_v0_3,C0,E2,harsh friction sweep corner,realistic,minimum-variance,23,0.227846,12.693811,-0.006526,0.604167,13,1951.736764,0.0,0.369239,0.369239,0.7,1.0,protocol-fixture,Stress corner for execution-friction sensitivity; not calibrated cost prediction.
trellm-v0.3-protocol,synthetic_high_volatility_c0_v0_3,C0,E2,harsh friction sweep corner,realistic,minimum-variance,31,0.18731,11.244212,-0.012722,0.708333,8,1356.931251,0.0,0.350095,0.350095,0.7,1.0,protocol-fixture,Stress corner for execution-friction sensitivity; not calibrated cost prediction.
trellm-v0.3-protocol,synthetic_high_volatility_c0_v0_3,C0,E2,harsh friction sweep corner,realistic,minimum-variance,37,0.316634,14.719234,-0.001708,0.708333,8,1657.466254,0.0,0.323865,0.323865,0.7,1.0,protocol-fixture,Stress corner for execution-friction sensitivity; not calibrated cost prediction.
trellm-v0.3-protocol,synthetic_high_volatility_c0_v0_3,C0,E2,harsh friction sweep corner,realistic,minimum-variance,41,0.167633,9.660459,-0.013848,0.666667,10,1414.172441,0.0,0.356434,0.356434,0.7,1.0,protocol-fixture,Stress corner for execution-friction sensitivity; not calibrated cost prediction.
trellm-v0.3-protocol,synthetic_high_volatility_c0_v0_3,C0,E2,harsh friction sweep corner,realistic,minimum-variance,43,0.259744,12.579761,-0.010633,0.680851,9,2278.5958,0.0,0.384934,0.384934,0.783857,1.0,protocol-fixture,Stress corner for execution-friction sensitivity; not calibrated cost prediction.
trellm-v0.3-protocol,synthetic_high_volatility_c0_v0_3,C0,E2,harsh friction sweep corner,realistic,minimum-variance,47,0.19588,10.174207,-0.013529,0.583333,14,1253.550655,0.0,0.316085,0.316085,0.7,1.0,protocol-fixture,Stress corner for execution-friction sensitivity; not calibrated cost prediction.
trellm-v0.3-protocol,synthetic_high_volatility_c0_v0_3,C0,E2,harsh friction sweep corner,realistic,minimum-variance,53,0.129937,6.307075,-0.033423,0.744681,6,1545.834542,0.0,0.323426,0.323426,0.7,1.0,protocol-fixture,Stress corner for execution-friction sensitivity; not calibrated cost prediction.
trellm-v0.3-protocol,synthetic_high_volatility_c0_v0_3,C0,E2,harsh friction sweep corner,realistic,minimum-variance,59,0.216217,10.899108,-0.003203,0.608696,12,2032.31227,0.0,0.451174,0.451174,0.7,1.0,protocol-fixture,Stress corner for execution-friction sensitivity; not calibrated cost prediction.
trellm-v0.3-protocol,synthetic_high_volatility_c0_v0_3,C0,E2,harsh friction sweep corner,realistic,minimum-variance,61,0.140791,9.234378,-0.012165,0.723404,7,1473.645257,0.0,0.315063,0.315063,0.7,1.0,protocol-fixture,Stress corner for execution-friction sensitivity; not calibrated cost prediction.
trellm-v0.3-protocol,synthetic_high_volatility_c0_v0_3,C0,E2,harsh friction sweep corner,realistic,minimum-variance,67,0.245849,14.859192,-0.006466,0.666667,10,2079.56163,0.0,0.456829,0.456829,0.82151,1.0,protocol-fixture,Stress corner for execution-friction sensitivity; not calibrated cost prediction.
trellm-v0.3-protocol,synthetic_high_volatility_c0_v0_3,C0,E2,harsh friction sweep corner,realistic,minimum-variance,71,0.244159,11.744,-0.013349,0.583333,14,1789.250874,0.0,0.379973,0.379973,0.7,1.0,protocol-fixture,Stress corner for execution-friction sensitivity; not calibrated cost prediction.
trellm-v0.3-protocol,synthetic_high_volatility_c0_v0_3,C0,E2,harsh friction sweep corner,realistic,minimum-variance,73,0.266029,13.058387,-0.008789,0.76087,5,1945.37896,0.0,0.413755,0.413755,0.742941,1.0,protocol-fixture,Stress corner for execution-friction sensitivity; not calibrated cost prediction.
trellm-v0.3-protocol,synthetic_high_volatility_c0_v0_3,C0,E2,harsh friction sweep corner,realistic,minimum-variance,79,0.161614,10.743778,-0.017364,0.638298,11,1351.101975,0.0,0.32589,0.32589,0.7,1.0,protocol-fixture,Stress corner for execution-friction sensitivity; not calibrated cost prediction.
trellm-v0.3-protocol,synthetic_high_volatility_c0_v0_3,C0,E2,harsh friction sweep corner,realistic,minimum-variance,83,0.184014,8.535324,-0.015174,0.617021,12,1538.080938,0.0,0.306101,0.306101,0.7,1.0,protocol-fixture,Stress corner for execution-friction sensitivity; not calibrated cost prediction.
trellm-v0.3-protocol,synthetic_high_volatility_c0_v0_3,C0,E2,harsh friction sweep corner,realistic,minimum-variance,89,0.165256,8.630055,-0.021071,0.541667,16,1286.147285,0.0,0.31291,0.31291,0.7,1.0,protocol-fixture,Stress corner for execution-friction sensitivity; not calibrated cost prediction.
trellm-v0.3-protocol,synthetic_high_volatility_c0_v0_3,C0,E2,harsh friction sweep corner,realistic,minimum-variance,97,0.05991,3.626633,-0.023061,0.708333,8,1638.87337,0.0,0.369277,0.369277,0.7,1.0,protocol-fixture,Stress corner for execution-friction sensitivity; not calibrated cost prediction.
trellm-v0.3-protocol,synthetic_high_volatility_c0_v0_3,C0,E2,harsh friction sweep corner,realistic,minimum-variance,101,0.113772,5.36142,-0.031808,0.6875,9,1583.542211,0.0,0.412364,0.412364,0.807467,1.0,protocol-fixture,Stress corner for execution-friction sensitivity; not calibrated cost prediction.
trellm-v0.3-protocol,synthetic_high_volatility_c0_v0_3,C0,E2,harsh friction sweep corner,realistic,minimum-variance,103,0.163915,8.773204,-0.017258,0.6875,9,1983.339619,0.0,0.364907,0.364907,0.7,1.0,protocol-fixture,Stress corner for execution-friction sensitivity; not calibrated cost prediction.
trellm-v0.3-protocol,synthetic_high_volatility_c0_v0_3,C0,E2,harsh friction sweep corner,realistic,minimum-variance,107,0.205877,8.616349,-0.011567,0.73913,6,1929.523495,0.0,0.395522,0.395522,0.7,1.0,protocol-fixture,Stress corner for execution-friction sensitivity; not calibrated cost prediction.
trellm-v0.3-protocol,synthetic_high_volatility_c0_v0_3,C0,E2,harsh friction sweep corner,realistic,minimum-variance,109,0.3163,14.710396,-0.003893,0.680851,9,2123.253811,0.0,0.368204,0.368204,0.7,1.0,protocol-fixture,Stress corner for execution-friction sensitivity; not calibrated cost prediction.
trellm-v0.3-protocol,synthetic_high_volatility_c0_v0_3,C0,E2,harsh friction sweep corner,realistic,minimum-variance,113,0.136425,6.277693,-0.013856,0.6875,9,1356.715706,0.0,0.303666,0.303666,0.7,1.0,protocol-fixture,Stress corner for execution-friction sensitivity; not calibrated cost prediction.
trellm-v0.3-protocol,synthetic_high_volatility_c0_v0_3,C0,E2,harsh friction sweep corner,realistic,minimum-variance,127,0.327525,12.352642,-0.002116,0.645833,11,2026.405218,0.0,0.396112,0.396112,0.7,1.0,protocol-fixture,Stress corner for execution-friction sensitivity; not calibrated cost prediction.
trellm-v0.3-protocol,synthetic_high_volatility_c0_v0_3,C0,E2,harsh friction sweep corner,realistic,minimum-variance,131,0.147948,8.571619,-0.017998,0.666667,10,1697.237043,0.0,0.346223,0.346223,0.7,1.0,protocol-fixture,Stress corner for execution-friction sensitivity; not calibrated cost prediction.
trellm-v0.3-protocol,synthetic_high_volatility_c0_v0_3,C0,E2,harsh friction sweep corner,realistic,minimum-variance,137,0.11622,5.567942,-0.028032,0.638298,11,1806.506984,0.0,0.403918,0.403918,0.776368,1.0,protocol-fixture,Stress corner for execution-friction sensitivity; not calibrated cost prediction.
trellm-v0.3-protocol,synthetic_high_volatility_c0_v0_3,C0,E2,harsh friction sweep corner,realistic,minimum-variance,139,0.329582,14.215423,-0.011028,0.520833,17,2625.395816,0.0,0.598154,0.598154,1.0,1.0,protocol-fixture,Stress corner for execution-friction sensitivity; not calibrated cost prediction.
trellm-v0.3-protocol,synthetic_high_volatility_c0_v0_3,C0,E2,harsh friction sweep corner,realistic,minimum-variance,149,0.200084,8.330703,-0.024773,0.717391,7,1854.422847,0.0,0.359,0.359,0.7,1.0,protocol-fixture,Stress corner for execution-friction sensitivity; not calibrated cost prediction.
trellm-v0.3-protocol,synthetic_high_volatility_c0_v0_3,C0,E2,harsh friction sweep corner,realistic,minimum-variance,151,0.320619,18.76451,-0.006953,0.6875,9,1997.330572,0.0,0.431824,0.431824,0.868388,1.0,protocol-fixture,Stress corner for execution-friction sensitivity; not calibrated cost prediction.
trellm-v0.3-protocol,synthetic_high_volatility_c0_v0_3,C0,E2,harsh friction sweep corner,realistic,random,7,0.134586,9.611497,-0.008344,0.651163,9,1950.087184,0.0,0.363907,0.363907,1.0,1.0,protocol-fixture,Stress corner for execution-friction sensitivity; not calibrated cost prediction.
trellm-v0.3-protocol,synthetic_high_volatility_c0_v0_3,C0,E2,harsh friction sweep corner,realistic,random,11,0.141503,8.037409,-0.015813,0.613636,11,1774.610673,0.0,0.40929,0.40929,1.0,1.0,protocol-fixture,Stress corner for execution-friction sensitivity; not calibrated cost prediction.
trellm-v0.3-protocol,synthetic_high_volatility_c0_v0_3,C0,E2,harsh friction sweep corner,realistic,random,17,0.171577,6.77845,-0.00691,0.545455,14,2147.619231,0.0,0.512501,0.512501,1.0,1.0,protocol-fixture,Stress corner for execution-friction sensitivity; not calibrated cost prediction.
trellm-v0.3-protocol,synthetic_high_volatility_c0_v0_3,C0,E2,harsh friction sweep corner,realistic,random,23,0.19698,10.749844,-0.003156,0.5,14,1972.003541,0.0,0.468683,0.468683,1.0,1.0,protocol-fixture,Stress corner for execution-friction sensitivity; not calibrated cost prediction.
trellm-v0.3-protocol,synthetic_high_volatility_c0_v0_3,C0,E2,harsh friction sweep corner,realistic,random,31,0.311435,13.560777,-0.009,0.666667,8,2462.791265,0.0,0.447339,0.447339,1.129641,1.0,protocol-fixture,Stress corner for execution-friction sensitivity; not calibrated cost prediction.
trellm-v0.3-protocol,synthetic_high_volatility_c0_v0_3,C0,E2,harsh friction sweep corner,realistic,random,37,0.26506,11.353942,-0.003408,0.630435,11,2431.227474,0.0,0.508671,0.508671,1.0,1.0,protocol-fixture,Stress corner for execution-friction sensitivity; not calibrated cost prediction.
trellm-v0.3-protocol,synthetic_high_volatility_c0_v0_3,C0,E2,harsh friction sweep corner,realistic,random,41,0.069987,5.75517,-0.015483,0.489362,18,1686.020975,0.0,0.516568,0.516568,1.0,1.0,protocol-fixture,Stress corner for execution-friction sensitivity; not calibrated cost prediction.
trellm-v0.3-protocol,synthetic_high_volatility_c0_v0_3,C0,E2,harsh friction sweep corner,realistic,random,43,0.207804,9.885713,-0.0113,0.5,17,1810.169419,0.0,0.432752,0.432752,1.0,1.0,protocol-fixture,Stress corner for execution-friction sensitivity; not calibrated cost prediction.
trellm-v0.3-protocol,synthetic_high_volatility_c0_v0_3,C0,E2,harsh friction sweep corner,realistic,random,47,0.146838,8.168755,-0.013529,0.565217,14,1767.890094,0.0,0.414193,0.414193,0.7,1.0,protocol-fixture,Stress corner for execution-friction sensitivity; not calibrated cost prediction.
trellm-v0.3-protocol,synthetic_high_volatility_c0_v0_3,C0,E2,harsh friction sweep corner,realistic,random,53,0.098012,5.505304,-0.030833,0.565217,14,2208.974134,0.0,0.500642,0.500642,1.0,1.0,protocol-fixture,Stress corner for execution-friction sensitivity; not calibrated cost prediction.
trellm-v0.3-protocol,synthetic_high_volatility_c0_v0_3,C0,E2,harsh friction sweep corner,realistic,random,59,0.178856,9.66093,-0.006638,0.651163,10,1711.213713,0.0,0.416728,0.416728,0.724836,1.0,protocol-fixture,Stress corner for execution-friction sensitivity; not calibrated cost prediction.
trellm-v0.3-protocol,synthetic_high_volatility_c0_v0_3,C0,E2,harsh friction sweep corner,realistic,random,61,0.103631,7.063448,-0.021126,0.590909,12,2144.262565,0.0,0.412077,0.412077,0.901787,1.0,protocol-fixture,Stress corner for execution-friction sensitivity; not calibrated cost prediction.
trellm-v0.3-protocol,synthetic_high_volatility_c0_v0_3,C0,E2,harsh friction sweep corner,realistic,random,67,0.144044,7.992948,-0.01809,0.682927,7,2135.450369,0.0,0.462243,0.462243,1.0,1.0,protocol-fixture,Stress corner for execution-friction sensitivity; not calibrated cost prediction.
trellm-v0.3-protocol,synthetic_high_volatility_c0_v0_3,C0,E2,harsh friction sweep corner,realistic,random,71,0.16874,9.3676,-0.009004,0.590909,12,2798.879483,0.0,0.592663,0.592663,1.122082,1.0,protocol-fixture,Stress corner for execution-friction sensitivity; not calibrated cost prediction.
trellm-v0.3-protocol,synthetic_high_volatility_c0_v0_3,C0,E2,harsh friction sweep corner,realistic,random,73,0.157794,9.825116,-0.011762,0.717391,7,1915.99701,0.0,0.41093,0.41093,1.0,1.0,protocol-fixture,Stress corner for execution-friction sensitivity; not calibrated cost prediction.
trellm-v0.3-protocol,synthetic_high_volatility_c0_v0_3,C0,E2,harsh friction sweep corner,realistic,random,79,0.119323,9.583134,-0.009635,0.52381,15,1815.875123,0.0,0.376662,0.376662,0.7,1.0,protocol-fixture,Stress corner for execution-friction sensitivity; not calibrated cost prediction.
trellm-v0.3-protocol,synthetic_high_volatility_c0_v0_3,C0,E2,harsh friction sweep corner,realistic,random,83,0.137693,7.612245,-0.016383,0.590909,12,2211.493949,0.0,0.370528,0.370528,1.0,1.0,protocol-fixture,Stress corner for execution-friction sensitivity; not calibrated cost prediction.
trellm-v0.3-protocol,synthetic_high_volatility_c0_v0_3,C0,E2,harsh friction sweep corner,realistic,random,89,0.125594,7.09916,-0.014728,0.575,11,1869.686265,0.0,0.415202,0.415202,1.0,1.0,protocol-fixture,Stress corner for execution-friction sensitivity; not calibrated cost prediction.
trellm-v0.3-protocol,synthetic_high_volatility_c0_v0_3,C0,E2,harsh friction sweep corner,realistic,random,97,0.028131,2.158239,-0.019967,0.666667,10,1822.378701,0.0,0.406194,0.406194,1.0,1.0,protocol-fixture,Stress corner for execution-friction sensitivity; not calibrated cost prediction.
trellm-v0.3-protocol,synthetic_high_volatility_c0_v0_3,C0,E2,harsh friction sweep corner,realistic,random,101,0.087654,5.080636,-0.018748,0.461538,17,1561.911581,0.0,0.448245,0.448245,1.0,1.0,protocol-fixture,Stress corner for execution-friction sensitivity; not calibrated cost prediction.
trellm-v0.3-protocol,synthetic_high_volatility_c0_v0_3,C0,E2,harsh friction sweep corner,realistic,random,103,0.117445,7.119109,-0.025804,0.520833,17,2241.997541,0.0,0.487764,0.487764,1.0,1.0,protocol-fixture,Stress corner for execution-friction sensitivity; not calibrated cost prediction.
trellm-v0.3-protocol,synthetic_high_volatility_c0_v0_3,C0,E2,harsh friction sweep corner,realistic,random,107,0.236073,8.576742,-0.018843,0.652174,10,2019.021817,0.0,0.438249,0.438249,0.965507,1.0,protocol-fixture,Stress corner for execution-friction sensitivity; not calibrated cost prediction.
trellm-v0.3-protocol,synthetic_high_volatility_c0_v0_3,C0,E2,harsh friction sweep corner,realistic,random,109,0.326823,12.18357,-0.003001,0.659091,9,2601.973704,0.0,0.41512,0.41512,0.910237,1.0,protocol-fixture,Stress corner for execution-friction sensitivity; not calibrated cost prediction.
trellm-v0.3-protocol,synthetic_high_volatility_c0_v0_3,C0,E2,harsh friction sweep corner,realistic,random,113,0.094741,4.083441,-0.039935,0.636364,10,2279.582617,0.0,0.473496,0.473496,0.89041,1.0,protocol-fixture,Stress corner for execution-friction sensitivity; not calibrated cost prediction.
trellm-v0.3-protocol,synthetic_high_volatility_c0_v0_3,C0,E2,harsh friction sweep corner,realistic,random,127,0.266384,14.460163,-0.006419,0.619048,12,2363.867288,0.0,0.499908,0.499908,1.0,1.0,protocol-fixture,Stress corner for execution-friction sensitivity; not calibrated cost prediction.
trellm-v0.3-protocol,synthetic_high_volatility_c0_v0_3,C0,E2,harsh friction sweep corner,realistic,random,131,0.111408,5.974999,-0.021516,0.525,13,2024.530141,0.0,0.362446,0.362446,0.691332,1.0,protocol-fixture,Stress corner for execution-friction sensitivity; not calibrated cost prediction.
trellm-v0.3-protocol,synthetic_high_volatility_c0_v0_3,C0,E2,harsh friction sweep corner,realistic,random,137,0.065961,3.668155,-0.031526,0.6,12,2212.572638,0.0,0.514823,0.514823,1.0,1.0,protocol-fixture,Stress corner for execution-friction sensitivity; not calibrated cost prediction.
trellm-v0.3-protocol,synthetic_high_volatility_c0_v0_3,C0,E2,harsh friction sweep corner,realistic,random,139,0.189456,11.308071,-0.001895,0.682927,9,1684.232577,0.0,0.401207,0.401207,1.0,1.0,protocol-fixture,Stress corner for execution-friction sensitivity; not calibrated cost prediction.
trellm-v0.3-protocol,synthetic_high_volatility_c0_v0_3,C0,E2,harsh friction sweep corner,realistic,random,149,0.129945,5.371249,-0.024326,0.666667,9,2553.420578,0.0,0.487919,0.487919,0.889981,1.0,protocol-fixture,Stress corner for execution-friction sensitivity; not calibrated cost prediction.
trellm-v0.3-protocol,synthetic_high_volatility_c0_v0_3,C0,E2,harsh friction sweep corner,realistic,random,151,0.192371,12.164817,-0.006306,0.555556,15,2323.492083,0.0,0.413305,0.413305,1.0,1.0,protocol-fixture,Stress corner for execution-friction sensitivity; not calibrated cost prediction.
