protocol_id,scenario_id,contamination_tier,execution_level,execution_label,execution_mode,agent,seed,total_return,sharpe,max_drawdown,execution_fill_rate,rejected_order_count,total_slippage_cost,intent_risk_gap_l1,risk_execution_gap_l1,intent_execution_gap_l1,max_intent_execution_gap_l1,trajectory_reproducibility_coverage,evidence_tier,claim_scope
trellm-v0.3-protocol,synthetic_calm_trend_c0_v0_3,C0,E0,ideal execution,ideal,buy-and-hold,7,0.200807,24.930539,-0.006348,1.0,0,16.43307,0.3,1.2e-05,0.299988,0.3,1.0,protocol-fixture,Idealized fill baseline for sensitivity analysis.
trellm-v0.3-protocol,synthetic_calm_trend_c0_v0_3,C0,E0,ideal execution,ideal,buy-and-hold,11,0.281519,28.811429,0.0,1.0,0,16.270292,0.3,2.9e-05,0.299995,0.300128,1.0,protocol-fixture,Idealized fill baseline for sensitivity analysis.
trellm-v0.3-protocol,synthetic_calm_trend_c0_v0_3,C0,E0,ideal execution,ideal,buy-and-hold,17,0.224956,23.747117,-0.000427,1.0,0,16.767298,0.3,1.5e-05,0.299997,0.300095,1.0,protocol-fixture,Idealized fill baseline for sensitivity analysis.
trellm-v0.3-protocol,synthetic_calm_trend_c0_v0_3,C0,E0,ideal execution,ideal,buy-and-hold,23,0.263391,29.002415,0.0,1.0,0,16.487746,0.3,2.5e-05,0.299989,0.300175,1.0,protocol-fixture,Idealized fill baseline for sensitivity analysis.
trellm-v0.3-protocol,synthetic_calm_trend_c0_v0_3,C0,E0,ideal execution,ideal,buy-and-hold,31,0.235928,32.144277,0.0,1.0,0,16.392131,0.3,3.5e-05,0.299978,0.300096,1.0,protocol-fixture,Idealized fill baseline for sensitivity analysis.
trellm-v0.3-protocol,synthetic_calm_trend_c0_v0_3,C0,E0,ideal execution,ideal,buy-and-hold,37,0.323029,40.018521,0.0,1.0,0,16.7273,0.3,2.1e-05,0.300007,0.300162,1.0,protocol-fixture,Idealized fill baseline for sensitivity analysis.
trellm-v0.3-protocol,synthetic_calm_trend_c0_v0_3,C0,E0,ideal execution,ideal,buy-and-hold,41,0.213434,25.966186,-1.9e-05,1.0,0,16.551056,0.3,3.5e-05,0.299998,0.30024,1.0,protocol-fixture,Idealized fill baseline for sensitivity analysis.
trellm-v0.3-protocol,synthetic_calm_trend_c0_v0_3,C0,E0,ideal execution,ideal,buy-and-hold,43,0.260743,29.983338,0.0,1.0,0,16.39137,0.3,1e-05,0.29999,0.3,1.0,protocol-fixture,Idealized fill baseline for sensitivity analysis.
trellm-v0.3-protocol,synthetic_calm_trend_c0_v0_3,C0,E0,ideal execution,ideal,buy-and-hold,47,0.23816,28.057327,0.0,1.0,0,16.350136,0.3,2.8e-05,0.299997,0.300186,1.0,protocol-fixture,Idealized fill baseline for sensitivity analysis.
trellm-v0.3-protocol,synthetic_calm_trend_c0_v0_3,C0,E0,ideal execution,ideal,buy-and-hold,53,0.210151,23.374828,-0.001149,1.0,0,16.225538,0.3,3e-05,0.299996,0.300194,1.0,protocol-fixture,Idealized fill baseline for sensitivity analysis.
trellm-v0.3-protocol,synthetic_calm_trend_c0_v0_3,C0,E0,ideal execution,ideal,buy-and-hold,59,0.244475,26.729314,0.0,1.0,0,16.272716,0.3,7e-06,0.299993,0.3,1.0,protocol-fixture,Idealized fill baseline for sensitivity analysis.
trellm-v0.3-protocol,synthetic_calm_trend_c0_v0_3,C0,E0,ideal execution,ideal,buy-and-hold,61,0.22639,32.217458,0.0,1.0,0,16.11574,0.3,3.4e-05,0.299974,0.300088,1.0,protocol-fixture,Idealized fill baseline for sensitivity analysis.
trellm-v0.3-protocol,synthetic_calm_trend_c0_v0_3,C0,E0,ideal execution,ideal,buy-and-hold,67,0.227982,22.404918,-0.010269,1.0,0,16.355631,0.3,1.4e-05,0.299986,0.3,1.0,protocol-fixture,Idealized fill baseline for sensitivity analysis.
trellm-v0.3-protocol,synthetic_calm_trend_c0_v0_3,C0,E0,ideal execution,ideal,buy-and-hold,71,0.273586,29.454462,0.0,1.0,0,16.337647,0.3,1.9e-05,0.299981,0.3,1.0,protocol-fixture,Idealized fill baseline for sensitivity analysis.
trellm-v0.3-protocol,synthetic_calm_trend_c0_v0_3,C0,E0,ideal execution,ideal,buy-and-hold,73,0.257215,27.092939,-0.004846,1.0,0,16.488378,0.3,1.7e-05,0.300002,0.300168,1.0,protocol-fixture,Idealized fill baseline for sensitivity analysis.
trellm-v0.3-protocol,synthetic_calm_trend_c0_v0_3,C0,E0,ideal execution,ideal,buy-and-hold,79,0.200566,26.849746,-0.001314,1.0,0,16.532142,0.3,1.5e-05,0.299986,0.300019,1.0,protocol-fixture,Idealized fill baseline for sensitivity analysis.
trellm-v0.3-protocol,synthetic_calm_trend_c0_v0_3,C0,E0,ideal execution,ideal,buy-and-hold,83,0.214794,24.574972,-0.001498,1.0,0,16.471078,0.3,3e-05,0.3,0.30019,1.0,protocol-fixture,Idealized fill baseline for sensitivity analysis.
trellm-v0.3-protocol,synthetic_calm_trend_c0_v0_3,C0,E0,ideal execution,ideal,buy-and-hold,89,0.230506,22.00189,-0.001443,1.0,0,16.056595,0.3,2.3e-05,0.299978,0.300011,1.0,protocol-fixture,Idealized fill baseline for sensitivity analysis.
trellm-v0.3-protocol,synthetic_calm_trend_c0_v0_3,C0,E0,ideal execution,ideal,buy-and-hold,97,0.198503,26.716683,-0.00139,1.0,0,16.883262,0.3,1.4e-05,0.299986,0.3,1.0,protocol-fixture,Idealized fill baseline for sensitivity analysis.
trellm-v0.3-protocol,synthetic_calm_trend_c0_v0_3,C0,E0,ideal execution,ideal,buy-and-hold,101,0.181492,29.953862,-0.000773,1.0,0,16.739559,0.3,7e-06,0.299993,0.3,1.0,protocol-fixture,Idealized fill baseline for sensitivity analysis.
trellm-v0.3-protocol,synthetic_calm_trend_c0_v0_3,C0,E0,ideal execution,ideal,buy-and-hold,103,0.200477,21.608614,-0.004754,1.0,0,16.670077,0.3,2.2e-05,0.299998,0.300222,1.0,protocol-fixture,Idealized fill baseline for sensitivity analysis.
trellm-v0.3-protocol,synthetic_calm_trend_c0_v0_3,C0,E0,ideal execution,ideal,buy-and-hold,107,0.22983,27.948225,0.0,1.0,0,16.661072,0.3,8e-06,0.299993,0.300016,1.0,protocol-fixture,Idealized fill baseline for sensitivity analysis.
trellm-v0.3-protocol,synthetic_calm_trend_c0_v0_3,C0,E0,ideal execution,ideal,buy-and-hold,109,0.275306,30.230579,-0.002762,1.0,0,16.707911,0.3,1.6e-05,0.299997,0.300156,1.0,protocol-fixture,Idealized fill baseline for sensitivity analysis.
trellm-v0.3-protocol,synthetic_calm_trend_c0_v0_3,C0,E0,ideal execution,ideal,buy-and-hold,113,0.227904,28.711059,0.0,1.0,0,16.663047,0.3,7e-06,0.299993,0.3,1.0,protocol-fixture,Idealized fill baseline for sensitivity analysis.
trellm-v0.3-protocol,synthetic_calm_trend_c0_v0_3,C0,E0,ideal execution,ideal,buy-and-hold,127,0.270279,27.363115,-0.003509,1.0,0,16.532841,0.3,2.7e-05,0.299981,0.300088,1.0,protocol-fixture,Idealized fill baseline for sensitivity analysis.
trellm-v0.3-protocol,synthetic_calm_trend_c0_v0_3,C0,E0,ideal execution,ideal,buy-and-hold,131,0.221854,22.807193,-0.004534,1.0,0,16.506363,0.3,1.3e-05,0.299987,0.3,1.0,protocol-fixture,Idealized fill baseline for sensitivity analysis.
trellm-v0.3-protocol,synthetic_calm_trend_c0_v0_3,C0,E0,ideal execution,ideal,buy-and-hold,137,0.185979,16.820575,-0.012133,1.0,0,16.131348,0.3,2.3e-05,0.29999,0.30011,1.0,protocol-fixture,Idealized fill baseline for sensitivity analysis.
trellm-v0.3-protocol,synthetic_calm_trend_c0_v0_3,C0,E0,ideal execution,ideal,buy-and-hold,139,0.257726,31.592029,-0.000896,1.0,0,16.160442,0.3,2.7e-05,0.29999,0.300213,1.0,protocol-fixture,Idealized fill baseline for sensitivity analysis.
trellm-v0.3-protocol,synthetic_calm_trend_c0_v0_3,C0,E0,ideal execution,ideal,buy-and-hold,149,0.236382,20.838959,-0.001099,1.0,0,16.547516,0.3,7e-06,0.299993,0.3,1.0,protocol-fixture,Idealized fill baseline for sensitivity analysis.
trellm-v0.3-protocol,synthetic_calm_trend_c0_v0_3,C0,E0,ideal execution,ideal,buy-and-hold,151,0.252384,35.222505,0.0,1.0,0,16.748558,0.3,1.5e-05,0.299991,0.300065,1.0,protocol-fixture,Idealized fill baseline for sensitivity analysis.
trellm-v0.3-protocol,synthetic_calm_trend_c0_v0_3,C0,E0,ideal execution,ideal,signal-weighted,7,0.133342,16.088712,-3.4e-05,1.0,0,19.224836,0.231566,1.6e-05,0.231573,0.584447,1.0,protocol-fixture,Idealized fill baseline for sensitivity analysis.
trellm-v0.3-protocol,synthetic_calm_trend_c0_v0_3,C0,E0,ideal execution,ideal,signal-weighted,11,0.177122,14.791448,-0.004048,1.0,0,29.060336,0.477572,1.3e-05,0.477566,0.899999,1.0,protocol-fixture,Idealized fill baseline for sensitivity analysis.
trellm-v0.3-protocol,synthetic_calm_trend_c0_v0_3,C0,E0,ideal execution,ideal,signal-weighted,17,0.158302,14.38929,-3.4e-05,1.0,0,43.768688,0.296869,1.4e-05,0.296868,0.807358,1.0,protocol-fixture,Idealized fill baseline for sensitivity analysis.
trellm-v0.3-protocol,synthetic_calm_trend_c0_v0_3,C0,E0,ideal execution,ideal,signal-weighted,23,0.170862,17.223482,-3.4e-05,1.0,0,15.192933,0.377885,1.3e-05,0.377892,0.899999,1.0,protocol-fixture,Idealized fill baseline for sensitivity analysis.
trellm-v0.3-protocol,synthetic_calm_trend_c0_v0_3,C0,E0,ideal execution,ideal,signal-weighted,31,0.154347,17.188389,-3.4e-05,1.0,0,29.512415,0.324081,1.3e-05,0.324069,0.702975,1.0,protocol-fixture,Idealized fill baseline for sensitivity analysis.
trellm-v0.3-protocol,synthetic_calm_trend_c0_v0_3,C0,E0,ideal execution,ideal,signal-weighted,37,0.194543,17.969763,-0.000105,1.0,0,29.610778,0.486172,1.4e-05,0.486172,0.900162,1.0,protocol-fixture,Idealized fill baseline for sensitivity analysis.
trellm-v0.3-protocol,synthetic_calm_trend_c0_v0_3,C0,E0,ideal execution,ideal,signal-weighted,41,0.131304,14.678387,-3.4e-05,1.0,0,17.310809,0.296505,1.8e-05,0.296502,0.701158,1.0,protocol-fixture,Idealized fill baseline for sensitivity analysis.
trellm-v0.3-protocol,synthetic_calm_trend_c0_v0_3,C0,E0,ideal execution,ideal,signal-weighted,43,0.182095,17.328764,-0.000105,1.0,0,29.31241,0.400871,6e-06,0.400868,0.899999,1.0,protocol-fixture,Idealized fill baseline for sensitivity analysis.
trellm-v0.3-protocol,synthetic_calm_trend_c0_v0_3,C0,E0,ideal execution,ideal,signal-weighted,47,0.173876,16.706273,-3.4e-05,1.0,0,45.184735,0.32946,1.4e-05,0.329458,0.835498,1.0,protocol-fixture,Idealized fill baseline for sensitivity analysis.
trellm-v0.3-protocol,synthetic_calm_trend_c0_v0_3,C0,E0,ideal execution,ideal,signal-weighted,53,0.117181,13.770153,-0.001149,1.0,0,51.531252,0.301559,2.4e-05,0.301537,0.817451,1.0,protocol-fixture,Idealized fill baseline for sensitivity analysis.
trellm-v0.3-protocol,synthetic_calm_trend_c0_v0_3,C0,E0,ideal execution,ideal,signal-weighted,59,0.165571,16.142641,-3.4e-05,1.0,0,45.431127,0.316922,1.7e-05,0.316923,0.804769,1.0,protocol-fixture,Idealized fill baseline for sensitivity analysis.
trellm-v0.3-protocol,synthetic_calm_trend_c0_v0_3,C0,E0,ideal execution,ideal,signal-weighted,61,0.143506,16.804314,-3.4e-05,1.0,0,29.259339,0.300435,2e-05,0.300422,0.765676,1.0,protocol-fixture,Idealized fill baseline for sensitivity analysis.
trellm-v0.3-protocol,synthetic_calm_trend_c0_v0_3,C0,E0,ideal execution,ideal,signal-weighted,67,0.146796,17.031446,-3.4e-05,1.0,0,29.442931,0.351933,1.4e-05,0.351919,0.870721,1.0,protocol-fixture,Idealized fill baseline for sensitivity analysis.
trellm-v0.3-protocol,synthetic_calm_trend_c0_v0_3,C0,E0,ideal execution,ideal,signal-weighted,71,0.163859,15.284508,-0.000105,1.0,0,31.681898,0.386175,1.2e-05,0.386163,0.8799,1.0,protocol-fixture,Idealized fill baseline for sensitivity analysis.
trellm-v0.3-protocol,synthetic_calm_trend_c0_v0_3,C0,E0,ideal execution,ideal,signal-weighted,73,0.150842,15.7138,-3.4e-05,1.0,0,15.096197,0.434427,1.5e-05,0.434431,0.899999,1.0,protocol-fixture,Idealized fill baseline for sensitivity analysis.
trellm-v0.3-protocol,synthetic_calm_trend_c0_v0_3,C0,E0,ideal execution,ideal,signal-weighted,79,0.117074,14.637124,-0.001263,1.0,0,18.926417,0.221684,7e-06,0.221678,0.486248,1.0,protocol-fixture,Idealized fill baseline for sensitivity analysis.
trellm-v0.3-protocol,synthetic_calm_trend_c0_v0_3,C0,E0,ideal execution,ideal,signal-weighted,83,0.147646,14.704593,-0.000872,1.0,0,36.614009,0.247821,2.4e-05,0.247816,0.675913,1.0,protocol-fixture,Idealized fill baseline for sensitivity analysis.
trellm-v0.3-protocol,synthetic_calm_trend_c0_v0_3,C0,E0,ideal execution,ideal,signal-weighted,89,0.165448,15.132901,-3.4e-05,1.0,0,28.984093,0.32569,1.3e-05,0.325682,0.861184,1.0,protocol-fixture,Idealized fill baseline for sensitivity analysis.
trellm-v0.3-protocol,synthetic_calm_trend_c0_v0_3,C0,E0,ideal execution,ideal,signal-weighted,97,0.125887,15.24007,-3.4e-05,1.0,0,31.837887,0.194316,8e-06,0.194314,0.52464,1.0,protocol-fixture,Idealized fill baseline for sensitivity analysis.
trellm-v0.3-protocol,synthetic_calm_trend_c0_v0_3,C0,E0,ideal execution,ideal,signal-weighted,101,0.088201,14.344472,-0.001175,1.0,0,30.285402,0.176667,6e-06,0.176663,0.449977,1.0,protocol-fixture,Idealized fill baseline for sensitivity analysis.
trellm-v0.3-protocol,synthetic_calm_trend_c0_v0_3,C0,E0,ideal execution,ideal,signal-weighted,103,0.117184,13.44769,-0.004788,1.0,0,18.187903,0.284983,7e-06,0.284983,0.732726,1.0,protocol-fixture,Idealized fill baseline for sensitivity analysis.
trellm-v0.3-protocol,synthetic_calm_trend_c0_v0_3,C0,E0,ideal execution,ideal,signal-weighted,107,0.133253,16.236924,-3.4e-05,1.0,0,43.946934,0.279872,1e-05,0.279867,0.648763,1.0,protocol-fixture,Idealized fill baseline for sensitivity analysis.
trellm-v0.3-protocol,synthetic_calm_trend_c0_v0_3,C0,E0,ideal execution,ideal,signal-weighted,109,0.18462,16.972658,-3.4e-05,1.0,0,15.928675,0.389925,1.4e-05,0.389928,0.899997,1.0,protocol-fixture,Idealized fill baseline for sensitivity analysis.
trellm-v0.3-protocol,synthetic_calm_trend_c0_v0_3,C0,E0,ideal execution,ideal,signal-weighted,113,0.165371,17.118624,-3.4e-05,1.0,0,44.192603,0.273893,1e-05,0.273887,0.763522,1.0,protocol-fixture,Idealized fill baseline for sensitivity analysis.
trellm-v0.3-protocol,synthetic_calm_trend_c0_v0_3,C0,E0,ideal execution,ideal,signal-weighted,127,0.166735,16.031868,-3.4e-05,1.0,0,15.570233,0.442229,1.9e-05,0.442217,0.899999,1.0,protocol-fixture,Idealized fill baseline for sensitivity analysis.
trellm-v0.3-protocol,synthetic_calm_trend_c0_v0_3,C0,E0,ideal execution,ideal,signal-weighted,131,0.150557,15.324388,-0.004294,1.0,0,32.570227,0.337575,1.3e-05,0.337566,0.80266,1.0,protocol-fixture,Idealized fill baseline for sensitivity analysis.
trellm-v0.3-protocol,synthetic_calm_trend_c0_v0_3,C0,E0,ideal execution,ideal,signal-weighted,137,0.143528,14.730075,-3.4e-05,1.0,0,15.174961,0.28607,4e-06,0.286071,0.795189,1.0,protocol-fixture,Idealized fill baseline for sensitivity analysis.
trellm-v0.3-protocol,synthetic_calm_trend_c0_v0_3,C0,E0,ideal execution,ideal,signal-weighted,139,0.175025,18.501905,-3.4e-05,1.0,0,43.46527,0.376868,2.3e-05,0.376864,0.790261,1.0,protocol-fixture,Idealized fill baseline for sensitivity analysis.
trellm-v0.3-protocol,synthetic_calm_trend_c0_v0_3,C0,E0,ideal execution,ideal,signal-weighted,149,0.167898,15.029874,-0.001099,1.0,0,15.669567,0.317478,4e-06,0.317475,0.899999,1.0,protocol-fixture,Idealized fill baseline for sensitivity analysis.
trellm-v0.3-protocol,synthetic_calm_trend_c0_v0_3,C0,E0,ideal execution,ideal,signal-weighted,151,0.168313,17.681741,-0.000105,1.0,0,29.30509,0.374409,1.6e-05,0.374399,0.816512,1.0,protocol-fixture,Idealized fill baseline for sensitivity analysis.
trellm-v0.3-protocol,synthetic_calm_trend_c0_v0_3,C0,E0,ideal execution,ideal,naive-momentum,7,0.189589,26.265633,-0.000105,1.0,0,26.099958,0.0,1e-05,1e-05,5.4e-05,1.0,protocol-fixture,Idealized fill baseline for sensitivity analysis.
trellm-v0.3-protocol,synthetic_calm_trend_c0_v0_3,C0,E0,ideal execution,ideal,naive-momentum,11,0.262969,26.137065,-0.000105,1.0,0,20.477096,0.0,1.9e-05,1.9e-05,8.8e-05,1.0,protocol-fixture,Idealized fill baseline for sensitivity analysis.
trellm-v0.3-protocol,synthetic_calm_trend_c0_v0_3,C0,E0,ideal execution,ideal,naive-momentum,17,0.195439,21.251544,-0.000152,1.0,0,31.974417,0.0,1.7e-05,1.7e-05,9.6e-05,1.0,protocol-fixture,Idealized fill baseline for sensitivity analysis.
trellm-v0.3-protocol,synthetic_calm_trend_c0_v0_3,C0,E0,ideal execution,ideal,naive-momentum,23,0.246105,28.114147,-0.000207,1.0,0,25.529485,0.0,1e-05,1e-05,0.000142,1.0,protocol-fixture,Idealized fill baseline for sensitivity analysis.
trellm-v0.3-protocol,synthetic_calm_trend_c0_v0_3,C0,E0,ideal execution,ideal,naive-momentum,31,0.225995,28.793287,-0.00021,1.0,0,30.425696,0.0,1.7e-05,1.7e-05,0.000147,1.0,protocol-fixture,Idealized fill baseline for sensitivity analysis.
trellm-v0.3-protocol,synthetic_calm_trend_c0_v0_3,C0,E0,ideal execution,ideal,naive-momentum,37,0.298311,32.239126,-0.000105,1.0,0,20.952229,0.0,1e-05,1e-05,7.4e-05,1.0,protocol-fixture,Idealized fill baseline for sensitivity analysis.
trellm-v0.3-protocol,synthetic_calm_trend_c0_v0_3,C0,E0,ideal execution,ideal,naive-momentum,41,0.19644,23.758572,-0.000105,1.0,0,27.001784,0.0,3.6e-05,3.6e-05,0.000227,1.0,protocol-fixture,Idealized fill baseline for sensitivity analysis.
trellm-v0.3-protocol,synthetic_calm_trend_c0_v0_3,C0,E0,ideal execution,ideal,naive-momentum,43,0.243979,26.849795,-0.000105,1.0,0,17.505895,0.0,5e-06,5e-06,3.8e-05,1.0,protocol-fixture,Idealized fill baseline for sensitivity analysis.
trellm-v0.3-protocol,synthetic_calm_trend_c0_v0_3,C0,E0,ideal execution,ideal,naive-momentum,47,0.225165,24.593527,-0.000196,1.0,0,23.097316,0.0,2e-05,2e-05,0.000187,1.0,protocol-fixture,Idealized fill baseline for sensitivity analysis.
trellm-v0.3-protocol,synthetic_calm_trend_c0_v0_3,C0,E0,ideal execution,ideal,naive-momentum,53,0.192601,21.607482,-0.001149,1.0,0,28.282315,0.0,1.4e-05,1.4e-05,0.000138,1.0,protocol-fixture,Idealized fill baseline for sensitivity analysis.
trellm-v0.3-protocol,synthetic_calm_trend_c0_v0_3,C0,E0,ideal execution,ideal,naive-momentum,59,0.21385,23.345454,-0.00021,1.0,0,31.32681,0.0,1.2e-05,1.2e-05,0.000147,1.0,protocol-fixture,Idealized fill baseline for sensitivity analysis.
trellm-v0.3-protocol,synthetic_calm_trend_c0_v0_3,C0,E0,ideal execution,ideal,naive-momentum,61,0.208869,26.270271,-0.000875,1.0,0,27.127923,0.0,2.3e-05,2.3e-05,0.000131,1.0,protocol-fixture,Idealized fill baseline for sensitivity analysis.
trellm-v0.3-protocol,synthetic_calm_trend_c0_v0_3,C0,E0,ideal execution,ideal,naive-momentum,67,0.20979,20.939957,-0.008263,1.0,0,34.420939,0.0,1.9e-05,1.9e-05,0.000108,1.0,protocol-fixture,Idealized fill baseline for sensitivity analysis.
trellm-v0.3-protocol,synthetic_calm_trend_c0_v0_3,C0,E0,ideal execution,ideal,naive-momentum,71,0.263168,26.861332,-0.000191,1.0,0,17.186703,0.0,1.9e-05,1.9e-05,0.000122,1.0,protocol-fixture,Idealized fill baseline for sensitivity analysis.
trellm-v0.3-protocol,synthetic_calm_trend_c0_v0_3,C0,E0,ideal execution,ideal,naive-momentum,73,0.229315,23.92697,-0.000384,1.0,0,23.608782,0.0,1.7e-05,1.7e-05,0.000169,1.0,protocol-fixture,Idealized fill baseline for sensitivity analysis.
trellm-v0.3-protocol,synthetic_calm_trend_c0_v0_3,C0,E0,ideal execution,ideal,naive-momentum,79,0.184019,22.848592,-0.003365,1.0,0,37.981997,0.0,1.7e-05,1.7e-05,0.000145,1.0,protocol-fixture,Idealized fill baseline for sensitivity analysis.
trellm-v0.3-protocol,synthetic_calm_trend_c0_v0_3,C0,E0,ideal execution,ideal,naive-momentum,83,0.19786,21.853656,-0.00128,1.0,0,29.721953,0.0,2.5e-05,2.5e-05,0.000188,1.0,protocol-fixture,Idealized fill baseline for sensitivity analysis.
trellm-v0.3-protocol,synthetic_calm_trend_c0_v0_3,C0,E0,ideal execution,ideal,naive-momentum,89,0.216747,19.969512,-0.000979,1.0,0,24.379574,0.0,2.4e-05,2.4e-05,0.000219,1.0,protocol-fixture,Idealized fill baseline for sensitivity analysis.
trellm-v0.3-protocol,synthetic_calm_trend_c0_v0_3,C0,E0,ideal execution,ideal,naive-momentum,97,0.164163,23.051853,-0.001912,1.0,0,55.176815,0.0,1.6e-05,1.6e-05,7.3e-05,1.0,protocol-fixture,Idealized fill baseline for sensitivity analysis.
trellm-v0.3-protocol,synthetic_calm_trend_c0_v0_3,C0,E0,ideal execution,ideal,naive-momentum,101,0.150122,24.895602,-0.001032,1.0,0,35.227915,0.0,1.2e-05,1.2e-05,3.7e-05,1.0,protocol-fixture,Idealized fill baseline for sensitivity analysis.
trellm-v0.3-protocol,synthetic_calm_trend_c0_v0_3,C0,E0,ideal execution,ideal,naive-momentum,103,0.18061,21.127656,-0.004026,1.0,0,51.254508,0.0,2.5e-05,2.5e-05,0.000177,1.0,protocol-fixture,Idealized fill baseline for sensitivity analysis.
trellm-v0.3-protocol,synthetic_calm_trend_c0_v0_3,C0,E0,ideal execution,ideal,naive-momentum,107,0.208803,28.26638,-0.00021,1.0,0,32.53126,0.0,1.3e-05,1.3e-05,0.000147,1.0,protocol-fixture,Idealized fill baseline for sensitivity analysis.
trellm-v0.3-protocol,synthetic_calm_trend_c0_v0_3,C0,E0,ideal execution,ideal,naive-momentum,109,0.255373,30.827412,-0.000105,1.0,0,22.759371,0.0,1.6e-05,1.6e-05,0.000156,1.0,protocol-fixture,Idealized fill baseline for sensitivity analysis.
trellm-v0.3-protocol,synthetic_calm_trend_c0_v0_3,C0,E0,ideal execution,ideal,naive-momentum,113,0.212595,26.343321,-0.00021,1.0,0,28.895589,0.0,1.3e-05,1.3e-05,0.000147,1.0,protocol-fixture,Idealized fill baseline for sensitivity analysis.
trellm-v0.3-protocol,synthetic_calm_trend_c0_v0_3,C0,E0,ideal execution,ideal,naive-momentum,127,0.261085,26.711722,-0.000105,1.0,0,20.164127,0.0,2e-05,2e-05,0.000189,1.0,protocol-fixture,Idealized fill baseline for sensitivity analysis.
trellm-v0.3-protocol,synthetic_calm_trend_c0_v0_3,C0,E0,ideal execution,ideal,naive-momentum,131,0.197103,19.997727,-0.00447,1.0,0,52.402259,0.0,1.6e-05,1.6e-05,0.000147,1.0,protocol-fixture,Idealized fill baseline for sensitivity analysis.
trellm-v0.3-protocol,synthetic_calm_trend_c0_v0_3,C0,E0,ideal execution,ideal,naive-momentum,137,0.186098,18.366857,-0.001377,1.0,0,31.685459,0.0,1.8e-05,1.8e-05,0.000165,1.0,protocol-fixture,Idealized fill baseline for sensitivity analysis.
trellm-v0.3-protocol,synthetic_calm_trend_c0_v0_3,C0,E0,ideal execution,ideal,naive-momentum,139,0.237688,29.385857,-0.00018,1.0,0,30.678154,0.0,2e-05,2e-05,0.000214,1.0,protocol-fixture,Idealized fill baseline for sensitivity analysis.
trellm-v0.3-protocol,synthetic_calm_trend_c0_v0_3,C0,E0,ideal execution,ideal,naive-momentum,149,0.213534,19.731413,-0.001099,1.0,0,34.779983,0.0,1.6e-05,1.6e-05,0.000147,1.0,protocol-fixture,Idealized fill baseline for sensitivity analysis.
trellm-v0.3-protocol,synthetic_calm_trend_c0_v0_3,C0,E0,ideal execution,ideal,naive-momentum,151,0.23189,29.303481,-0.000105,1.0,0,18.036628,0.0,1e-05,1e-05,7.5e-05,1.0,protocol-fixture,Idealized fill baseline for sensitivity analysis.
trellm-v0.3-protocol,synthetic_calm_trend_c0_v0_3,C0,E0,ideal execution,ideal,mean-reversion,7,0.003834,1.163099,-0.006455,1.0,0,14.283455,0.0,2e-06,2e-06,3.7e-05,1.0,protocol-fixture,Idealized fill baseline for sensitivity analysis.
trellm-v0.3-protocol,synthetic_calm_trend_c0_v0_3,C0,E0,ideal execution,ideal,mean-reversion,11,0.009617,4.78769,-0.000105,1.0,0,14.196599,0.0,2e-06,2e-06,3.7e-05,1.0,protocol-fixture,Idealized fill baseline for sensitivity analysis.
trellm-v0.3-protocol,synthetic_calm_trend_c0_v0_3,C0,E0,ideal execution,ideal,mean-reversion,17,0.002391,3.161966,-0.000105,1.0,0,14.052027,0.0,2e-06,2e-06,3.7e-05,1.0,protocol-fixture,Idealized fill baseline for sensitivity analysis.
trellm-v0.3-protocol,synthetic_calm_trend_c0_v0_3,C0,E0,ideal execution,ideal,mean-reversion,23,0.0,0.0,0.0,0.0,0,0.0,0.0,0.0,0.0,0.0,1.0,protocol-fixture,Idealized fill baseline for sensitivity analysis.
trellm-v0.3-protocol,synthetic_calm_trend_c0_v0_3,C0,E0,ideal execution,ideal,mean-reversion,31,0.00339,3.295868,-0.000105,1.0,0,14.072022,0.0,6e-06,6e-06,9.8e-05,1.0,protocol-fixture,Idealized fill baseline for sensitivity analysis.
trellm-v0.3-protocol,synthetic_calm_trend_c0_v0_3,C0,E0,ideal execution,ideal,mean-reversion,37,0.007799,3.263838,-0.000105,1.0,0,14.160236,0.0,2e-06,2e-06,3.7e-05,1.0,protocol-fixture,Idealized fill baseline for sensitivity analysis.
trellm-v0.3-protocol,synthetic_calm_trend_c0_v0_3,C0,E0,ideal execution,ideal,mean-reversion,41,0.007026,3.442281,-0.000553,1.0,0,28.165493,0.0,3e-06,3e-06,3.7e-05,1.0,protocol-fixture,Idealized fill baseline for sensitivity analysis.
trellm-v0.3-protocol,synthetic_calm_trend_c0_v0_3,C0,E0,ideal execution,ideal,mean-reversion,43,0.009782,2.79113,-0.005335,1.0,0,14.338988,0.0,2e-06,2e-06,3.7e-05,1.0,protocol-fixture,Idealized fill baseline for sensitivity analysis.
trellm-v0.3-protocol,synthetic_calm_trend_c0_v0_3,C0,E0,ideal execution,ideal,mean-reversion,47,0.0,0.0,0.0,0.0,0,0.0,0.0,0.0,0.0,0.0,1.0,protocol-fixture,Idealized fill baseline for sensitivity analysis.
trellm-v0.3-protocol,synthetic_calm_trend_c0_v0_3,C0,E0,ideal execution,ideal,mean-reversion,53,0.002068,3.139589,-0.000105,1.0,0,14.045575,0.0,2e-06,2e-06,3.7e-05,1.0,protocol-fixture,Idealized fill baseline for sensitivity analysis.
trellm-v0.3-protocol,synthetic_calm_trend_c0_v0_3,C0,E0,ideal execution,ideal,mean-reversion,59,0.0,0.0,0.0,0.0,0,0.0,0.0,0.0,0.0,0.0,1.0,protocol-fixture,Idealized fill baseline for sensitivity analysis.
trellm-v0.3-protocol,synthetic_calm_trend_c0_v0_3,C0,E0,ideal execution,ideal,mean-reversion,61,0.003971,3.219964,-0.000105,1.0,0,14.083646,0.0,2e-06,2e-06,3.7e-05,1.0,protocol-fixture,Idealized fill baseline for sensitivity analysis.
trellm-v0.3-protocol,synthetic_calm_trend_c0_v0_3,C0,E0,ideal execution,ideal,mean-reversion,67,0.007067,3.98324,-0.000105,1.0,0,14.145577,0.0,2e-06,2e-06,3.7e-05,1.0,protocol-fixture,Idealized fill baseline for sensitivity analysis.
trellm-v0.3-protocol,synthetic_calm_trend_c0_v0_3,C0,E0,ideal execution,ideal,mean-reversion,71,0.0,0.0,0.0,0.0,0,0.0,0.0,0.0,0.0,0.0,1.0,protocol-fixture,Idealized fill baseline for sensitivity analysis.
trellm-v0.3-protocol,synthetic_calm_trend_c0_v0_3,C0,E0,ideal execution,ideal,mean-reversion,73,0.01546,5.155162,-0.000105,1.0,0,14.313504,0.0,2e-06,2e-06,3.7e-05,1.0,protocol-fixture,Idealized fill baseline for sensitivity analysis.
trellm-v0.3-protocol,synthetic_calm_trend_c0_v0_3,C0,E0,ideal execution,ideal,mean-reversion,79,0.009502,4.727969,-0.000105,1.0,0,28.270154,0.0,5e-06,5e-06,7.4e-05,1.0,protocol-fixture,Idealized fill baseline for sensitivity analysis.
trellm-v0.3-protocol,synthetic_calm_trend_c0_v0_3,C0,E0,ideal execution,ideal,mean-reversion,83,0.00193,3.127818,-0.000105,1.0,0,14.042816,0.0,2e-06,2e-06,3.7e-05,1.0,protocol-fixture,Idealized fill baseline for sensitivity analysis.
trellm-v0.3-protocol,synthetic_calm_trend_c0_v0_3,C0,E0,ideal execution,ideal,mean-reversion,89,0.004553,2.580964,-0.001143,1.0,0,14.120811,0.0,2e-06,2e-06,3.7e-05,1.0,protocol-fixture,Idealized fill baseline for sensitivity analysis.
trellm-v0.3-protocol,synthetic_calm_trend_c0_v0_3,C0,E0,ideal execution,ideal,mean-reversion,97,0.010642,4.682305,-0.000105,1.0,0,28.309116,0.0,5e-06,5e-06,7.4e-05,1.0,protocol-fixture,Idealized fill baseline for sensitivity analysis.
trellm-v0.3-protocol,synthetic_calm_trend_c0_v0_3,C0,E0,ideal execution,ideal,mean-reversion,101,0.001517,1.153119,-0.002758,1.0,0,14.121056,0.0,2e-06,2e-06,3.7e-05,1.0,protocol-fixture,Idealized fill baseline for sensitivity analysis.
trellm-v0.3-protocol,synthetic_calm_trend_c0_v0_3,C0,E0,ideal execution,ideal,mean-reversion,103,0.011615,4.319321,-0.00021,1.0,0,42.357239,0.0,8e-06,8e-06,0.000147,1.0,protocol-fixture,Idealized fill baseline for sensitivity analysis.
trellm-v0.3-protocol,synthetic_calm_trend_c0_v0_3,C0,E0,ideal execution,ideal,mean-reversion,107,0.0,0.0,0.0,0.0,0,0.0,0.0,0.0,0.0,0.0,1.0,protocol-fixture,Idealized fill baseline for sensitivity analysis.
trellm-v0.3-protocol,synthetic_calm_trend_c0_v0_3,C0,E0,ideal execution,ideal,mean-reversion,109,0.011621,5.119051,-0.000105,1.0,0,14.236698,0.0,2e-06,2e-06,3.7e-05,1.0,protocol-fixture,Idealized fill baseline for sensitivity analysis.
trellm-v0.3-protocol,synthetic_calm_trend_c0_v0_3,C0,E0,ideal execution,ideal,mean-reversion,113,0.0,0.0,0.0,0.0,0,0.0,0.0,0.0,0.0,0.0,1.0,protocol-fixture,Idealized fill baseline for sensitivity analysis.
trellm-v0.3-protocol,synthetic_calm_trend_c0_v0_3,C0,E0,ideal execution,ideal,mean-reversion,127,0.005725,4.572826,-0.000204,1.0,0,27.292309,0.0,1.1e-05,1.1e-05,0.000138,1.0,protocol-fixture,Idealized fill baseline for sensitivity analysis.
trellm-v0.3-protocol,synthetic_calm_trend_c0_v0_3,C0,E0,ideal execution,ideal,mean-reversion,131,0.01075,4.739658,-0.000105,1.0,0,28.300158,0.0,5e-06,5e-06,7.4e-05,1.0,protocol-fixture,Idealized fill baseline for sensitivity analysis.
trellm-v0.3-protocol,synthetic_calm_trend_c0_v0_3,C0,E0,ideal execution,ideal,mean-reversion,137,0.003379,2.699078,-0.001773,1.0,0,26.31913,0.0,6e-06,6e-06,8.9e-05,1.0,protocol-fixture,Idealized fill baseline for sensitivity analysis.
trellm-v0.3-protocol,synthetic_calm_trend_c0_v0_3,C0,E0,ideal execution,ideal,mean-reversion,139,0.00587,3.143533,-0.000294,1.0,0,14.121635,0.0,5e-06,5e-06,8.6e-05,1.0,protocol-fixture,Idealized fill baseline for sensitivity analysis.
trellm-v0.3-protocol,synthetic_calm_trend_c0_v0_3,C0,E0,ideal execution,ideal,mean-reversion,149,0.000876,0.453941,-0.004097,1.0,0,14.124052,0.0,2e-06,2e-06,3.7e-05,1.0,protocol-fixture,Idealized fill baseline for sensitivity analysis.
trellm-v0.3-protocol,synthetic_calm_trend_c0_v0_3,C0,E0,ideal execution,ideal,mean-reversion,151,0.003413,1.951715,-0.002117,1.0,0,14.123321,0.0,1.4e-05,1.4e-05,0.000164,1.0,protocol-fixture,Idealized fill baseline for sensitivity analysis.
trellm-v0.3-protocol,synthetic_calm_trend_c0_v0_3,C0,E0,ideal execution,ideal,risk-parity,7,0.191584,24.184047,-0.006409,1.0,0,26.801171,0.0,2.1e-05,2.1e-05,0.000147,1.0,protocol-fixture,Idealized fill baseline for sensitivity analysis.
trellm-v0.3-protocol,synthetic_calm_trend_c0_v0_3,C0,E0,ideal execution,ideal,risk-parity,11,0.270228,29.34917,0.0,1.0,0,19.807976,0.0,2e-05,2e-05,0.000147,1.0,protocol-fixture,Idealized fill baseline for sensitivity analysis.
trellm-v0.3-protocol,synthetic_calm_trend_c0_v0_3,C0,E0,ideal execution,ideal,risk-parity,17,0.223803,23.756735,-0.000428,1.0,0,17.977167,0.0,1.5e-05,1.5e-05,0.000147,1.0,protocol-fixture,Idealized fill baseline for sensitivity analysis.
trellm-v0.3-protocol,synthetic_calm_trend_c0_v0_3,C0,E0,ideal execution,ideal,risk-parity,23,0.260562,28.948036,0.0,1.0,0,18.938214,0.0,2.6e-05,2.6e-05,0.000207,1.0,protocol-fixture,Idealized fill baseline for sensitivity analysis.
trellm-v0.3-protocol,synthetic_calm_trend_c0_v0_3,C0,E0,ideal execution,ideal,risk-parity,31,0.235497,31.991685,0.0,1.0,0,18.952272,0.0,3.2e-05,3.2e-05,0.000369,1.0,protocol-fixture,Idealized fill baseline for sensitivity analysis.
trellm-v0.3-protocol,synthetic_calm_trend_c0_v0_3,C0,E0,ideal execution,ideal,risk-parity,37,0.323006,40.005767,0.0,1.0,0,17.399106,0.0,2.2e-05,2.2e-05,0.000163,1.0,protocol-fixture,Idealized fill baseline for sensitivity analysis.
trellm-v0.3-protocol,synthetic_calm_trend_c0_v0_3,C0,E0,ideal execution,ideal,risk-parity,41,0.20855,24.633915,-1.9e-05,1.0,0,29.689105,0.0,3.9e-05,3.9e-05,0.00024,1.0,protocol-fixture,Idealized fill baseline for sensitivity analysis.
trellm-v0.3-protocol,synthetic_calm_trend_c0_v0_3,C0,E0,ideal execution,ideal,risk-parity,43,0.257675,30.802053,0.0,1.0,0,29.219334,0.0,1.1e-05,1.1e-05,0.000147,1.0,protocol-fixture,Idealized fill baseline for sensitivity analysis.
trellm-v0.3-protocol,synthetic_calm_trend_c0_v0_3,C0,E0,ideal execution,ideal,risk-parity,47,0.236595,29.239501,0.0,1.0,0,29.964611,0.0,2.7e-05,2.7e-05,0.000154,1.0,protocol-fixture,Idealized fill baseline for sensitivity analysis.
trellm-v0.3-protocol,synthetic_calm_trend_c0_v0_3,C0,E0,ideal execution,ideal,risk-parity,53,0.205458,22.333432,-0.001149,1.0,0,22.277604,0.0,3.2e-05,3.2e-05,0.000194,1.0,protocol-fixture,Idealized fill baseline for sensitivity analysis.
trellm-v0.3-protocol,synthetic_calm_trend_c0_v0_3,C0,E0,ideal execution,ideal,risk-parity,59,0.244475,26.729314,0.0,1.0,0,16.272716,0.0,7e-06,7e-06,0.000147,1.0,protocol-fixture,Idealized fill baseline for sensitivity analysis.
trellm-v0.3-protocol,synthetic_calm_trend_c0_v0_3,C0,E0,ideal execution,ideal,risk-parity,61,0.225463,32.124535,0.0,1.0,0,17.822186,0.0,3.6e-05,3.6e-05,0.000231,1.0,protocol-fixture,Idealized fill baseline for sensitivity analysis.
trellm-v0.3-protocol,synthetic_calm_trend_c0_v0_3,C0,E0,ideal execution,ideal,risk-parity,67,0.228436,23.07789,-0.00923,1.0,0,20.710236,0.0,1.6e-05,1.6e-05,0.000147,1.0,protocol-fixture,Idealized fill baseline for sensitivity analysis.
trellm-v0.3-protocol,synthetic_calm_trend_c0_v0_3,C0,E0,ideal execution,ideal,risk-parity,71,0.26307,28.876639,0.0,1.0,0,25.44621,0.0,2.2e-05,2.2e-05,0.000147,1.0,protocol-fixture,Idealized fill baseline for sensitivity analysis.
trellm-v0.3-protocol,synthetic_calm_trend_c0_v0_3,C0,E0,ideal execution,ideal,risk-parity,73,0.250194,26.026561,-0.004898,1.0,0,27.353216,0.0,1.8e-05,1.8e-05,0.000168,1.0,protocol-fixture,Idealized fill baseline for sensitivity analysis.
trellm-v0.3-protocol,synthetic_calm_trend_c0_v0_3,C0,E0,ideal execution,ideal,risk-parity,79,0.200566,26.849746,-0.001314,1.0,0,16.532142,0.0,1.5e-05,1.5e-05,0.000177,1.0,protocol-fixture,Idealized fill baseline for sensitivity analysis.
trellm-v0.3-protocol,synthetic_calm_trend_c0_v0_3,C0,E0,ideal execution,ideal,risk-parity,83,0.213642,24.349646,-0.001525,1.0,0,20.09985,0.0,3.6e-05,3.6e-05,0.00019,1.0,protocol-fixture,Idealized fill baseline for sensitivity analysis.
trellm-v0.3-protocol,synthetic_calm_trend_c0_v0_3,C0,E0,ideal execution,ideal,risk-parity,89,0.230592,22.075509,-0.00127,1.0,0,19.625706,0.0,2.4e-05,2.4e-05,0.000219,1.0,protocol-fixture,Idealized fill baseline for sensitivity analysis.
trellm-v0.3-protocol,synthetic_calm_trend_c0_v0_3,C0,E0,ideal execution,ideal,risk-parity,97,0.194584,26.824646,-0.00139,1.0,0,22.572975,0.0,1e-05,1e-05,0.000147,1.0,protocol-fixture,Idealized fill baseline for sensitivity analysis.
trellm-v0.3-protocol,synthetic_calm_trend_c0_v0_3,C0,E0,ideal execution,ideal,risk-parity,101,0.180069,29.361783,-0.00078,1.0,0,25.996848,0.0,1.1e-05,1.1e-05,0.000147,1.0,protocol-fixture,Idealized fill baseline for sensitivity analysis.
trellm-v0.3-protocol,synthetic_calm_trend_c0_v0_3,C0,E0,ideal execution,ideal,risk-parity,103,0.200477,21.608614,-0.004754,1.0,0,16.670077,0.0,2.2e-05,2.2e-05,0.000222,1.0,protocol-fixture,Idealized fill baseline for sensitivity analysis.
trellm-v0.3-protocol,synthetic_calm_trend_c0_v0_3,C0,E0,ideal execution,ideal,risk-parity,107,0.226812,27.26601,0.0,1.0,0,19.440816,0.0,1.1e-05,1.1e-05,0.000147,1.0,protocol-fixture,Idealized fill baseline for sensitivity analysis.
trellm-v0.3-protocol,synthetic_calm_trend_c0_v0_3,C0,E0,ideal execution,ideal,risk-parity,109,0.275306,30.230579,-0.002762,1.0,0,16.707911,0.0,1.6e-05,1.6e-05,0.000156,1.0,protocol-fixture,Idealized fill baseline for sensitivity analysis.
trellm-v0.3-protocol,synthetic_calm_trend_c0_v0_3,C0,E0,ideal execution,ideal,risk-parity,113,0.215897,25.272308,0.0,1.0,0,30.210789,0.0,1.6e-05,1.6e-05,0.000149,1.0,protocol-fixture,Idealized fill baseline for sensitivity analysis.
trellm-v0.3-protocol,synthetic_calm_trend_c0_v0_3,C0,E0,ideal execution,ideal,risk-parity,127,0.270279,27.363115,-0.003509,1.0,0,16.532841,0.0,2.7e-05,2.7e-05,0.000189,1.0,protocol-fixture,Idealized fill baseline for sensitivity analysis.
trellm-v0.3-protocol,synthetic_calm_trend_c0_v0_3,C0,E0,ideal execution,ideal,risk-parity,131,0.221841,22.804915,-0.004534,1.0,0,16.506273,0.0,1.7e-05,1.7e-05,0.000147,1.0,protocol-fixture,Idealized fill baseline for sensitivity analysis.
trellm-v0.3-protocol,synthetic_calm_trend_c0_v0_3,C0,E0,ideal execution,ideal,risk-parity,137,0.18539,16.739725,-0.012212,1.0,0,26.650495,0.0,2.2e-05,2.2e-05,0.000265,1.0,protocol-fixture,Idealized fill baseline for sensitivity analysis.
trellm-v0.3-protocol,synthetic_calm_trend_c0_v0_3,C0,E0,ideal execution,ideal,risk-parity,139,0.256691,32.726328,0.0,1.0,0,28.674047,0.0,3.2e-05,3.2e-05,0.000214,1.0,protocol-fixture,Idealized fill baseline for sensitivity analysis.
trellm-v0.3-protocol,synthetic_calm_trend_c0_v0_3,C0,E0,ideal execution,ideal,risk-parity,149,0.236229,20.729158,-0.001099,1.0,0,30.202261,0.0,1.1e-05,1.1e-05,0.000147,1.0,protocol-fixture,Idealized fill baseline for sensitivity analysis.
trellm-v0.3-protocol,synthetic_calm_trend_c0_v0_3,C0,E0,ideal execution,ideal,risk-parity,151,0.241951,31.085516,0.0,1.0,0,26.450102,0.0,1.4e-05,1.4e-05,0.000147,1.0,protocol-fixture,Idealized fill baseline for sensitivity analysis.
trellm-v0.3-protocol,synthetic_calm_trend_c0_v0_3,C0,E0,ideal execution,ideal,minimum-variance,7,0.200928,24.975878,-0.006348,1.0,0,17.529349,0.0,1.2e-05,1.2e-05,0.000147,1.0,protocol-fixture,Idealized fill baseline for sensitivity analysis.
trellm-v0.3-protocol,synthetic_calm_trend_c0_v0_3,C0,E0,ideal execution,ideal,minimum-variance,11,0.281519,28.811429,0.0,1.0,0,16.270292,0.0,2.9e-05,2.9e-05,0.000147,1.0,protocol-fixture,Idealized fill baseline for sensitivity analysis.
trellm-v0.3-protocol,synthetic_calm_trend_c0_v0_3,C0,E0,ideal execution,ideal,minimum-variance,17,0.224956,23.747117,-0.000427,1.0,0,16.767298,0.0,1.5e-05,1.5e-05,0.000147,1.0,protocol-fixture,Idealized fill baseline for sensitivity analysis.
trellm-v0.3-protocol,synthetic_calm_trend_c0_v0_3,C0,E0,ideal execution,ideal,minimum-variance,23,0.263437,29.030594,0.0,1.0,0,19.207572,0.0,2.6e-05,2.6e-05,0.000206,1.0,protocol-fixture,Idealized fill baseline for sensitivity analysis.
trellm-v0.3-protocol,synthetic_calm_trend_c0_v0_3,C0,E0,ideal execution,ideal,minimum-variance,31,0.235928,32.144277,0.0,1.0,0,16.392131,0.0,3.5e-05,3.5e-05,0.000369,1.0,protocol-fixture,Idealized fill baseline for sensitivity analysis.
trellm-v0.3-protocol,synthetic_calm_trend_c0_v0_3,C0,E0,ideal execution,ideal,minimum-variance,37,0.323029,40.018521,0.0,1.0,0,16.7273,0.0,2.1e-05,2.1e-05,0.000163,1.0,protocol-fixture,Idealized fill baseline for sensitivity analysis.
trellm-v0.3-protocol,synthetic_calm_trend_c0_v0_3,C0,E0,ideal execution,ideal,minimum-variance,41,0.213434,25.966186,-1.9e-05,1.0,0,16.551056,0.0,3.5e-05,3.5e-05,0.00024,1.0,protocol-fixture,Idealized fill baseline for sensitivity analysis.
trellm-v0.3-protocol,synthetic_calm_trend_c0_v0_3,C0,E0,ideal execution,ideal,minimum-variance,43,0.260743,29.983338,0.0,1.0,0,16.39137,0.0,1e-05,1e-05,0.000147,1.0,protocol-fixture,Idealized fill baseline for sensitivity analysis.
trellm-v0.3-protocol,synthetic_calm_trend_c0_v0_3,C0,E0,ideal execution,ideal,minimum-variance,47,0.23816,28.057327,0.0,1.0,0,16.350136,0.0,2.8e-05,2.8e-05,0.000187,1.0,protocol-fixture,Idealized fill baseline for sensitivity analysis.
trellm-v0.3-protocol,synthetic_calm_trend_c0_v0_3,C0,E0,ideal execution,ideal,minimum-variance,53,0.210151,23.374828,-0.001149,1.0,0,16.225538,0.0,3e-05,3e-05,0.000194,1.0,protocol-fixture,Idealized fill baseline for sensitivity analysis.
trellm-v0.3-protocol,synthetic_calm_trend_c0_v0_3,C0,E0,ideal execution,ideal,minimum-variance,59,0.244475,26.729314,0.0,1.0,0,16.272716,0.0,7e-06,7e-06,0.000147,1.0,protocol-fixture,Idealized fill baseline for sensitivity analysis.
trellm-v0.3-protocol,synthetic_calm_trend_c0_v0_3,C0,E0,ideal execution,ideal,minimum-variance,61,0.22639,32.217458,0.0,1.0,0,16.11574,0.0,3.4e-05,3.4e-05,0.000231,1.0,protocol-fixture,Idealized fill baseline for sensitivity analysis.
trellm-v0.3-protocol,synthetic_calm_trend_c0_v0_3,C0,E0,ideal execution,ideal,minimum-variance,67,0.227982,22.404918,-0.010269,1.0,0,16.355631,0.0,1.4e-05,1.4e-05,0.000147,1.0,protocol-fixture,Idealized fill baseline for sensitivity analysis.
trellm-v0.3-protocol,synthetic_calm_trend_c0_v0_3,C0,E0,ideal execution,ideal,minimum-variance,71,0.273586,29.454462,0.0,1.0,0,16.337647,0.0,1.9e-05,1.9e-05,0.000147,1.0,protocol-fixture,Idealized fill baseline for sensitivity analysis.
trellm-v0.3-protocol,synthetic_calm_trend_c0_v0_3,C0,E0,ideal execution,ideal,minimum-variance,73,0.253034,26.270881,-0.004906,1.0,0,24.742208,0.0,1.9e-05,1.9e-05,0.000169,1.0,protocol-fixture,Idealized fill baseline for sensitivity analysis.
trellm-v0.3-protocol,synthetic_calm_trend_c0_v0_3,C0,E0,ideal execution,ideal,minimum-variance,79,0.200566,26.849746,-0.001314,1.0,0,16.532142,0.0,1.5e-05,1.5e-05,0.000177,1.0,protocol-fixture,Idealized fill baseline for sensitivity analysis.
trellm-v0.3-protocol,synthetic_calm_trend_c0_v0_3,C0,E0,ideal execution,ideal,minimum-variance,83,0.214794,24.574972,-0.001498,1.0,0,16.471078,0.0,3e-05,3e-05,0.00019,1.0,protocol-fixture,Idealized fill baseline for sensitivity analysis.
trellm-v0.3-protocol,synthetic_calm_trend_c0_v0_3,C0,E0,ideal execution,ideal,minimum-variance,89,0.230506,22.00189,-0.001443,1.0,0,16.056595,0.0,2.3e-05,2.3e-05,0.000219,1.0,protocol-fixture,Idealized fill baseline for sensitivity analysis.
trellm-v0.3-protocol,synthetic_calm_trend_c0_v0_3,C0,E0,ideal execution,ideal,minimum-variance,97,0.198503,26.716683,-0.00139,1.0,0,16.883262,0.0,1.4e-05,1.4e-05,0.000151,1.0,protocol-fixture,Idealized fill baseline for sensitivity analysis.
trellm-v0.3-protocol,synthetic_calm_trend_c0_v0_3,C0,E0,ideal execution,ideal,minimum-variance,101,0.181492,29.953862,-0.000773,1.0,0,16.739559,0.0,7e-06,7e-06,0.000147,1.0,protocol-fixture,Idealized fill baseline for sensitivity analysis.
trellm-v0.3-protocol,synthetic_calm_trend_c0_v0_3,C0,E0,ideal execution,ideal,minimum-variance,103,0.200477,21.608614,-0.004754,1.0,0,16.670077,0.0,2.2e-05,2.2e-05,0.000222,1.0,protocol-fixture,Idealized fill baseline for sensitivity analysis.
trellm-v0.3-protocol,synthetic_calm_trend_c0_v0_3,C0,E0,ideal execution,ideal,minimum-variance,107,0.22983,27.948225,0.0,1.0,0,16.661072,0.0,8e-06,8e-06,0.000147,1.0,protocol-fixture,Idealized fill baseline for sensitivity analysis.
trellm-v0.3-protocol,synthetic_calm_trend_c0_v0_3,C0,E0,ideal execution,ideal,minimum-variance,109,0.275306,30.230579,-0.002762,1.0,0,16.707911,0.0,1.6e-05,1.6e-05,0.000156,1.0,protocol-fixture,Idealized fill baseline for sensitivity analysis.
trellm-v0.3-protocol,synthetic_calm_trend_c0_v0_3,C0,E0,ideal execution,ideal,minimum-variance,113,0.227904,28.711059,0.0,1.0,0,16.663047,0.0,7e-06,7e-06,0.000147,1.0,protocol-fixture,Idealized fill baseline for sensitivity analysis.
trellm-v0.3-protocol,synthetic_calm_trend_c0_v0_3,C0,E0,ideal execution,ideal,minimum-variance,127,0.270279,27.363115,-0.003509,1.0,0,16.532841,0.0,2.7e-05,2.7e-05,0.000189,1.0,protocol-fixture,Idealized fill baseline for sensitivity analysis.
trellm-v0.3-protocol,synthetic_calm_trend_c0_v0_3,C0,E0,ideal execution,ideal,minimum-variance,131,0.221854,22.807193,-0.004534,1.0,0,16.506363,0.0,1.3e-05,1.3e-05,0.000147,1.0,protocol-fixture,Idealized fill baseline for sensitivity analysis.
trellm-v0.3-protocol,synthetic_calm_trend_c0_v0_3,C0,E0,ideal execution,ideal,minimum-variance,137,0.185979,16.820575,-0.012133,1.0,0,16.131348,0.0,2.3e-05,2.3e-05,0.000265,1.0,protocol-fixture,Idealized fill baseline for sensitivity analysis.
trellm-v0.3-protocol,synthetic_calm_trend_c0_v0_3,C0,E0,ideal execution,ideal,minimum-variance,139,0.257726,31.592029,-0.000896,1.0,0,16.160442,0.0,2.7e-05,2.7e-05,0.000214,1.0,protocol-fixture,Idealized fill baseline for sensitivity analysis.
trellm-v0.3-protocol,synthetic_calm_trend_c0_v0_3,C0,E0,ideal execution,ideal,minimum-variance,149,0.236382,20.838959,-0.001099,1.0,0,16.547516,0.0,7e-06,7e-06,0.000147,1.0,protocol-fixture,Idealized fill baseline for sensitivity analysis.
trellm-v0.3-protocol,synthetic_calm_trend_c0_v0_3,C0,E0,ideal execution,ideal,minimum-variance,151,0.252384,35.222505,0.0,1.0,0,16.748558,0.0,1.5e-05,1.5e-05,0.000147,1.0,protocol-fixture,Idealized fill baseline for sensitivity analysis.
trellm-v0.3-protocol,synthetic_calm_trend_c0_v0_3,C0,E0,ideal execution,ideal,random,7,0.145095,17.22864,-0.001136,1.0,0,157.939426,0.0,3.4e-05,3.4e-05,0.000147,1.0,protocol-fixture,Idealized fill baseline for sensitivity analysis.
trellm-v0.3-protocol,synthetic_calm_trend_c0_v0_3,C0,E0,ideal execution,ideal,random,11,0.179088,16.410528,-0.00021,1.0,0,187.834152,0.0,5e-05,5e-05,0.000231,1.0,protocol-fixture,Idealized fill baseline for sensitivity analysis.
trellm-v0.3-protocol,synthetic_calm_trend_c0_v0_3,C0,E0,ideal execution,ideal,random,17,0.155881,17.714094,-0.000472,1.0,0,184.795965,0.0,4.7e-05,4.7e-05,0.000147,1.0,protocol-fixture,Idealized fill baseline for sensitivity analysis.
trellm-v0.3-protocol,synthetic_calm_trend_c0_v0_3,C0,E0,ideal execution,ideal,random,23,0.1428,15.46848,-0.00021,1.0,0,172.049128,0.0,4.2e-05,4.2e-05,0.000147,1.0,protocol-fixture,Idealized fill baseline for sensitivity analysis.
trellm-v0.3-protocol,synthetic_calm_trend_c0_v0_3,C0,E0,ideal execution,ideal,random,31,0.181451,25.059979,-0.00021,1.0,0,107.612036,0.0,2.9e-05,2.9e-05,0.000147,1.0,protocol-fixture,Idealized fill baseline for sensitivity analysis.
trellm-v0.3-protocol,synthetic_calm_trend_c0_v0_3,C0,E0,ideal execution,ideal,random,37,0.219715,21.586267,-0.00021,1.0,0,157.288289,0.0,4.7e-05,4.7e-05,0.000163,1.0,protocol-fixture,Idealized fill baseline for sensitivity analysis.
trellm-v0.3-protocol,synthetic_calm_trend_c0_v0_3,C0,E0,ideal execution,ideal,random,41,0.136704,17.870299,-0.001028,1.0,0,197.095648,0.0,4.3e-05,4.3e-05,0.000147,1.0,protocol-fixture,Idealized fill baseline for sensitivity analysis.
trellm-v0.3-protocol,synthetic_calm_trend_c0_v0_3,C0,E0,ideal execution,ideal,random,43,0.196493,22.847715,-0.00021,1.0,0,136.752418,0.0,3.7e-05,3.7e-05,0.000147,1.0,protocol-fixture,Idealized fill baseline for sensitivity analysis.
trellm-v0.3-protocol,synthetic_calm_trend_c0_v0_3,C0,E0,ideal execution,ideal,random,47,0.206032,27.297683,-0.000161,1.0,0,98.4785,0.0,4.1e-05,4.1e-05,0.000185,1.0,protocol-fixture,Idealized fill baseline for sensitivity analysis.
trellm-v0.3-protocol,synthetic_calm_trend_c0_v0_3,C0,E0,ideal execution,ideal,random,53,0.167966,18.199216,-0.001206,1.0,0,122.389795,0.0,3.7e-05,3.7e-05,0.000169,1.0,protocol-fixture,Idealized fill baseline for sensitivity analysis.
trellm-v0.3-protocol,synthetic_calm_trend_c0_v0_3,C0,E0,ideal execution,ideal,random,59,0.19078,18.581216,-0.00021,1.0,0,176.739869,0.0,4.5e-05,4.5e-05,0.000147,1.0,protocol-fixture,Idealized fill baseline for sensitivity analysis.
trellm-v0.3-protocol,synthetic_calm_trend_c0_v0_3,C0,E0,ideal execution,ideal,random,61,0.158741,19.159144,-0.00021,1.0,0,171.638598,0.0,3.8e-05,3.8e-05,0.000147,1.0,protocol-fixture,Idealized fill baseline for sensitivity analysis.
trellm-v0.3-protocol,synthetic_calm_trend_c0_v0_3,C0,E0,ideal execution,ideal,random,67,0.109894,10.821206,-0.010323,1.0,0,196.201699,0.0,4.2e-05,4.2e-05,0.000147,1.0,protocol-fixture,Idealized fill baseline for sensitivity analysis.
trellm-v0.3-protocol,synthetic_calm_trend_c0_v0_3,C0,E0,ideal execution,ideal,random,71,0.137914,15.720712,-0.00021,1.0,0,167.967289,0.0,3.9e-05,3.9e-05,0.000147,1.0,protocol-fixture,Idealized fill baseline for sensitivity analysis.
trellm-v0.3-protocol,synthetic_calm_trend_c0_v0_3,C0,E0,ideal execution,ideal,random,73,0.147057,16.613645,-0.004846,1.0,0,167.74473,0.0,4.2e-05,4.2e-05,0.000147,1.0,protocol-fixture,Idealized fill baseline for sensitivity analysis.
trellm-v0.3-protocol,synthetic_calm_trend_c0_v0_3,C0,E0,ideal execution,ideal,random,79,0.142127,17.886049,-0.001259,1.0,0,148.493235,0.0,3.4e-05,3.4e-05,0.000147,1.0,protocol-fixture,Idealized fill baseline for sensitivity analysis.
trellm-v0.3-protocol,synthetic_calm_trend_c0_v0_3,C0,E0,ideal execution,ideal,random,83,0.138857,14.982499,-0.003277,1.0,0,185.583947,0.0,4.3e-05,4.3e-05,0.000147,1.0,protocol-fixture,Idealized fill baseline for sensitivity analysis.
trellm-v0.3-protocol,synthetic_calm_trend_c0_v0_3,C0,E0,ideal execution,ideal,random,89,0.148385,15.0792,-0.00021,1.0,0,155.790251,0.0,3.6e-05,3.6e-05,0.000147,1.0,protocol-fixture,Idealized fill baseline for sensitivity analysis.
trellm-v0.3-protocol,synthetic_calm_trend_c0_v0_3,C0,E0,ideal execution,ideal,random,97,0.120854,15.241225,-0.001319,1.0,0,197.043794,0.0,4.7e-05,4.7e-05,0.000147,1.0,protocol-fixture,Idealized fill baseline for sensitivity analysis.
trellm-v0.3-protocol,synthetic_calm_trend_c0_v0_3,C0,E0,ideal execution,ideal,random,101,0.078998,12.462556,-0.00021,1.0,0,147.567065,0.0,3.2e-05,3.2e-05,0.000147,1.0,protocol-fixture,Idealized fill baseline for sensitivity analysis.
trellm-v0.3-protocol,synthetic_calm_trend_c0_v0_3,C0,E0,ideal execution,ideal,random,103,0.159193,16.174818,-0.00482,1.0,0,91.95597,0.0,3e-05,3e-05,0.000147,1.0,protocol-fixture,Idealized fill baseline for sensitivity analysis.
trellm-v0.3-protocol,synthetic_calm_trend_c0_v0_3,C0,E0,ideal execution,ideal,random,107,0.203338,23.381879,-0.000202,1.0,0,94.037335,0.0,2.4e-05,2.4e-05,0.000147,1.0,protocol-fixture,Idealized fill baseline for sensitivity analysis.
trellm-v0.3-protocol,synthetic_calm_trend_c0_v0_3,C0,E0,ideal execution,ideal,random,109,0.188875,18.365908,-0.003178,1.0,0,146.808771,0.0,4.2e-05,4.2e-05,0.000156,1.0,protocol-fixture,Idealized fill baseline for sensitivity analysis.
trellm-v0.3-protocol,synthetic_calm_trend_c0_v0_3,C0,E0,ideal execution,ideal,random,113,0.143676,16.046826,-0.00121,1.0,0,120.824165,0.0,3e-05,3e-05,7.9e-05,1.0,protocol-fixture,Idealized fill baseline for sensitivity analysis.
trellm-v0.3-protocol,synthetic_calm_trend_c0_v0_3,C0,E0,ideal execution,ideal,random,127,0.179467,17.02343,-0.00021,1.0,0,149.723458,0.0,3.8e-05,3.8e-05,0.000147,1.0,protocol-fixture,Idealized fill baseline for sensitivity analysis.
trellm-v0.3-protocol,synthetic_calm_trend_c0_v0_3,C0,E0,ideal execution,ideal,random,131,0.130599,14.418114,-0.00021,1.0,0,173.009742,0.0,4.1e-05,4.1e-05,0.000147,1.0,protocol-fixture,Idealized fill baseline for sensitivity analysis.
trellm-v0.3-protocol,synthetic_calm_trend_c0_v0_3,C0,E0,ideal execution,ideal,random,137,0.120311,15.588903,-0.001972,1.0,0,109.537084,0.0,3e-05,3e-05,0.000147,1.0,protocol-fixture,Idealized fill baseline for sensitivity analysis.
trellm-v0.3-protocol,synthetic_calm_trend_c0_v0_3,C0,E0,ideal execution,ideal,random,139,0.177873,20.335936,-0.000896,1.0,0,156.501655,0.0,4.2e-05,4.2e-05,0.000147,1.0,protocol-fixture,Idealized fill baseline for sensitivity analysis.
trellm-v0.3-protocol,synthetic_calm_trend_c0_v0_3,C0,E0,ideal execution,ideal,random,149,0.143405,13.094183,-0.001355,1.0,0,205.576232,0.0,5.4e-05,5.4e-05,0.000151,1.0,protocol-fixture,Idealized fill baseline for sensitivity analysis.
trellm-v0.3-protocol,synthetic_calm_trend_c0_v0_3,C0,E0,ideal execution,ideal,random,151,0.176006,20.41237,-0.00021,1.0,0,165.442026,0.0,4.1e-05,4.1e-05,0.000147,1.0,protocol-fixture,Idealized fill baseline for sensitivity analysis.
trellm-v0.3-protocol,synthetic_calm_trend_c0_v0_3,C0,E1,paper stress execution,realistic,buy-and-hold,7,0.179845,18.567994,-0.007774,0.914894,2,1168.47095,0.3,0.215215,0.409521,1.0,1.0,protocol-fixture,Default paper-execution stress assumptions used for comparable leaderboard rows.
trellm-v0.3-protocol,synthetic_calm_trend_c0_v0_3,C0,E1,paper stress execution,realistic,buy-and-hold,11,0.276388,23.525643,-0.001788,0.916667,2,1513.416516,0.3,0.221426,0.408353,1.0,1.0,protocol-fixture,Default paper-execution stress assumptions used for comparable leaderboard rows.
trellm-v0.3-protocol,synthetic_calm_trend_c0_v0_3,C0,E1,paper stress execution,realistic,buy-and-hold,17,0.194946,18.105117,-0.002281,0.934783,1,1384.618029,0.3,0.217771,0.407406,1.0,1.0,protocol-fixture,Default paper-execution stress assumptions used for comparable leaderboard rows.
trellm-v0.3-protocol,synthetic_calm_trend_c0_v0_3,C0,E1,paper stress execution,realistic,buy-and-hold,23,0.280394,21.370126,-0.00111,0.93617,1,1424.651824,0.3,0.22194,0.412007,1.0,1.0,protocol-fixture,Default paper-execution stress assumptions used for comparable leaderboard rows.
trellm-v0.3-protocol,synthetic_calm_trend_c0_v0_3,C0,E1,paper stress execution,realistic,buy-and-hold,31,0.232703,22.459792,-0.000835,0.916667,2,1203.990621,0.3,0.219611,0.410761,1.0,1.0,protocol-fixture,Default paper-execution stress assumptions used for comparable leaderboard rows.
trellm-v0.3-protocol,synthetic_calm_trend_c0_v0_3,C0,E1,paper stress execution,realistic,buy-and-hold,37,0.304535,25.638551,-0.001554,0.9375,1,1537.438132,0.3,0.221315,0.406196,1.0,1.0,protocol-fixture,Default paper-execution stress assumptions used for comparable leaderboard rows.
trellm-v0.3-protocol,synthetic_calm_trend_c0_v0_3,C0,E1,paper stress execution,realistic,buy-and-hold,41,0.219278,19.829134,-0.002006,0.916667,2,1238.944136,0.3,0.22207,0.411602,1.0,1.0,protocol-fixture,Default paper-execution stress assumptions used for comparable leaderboard rows.
trellm-v0.3-protocol,synthetic_calm_trend_c0_v0_3,C0,E1,paper stress execution,realistic,buy-and-hold,43,0.228346,24.106302,-0.003619,0.875,4,1390.282938,0.3,0.217441,0.403428,1.0,1.0,protocol-fixture,Default paper-execution stress assumptions used for comparable leaderboard rows.
trellm-v0.3-protocol,synthetic_calm_trend_c0_v0_3,C0,E1,paper stress execution,realistic,buy-and-hold,47,0.208926,19.846862,-0.001315,0.9375,1,1328.624261,0.3,0.218716,0.406158,1.0,1.0,protocol-fixture,Default paper-execution stress assumptions used for comparable leaderboard rows.
trellm-v0.3-protocol,synthetic_calm_trend_c0_v0_3,C0,E1,paper stress execution,realistic,buy-and-hold,53,0.17901,23.481988,-0.001883,0.916667,2,1204.383561,0.3,0.218122,0.407874,1.0,1.0,protocol-fixture,Default paper-execution stress assumptions used for comparable leaderboard rows.
trellm-v0.3-protocol,synthetic_calm_trend_c0_v0_3,C0,E1,paper stress execution,realistic,buy-and-hold,59,0.207049,18.796094,-0.002088,0.9375,1,1316.783534,0.3,0.214173,0.402364,1.0,1.0,protocol-fixture,Default paper-execution stress assumptions used for comparable leaderboard rows.
trellm-v0.3-protocol,synthetic_calm_trend_c0_v0_3,C0,E1,paper stress execution,realistic,buy-and-hold,61,0.219187,22.848065,-0.001221,0.93617,1,1035.743358,0.3,0.216266,0.410024,1.0,1.0,protocol-fixture,Default paper-execution stress assumptions used for comparable leaderboard rows.
trellm-v0.3-protocol,synthetic_calm_trend_c0_v0_3,C0,E1,paper stress execution,realistic,buy-and-hold,67,0.22947,15.749035,-0.014686,0.93617,1,1290.637759,0.3,0.221012,0.409606,1.0,1.0,protocol-fixture,Default paper-execution stress assumptions used for comparable leaderboard rows.
trellm-v0.3-protocol,synthetic_calm_trend_c0_v0_3,C0,E1,paper stress execution,realistic,buy-and-hold,71,0.265774,19.679923,-0.0013,0.9375,1,1435.332194,0.3,0.21751,0.407625,1.0,1.0,protocol-fixture,Default paper-execution stress assumptions used for comparable leaderboard rows.
trellm-v0.3-protocol,synthetic_calm_trend_c0_v0_3,C0,E1,paper stress execution,realistic,buy-and-hold,73,0.250933,18.120175,-0.007317,0.916667,2,1446.040356,0.3,0.218202,0.404091,1.0,1.0,protocol-fixture,Default paper-execution stress assumptions used for comparable leaderboard rows.
trellm-v0.3-protocol,synthetic_calm_trend_c0_v0_3,C0,E1,paper stress execution,realistic,buy-and-hold,79,0.185764,20.132985,-0.004571,0.916667,2,1178.37369,0.3,0.219927,0.412819,1.0,1.0,protocol-fixture,Default paper-execution stress assumptions used for comparable leaderboard rows.
trellm-v0.3-protocol,synthetic_calm_trend_c0_v0_3,C0,E1,paper stress execution,realistic,buy-and-hold,83,0.219161,17.36395,-0.003461,0.914894,2,1091.841107,0.3,0.221844,0.409945,1.0,1.0,protocol-fixture,Default paper-execution stress assumptions used for comparable leaderboard rows.
trellm-v0.3-protocol,synthetic_calm_trend_c0_v0_3,C0,E1,paper stress execution,realistic,buy-and-hold,89,0.226365,17.330221,-0.001821,0.956522,0,1234.592854,0.3,0.222653,0.41091,1.0,1.0,protocol-fixture,Default paper-execution stress assumptions used for comparable leaderboard rows.
trellm-v0.3-protocol,synthetic_calm_trend_c0_v0_3,C0,E1,paper stress execution,realistic,buy-and-hold,97,0.199432,19.968172,-0.00168,0.916667,2,1256.465163,0.3,0.22292,0.412839,1.0,1.0,protocol-fixture,Default paper-execution stress assumptions used for comparable leaderboard rows.
trellm-v0.3-protocol,synthetic_calm_trend_c0_v0_3,C0,E1,paper stress execution,realistic,buy-and-hold,101,0.161415,20.599794,-0.001842,0.916667,2,1107.847074,0.3,0.215212,0.401451,1.0,1.0,protocol-fixture,Default paper-execution stress assumptions used for comparable leaderboard rows.
trellm-v0.3-protocol,synthetic_calm_trend_c0_v0_3,C0,E1,paper stress execution,realistic,buy-and-hold,103,0.216762,18.073306,-0.005146,0.914894,2,1242.394335,0.3,0.220514,0.414488,1.0,1.0,protocol-fixture,Default paper-execution stress assumptions used for comparable leaderboard rows.
trellm-v0.3-protocol,synthetic_calm_trend_c0_v0_3,C0,E1,paper stress execution,realistic,buy-and-hold,107,0.212697,20.97494,-0.001286,0.9375,1,1106.3039,0.3,0.220886,0.410956,1.0,1.0,protocol-fixture,Default paper-execution stress assumptions used for comparable leaderboard rows.
trellm-v0.3-protocol,synthetic_calm_trend_c0_v0_3,C0,E1,paper stress execution,realistic,buy-and-hold,109,0.270885,26.299663,-0.001388,0.916667,2,1344.406361,0.3,0.21639,0.408997,1.0,1.0,protocol-fixture,Default paper-execution stress assumptions used for comparable leaderboard rows.
trellm-v0.3-protocol,synthetic_calm_trend_c0_v0_3,C0,E1,paper stress execution,realistic,buy-and-hold,113,0.201508,22.741859,-0.001027,0.9375,1,1195.511518,0.3,0.216333,0.408092,1.0,1.0,protocol-fixture,Default paper-execution stress assumptions used for comparable leaderboard rows.
trellm-v0.3-protocol,synthetic_calm_trend_c0_v0_3,C0,E1,paper stress execution,realistic,buy-and-hold,127,0.241326,26.018728,-0.001076,0.916667,2,1374.735953,0.3,0.222276,0.413403,1.0,1.0,protocol-fixture,Default paper-execution stress assumptions used for comparable leaderboard rows.
trellm-v0.3-protocol,synthetic_calm_trend_c0_v0_3,C0,E1,paper stress execution,realistic,buy-and-hold,131,0.21639,23.177662,-0.001708,0.893617,3,1427.22679,0.3,0.220654,0.410643,1.0,1.0,protocol-fixture,Default paper-execution stress assumptions used for comparable leaderboard rows.
trellm-v0.3-protocol,synthetic_calm_trend_c0_v0_3,C0,E1,paper stress execution,realistic,buy-and-hold,137,0.192832,16.730793,-0.004288,0.888889,3,1248.571073,0.3,0.216946,0.412544,1.0,1.0,protocol-fixture,Default paper-execution stress assumptions used for comparable leaderboard rows.
trellm-v0.3-protocol,synthetic_calm_trend_c0_v0_3,C0,E1,paper stress execution,realistic,buy-and-hold,139,0.233184,24.045162,-0.002476,0.957447,0,1098.931324,0.3,0.219263,0.409973,1.0,1.0,protocol-fixture,Default paper-execution stress assumptions used for comparable leaderboard rows.
trellm-v0.3-protocol,synthetic_calm_trend_c0_v0_3,C0,E1,paper stress execution,realistic,buy-and-hold,149,0.223757,16.998843,-0.001389,0.957447,0,1220.282925,0.3,0.2178,0.410305,1.0,1.0,protocol-fixture,Default paper-execution stress assumptions used for comparable leaderboard rows.
trellm-v0.3-protocol,synthetic_calm_trend_c0_v0_3,C0,E1,paper stress execution,realistic,buy-and-hold,151,0.227689,24.17624,-0.001277,0.916667,2,1326.109343,0.3,0.217281,0.406067,1.0,1.0,protocol-fixture,Default paper-execution stress assumptions used for comparable leaderboard rows.
trellm-v0.3-protocol,synthetic_calm_trend_c0_v0_3,C0,E1,paper stress execution,realistic,signal-weighted,7,0.122201,15.276202,-0.00024,0.941176,0,743.961509,0.231566,0.132024,0.288138,0.753405,1.0,protocol-fixture,Default paper-execution stress assumptions used for comparable leaderboard rows.
trellm-v0.3-protocol,synthetic_calm_trend_c0_v0_3,C0,E1,paper stress execution,realistic,signal-weighted,11,0.18056,12.540574,-0.000764,0.918919,1,991.98918,0.477572,0.170792,0.546308,1.196475,1.0,protocol-fixture,Default paper-execution stress assumptions used for comparable leaderboard rows.
trellm-v0.3-protocol,synthetic_calm_trend_c0_v0_3,C0,E1,paper stress execution,realistic,signal-weighted,17,0.164563,12.072706,-0.002785,0.9,2,1011.858102,0.296869,0.215486,0.423401,1.059935,1.0,protocol-fixture,Default paper-execution stress assumptions used for comparable leaderboard rows.
trellm-v0.3-protocol,synthetic_calm_trend_c0_v0_3,C0,E1,paper stress execution,realistic,signal-weighted,23,0.153161,14.592289,-0.000253,0.941176,0,836.571998,0.377885,0.128646,0.406897,1.015138,1.0,protocol-fixture,Default paper-execution stress assumptions used for comparable leaderboard rows.
trellm-v0.3-protocol,synthetic_calm_trend_c0_v0_3,C0,E1,paper stress execution,realistic,signal-weighted,31,0.13394,14.438744,-0.002904,0.918919,1,873.930931,0.324081,0.171818,0.393956,0.964134,1.0,protocol-fixture,Default paper-execution stress assumptions used for comparable leaderboard rows.
trellm-v0.3-protocol,synthetic_calm_trend_c0_v0_3,C0,E1,paper stress execution,realistic,signal-weighted,37,0.180012,14.624517,-0.000795,0.918919,1,1018.884815,0.486172,0.172502,0.555384,1.197557,1.0,protocol-fixture,Default paper-execution stress assumptions used for comparable leaderboard rows.
trellm-v0.3-protocol,synthetic_calm_trend_c0_v0_3,C0,E1,paper stress execution,realistic,signal-weighted,41,0.111851,12.891737,-0.000636,0.941176,0,791.432392,0.296505,0.128886,0.323871,0.954371,1.0,protocol-fixture,Default paper-execution stress assumptions used for comparable leaderboard rows.
trellm-v0.3-protocol,synthetic_calm_trend_c0_v0_3,C0,E1,paper stress execution,realistic,signal-weighted,43,0.182397,14.348574,-0.00083,0.918919,1,1065.788993,0.400871,0.171055,0.488969,1.194525,1.0,protocol-fixture,Default paper-execution stress assumptions used for comparable leaderboard rows.
trellm-v0.3-protocol,synthetic_calm_trend_c0_v0_3,C0,E1,paper stress execution,realistic,signal-weighted,47,0.148746,12.056669,-0.004819,0.925,1,1114.386513,0.32946,0.222602,0.455603,1.112778,1.0,protocol-fixture,Default paper-execution stress assumptions used for comparable leaderboard rows.
trellm-v0.3-protocol,synthetic_calm_trend_c0_v0_3,C0,E1,paper stress execution,realistic,signal-weighted,53,0.112253,11.25488,-0.001216,0.9,2,827.775553,0.301559,0.205141,0.432216,1.11806,1.0,protocol-fixture,Default paper-execution stress assumptions used for comparable leaderboard rows.
trellm-v0.3-protocol,synthetic_calm_trend_c0_v0_3,C0,E1,paper stress execution,realistic,signal-weighted,59,0.150814,13.08562,-0.002882,0.925,1,989.085172,0.316922,0.201982,0.432754,0.999224,1.0,protocol-fixture,Default paper-execution stress assumptions used for comparable leaderboard rows.
trellm-v0.3-protocol,synthetic_calm_trend_c0_v0_3,C0,E1,paper stress execution,realistic,signal-weighted,61,0.11372,13.568316,-0.002726,0.918919,1,897.77813,0.300435,0.172751,0.376824,0.928186,1.0,protocol-fixture,Default paper-execution stress assumptions used for comparable leaderboard rows.
trellm-v0.3-protocol,synthetic_calm_trend_c0_v0_3,C0,E1,paper stress execution,realistic,signal-weighted,67,0.123745,12.027237,-0.007075,0.918919,1,820.252991,0.351933,0.171532,0.424753,1.020154,1.0,protocol-fixture,Default paper-execution stress assumptions used for comparable leaderboard rows.
trellm-v0.3-protocol,synthetic_calm_trend_c0_v0_3,C0,E1,paper stress execution,realistic,signal-weighted,71,0.16355,12.596194,-0.00077,0.918919,1,987.761094,0.386175,0.175577,0.462727,1.140538,1.0,protocol-fixture,Default paper-execution stress assumptions used for comparable leaderboard rows.
trellm-v0.3-protocol,synthetic_calm_trend_c0_v0_3,C0,E1,paper stress execution,realistic,signal-weighted,73,0.135022,14.125955,-0.001759,0.941176,0,757.78637,0.434427,0.12787,0.459599,1.146386,1.0,protocol-fixture,Default paper-execution stress assumptions used for comparable leaderboard rows.
trellm-v0.3-protocol,synthetic_calm_trend_c0_v0_3,C0,E1,paper stress execution,realistic,signal-weighted,79,0.108245,12.790264,-0.001579,0.941176,0,596.946434,0.221684,0.122634,0.29627,0.75155,1.0,protocol-fixture,Default paper-execution stress assumptions used for comparable leaderboard rows.
trellm-v0.3-protocol,synthetic_calm_trend_c0_v0_3,C0,E1,paper stress execution,realistic,signal-weighted,83,0.149576,14.193854,-0.000497,0.918919,1,706.201723,0.247821,0.152358,0.344472,0.836965,1.0,protocol-fixture,Default paper-execution stress assumptions used for comparable leaderboard rows.
trellm-v0.3-protocol,synthetic_calm_trend_c0_v0_3,C0,E1,paper stress execution,realistic,signal-weighted,89,0.155186,12.74953,-0.000607,0.918919,1,985.763513,0.32569,0.175428,0.403536,1.158352,1.0,protocol-fixture,Default paper-execution stress assumptions used for comparable leaderboard rows.
trellm-v0.3-protocol,synthetic_calm_trend_c0_v0_3,C0,E1,paper stress execution,realistic,signal-weighted,97,0.10339,11.689192,-0.002017,0.944444,1,916.729713,0.194316,0.178487,0.324371,0.744783,1.0,protocol-fixture,Default paper-execution stress assumptions used for comparable leaderboard rows.
trellm-v0.3-protocol,synthetic_calm_trend_c0_v0_3,C0,E1,paper stress execution,realistic,signal-weighted,101,0.079735,12.840293,-0.003172,0.918919,1,608.439305,0.176667,0.164181,0.263557,0.683147,1.0,protocol-fixture,Default paper-execution stress assumptions used for comparable leaderboard rows.
trellm-v0.3-protocol,synthetic_calm_trend_c0_v0_3,C0,E1,paper stress execution,realistic,signal-weighted,103,0.110252,11.054728,-0.003444,0.909091,1,764.460473,0.284983,0.133306,0.347226,0.894416,1.0,protocol-fixture,Default paper-execution stress assumptions used for comparable leaderboard rows.
trellm-v0.3-protocol,synthetic_calm_trend_c0_v0_3,C0,E1,paper stress execution,realistic,signal-weighted,107,0.136787,15.020035,-0.000283,0.9,2,1041.392565,0.279872,0.217115,0.429668,0.844202,1.0,protocol-fixture,Default paper-execution stress assumptions used for comparable leaderboard rows.
trellm-v0.3-protocol,synthetic_calm_trend_c0_v0_3,C0,E1,paper stress execution,realistic,signal-weighted,109,0.177099,13.660146,-0.000341,0.939394,0,905.88425,0.389925,0.127876,0.435398,1.190443,1.0,protocol-fixture,Default paper-execution stress assumptions used for comparable leaderboard rows.
trellm-v0.3-protocol,synthetic_calm_trend_c0_v0_3,C0,E1,paper stress execution,realistic,signal-weighted,113,0.151538,16.412337,-0.000486,0.875,3,1094.068073,0.273893,0.216282,0.405783,0.890192,1.0,protocol-fixture,Default paper-execution stress assumptions used for comparable leaderboard rows.
trellm-v0.3-protocol,synthetic_calm_trend_c0_v0_3,C0,E1,paper stress execution,realistic,signal-weighted,127,0.142843,13.350188,-0.000395,0.941176,0,894.838531,0.442229,0.128851,0.467092,1.179028,1.0,protocol-fixture,Default paper-execution stress assumptions used for comparable leaderboard rows.
trellm-v0.3-protocol,synthetic_calm_trend_c0_v0_3,C0,E1,paper stress execution,realistic,signal-weighted,131,0.140839,13.141559,-0.00222,0.918919,1,963.973941,0.337575,0.174339,0.430756,1.049218,1.0,protocol-fixture,Default paper-execution stress assumptions used for comparable leaderboard rows.
trellm-v0.3-protocol,synthetic_calm_trend_c0_v0_3,C0,E1,paper stress execution,realistic,signal-weighted,137,0.13792,12.532601,-0.000655,0.941176,0,775.418239,0.28607,0.130453,0.319325,1.011353,1.0,protocol-fixture,Default paper-execution stress assumptions used for comparable leaderboard rows.
trellm-v0.3-protocol,synthetic_calm_trend_c0_v0_3,C0,E1,paper stress execution,realistic,signal-weighted,139,0.156653,15.288386,-0.00207,0.9,2,1039.48335,0.376868,0.216621,0.489831,1.029904,1.0,protocol-fixture,Default paper-execution stress assumptions used for comparable leaderboard rows.
trellm-v0.3-protocol,synthetic_calm_trend_c0_v0_3,C0,E1,paper stress execution,realistic,signal-weighted,149,0.139592,13.824784,-0.00043,0.941176,0,1319.86223,0.317478,0.184235,0.344531,0.981054,1.0,protocol-fixture,Default paper-execution stress assumptions used for comparable leaderboard rows.
trellm-v0.3-protocol,synthetic_calm_trend_c0_v0_3,C0,E1,paper stress execution,realistic,signal-weighted,151,0.149885,13.410019,-0.000875,0.918919,1,1054.289663,0.374409,0.171959,0.443843,1.034352,1.0,protocol-fixture,Default paper-execution stress assumptions used for comparable leaderboard rows.
trellm-v0.3-protocol,synthetic_calm_trend_c0_v0_3,C0,E1,paper stress execution,realistic,naive-momentum,7,0.151553,19.184388,-0.001519,0.904762,2,1282.863595,0.0,0.241624,0.241624,0.640497,1.0,protocol-fixture,Default paper-execution stress assumptions used for comparable leaderboard rows.
trellm-v0.3-protocol,synthetic_calm_trend_c0_v0_3,C0,E1,paper stress execution,realistic,naive-momentum,11,0.260203,27.428672,-0.000435,0.930233,1,1537.318457,0.0,0.239962,0.239962,0.599737,1.0,protocol-fixture,Default paper-execution stress assumptions used for comparable leaderboard rows.
trellm-v0.3-protocol,synthetic_calm_trend_c0_v0_3,C0,E1,paper stress execution,realistic,naive-momentum,17,0.196507,16.80838,-0.000795,0.955556,0,1131.300656,0.0,0.239821,0.239821,0.527486,1.0,protocol-fixture,Default paper-execution stress assumptions used for comparable leaderboard rows.
trellm-v0.3-protocol,synthetic_calm_trend_c0_v0_3,C0,E1,paper stress execution,realistic,naive-momentum,23,0.223398,17.209037,-0.005562,0.956522,0,2008.02321,0.0,0.328779,0.328779,0.688804,1.0,protocol-fixture,Default paper-execution stress assumptions used for comparable leaderboard rows.
trellm-v0.3-protocol,synthetic_calm_trend_c0_v0_3,C0,E1,paper stress execution,realistic,naive-momentum,31,0.216041,21.080682,-0.001438,0.888889,3,1539.687716,0.0,0.290587,0.290587,0.7,1.0,protocol-fixture,Default paper-execution stress assumptions used for comparable leaderboard rows.
trellm-v0.3-protocol,synthetic_calm_trend_c0_v0_3,C0,E1,paper stress execution,realistic,naive-momentum,37,0.274659,24.895305,-0.000795,0.954545,0,1477.589583,0.0,0.234364,0.234364,0.410053,1.0,protocol-fixture,Default paper-execution stress assumptions used for comparable leaderboard rows.
trellm-v0.3-protocol,synthetic_calm_trend_c0_v0_3,C0,E1,paper stress execution,realistic,naive-momentum,41,0.150385,17.10822,-0.002644,0.954545,0,2079.785444,0.0,0.350877,0.350877,0.664507,1.0,protocol-fixture,Default paper-execution stress assumptions used for comparable leaderboard rows.
trellm-v0.3-protocol,synthetic_calm_trend_c0_v0_3,C0,E1,paper stress execution,realistic,naive-momentum,43,0.204512,20.647406,-0.00083,0.952381,0,1350.561268,0.0,0.233891,0.233891,0.582722,1.0,protocol-fixture,Default paper-execution stress assumptions used for comparable leaderboard rows.
trellm-v0.3-protocol,synthetic_calm_trend_c0_v0_3,C0,E1,paper stress execution,realistic,naive-momentum,47,0.194802,17.83675,-0.00393,0.933333,1,1348.618396,0.0,0.252992,0.252992,0.651955,1.0,protocol-fixture,Default paper-execution stress assumptions used for comparable leaderboard rows.
trellm-v0.3-protocol,synthetic_calm_trend_c0_v0_3,C0,E1,paper stress execution,realistic,naive-momentum,53,0.146735,19.159643,-0.00189,0.933333,1,1619.896455,0.0,0.268691,0.268691,0.600776,1.0,protocol-fixture,Default paper-execution stress assumptions used for comparable leaderboard rows.
trellm-v0.3-protocol,synthetic_calm_trend_c0_v0_3,C0,E1,paper stress execution,realistic,naive-momentum,59,0.196701,17.58507,-0.001232,0.913043,2,1586.574784,0.0,0.257712,0.257712,0.7,1.0,protocol-fixture,Default paper-execution stress assumptions used for comparable leaderboard rows.
trellm-v0.3-protocol,synthetic_calm_trend_c0_v0_3,C0,E1,paper stress execution,realistic,naive-momentum,61,0.199797,20.485256,-0.002621,0.931818,1,1163.914431,0.0,0.215954,0.215954,0.485683,1.0,protocol-fixture,Default paper-execution stress assumptions used for comparable leaderboard rows.
trellm-v0.3-protocol,synthetic_calm_trend_c0_v0_3,C0,E1,paper stress execution,realistic,naive-momentum,67,0.206078,16.401811,-0.011026,0.913043,2,1318.476281,0.0,0.240493,0.240493,0.65,1.0,protocol-fixture,Default paper-execution stress assumptions used for comparable leaderboard rows.
trellm-v0.3-protocol,synthetic_calm_trend_c0_v0_3,C0,E1,paper stress execution,realistic,naive-momentum,71,0.244474,21.287989,-0.001622,0.933333,1,1222.37355,0.0,0.207303,0.207303,0.637622,1.0,protocol-fixture,Default paper-execution stress assumptions used for comparable leaderboard rows.
trellm-v0.3-protocol,synthetic_calm_trend_c0_v0_3,C0,E1,paper stress execution,realistic,naive-momentum,73,0.228301,19.212404,-0.001915,0.933333,1,1563.568171,0.0,0.249516,0.249516,0.532672,1.0,protocol-fixture,Default paper-execution stress assumptions used for comparable leaderboard rows.
trellm-v0.3-protocol,synthetic_calm_trend_c0_v0_3,C0,E1,paper stress execution,realistic,naive-momentum,79,0.182361,22.338774,-0.003537,0.954545,0,1089.426703,0.0,0.210322,0.210322,0.697318,1.0,protocol-fixture,Default paper-execution stress assumptions used for comparable leaderboard rows.
trellm-v0.3-protocol,synthetic_calm_trend_c0_v0_3,C0,E1,paper stress execution,realistic,naive-momentum,83,0.204444,16.38796,-0.001114,0.955556,0,1442.205058,0.0,0.312225,0.312225,0.666543,1.0,protocol-fixture,Default paper-execution stress assumptions used for comparable leaderboard rows.
trellm-v0.3-protocol,synthetic_calm_trend_c0_v0_3,C0,E1,paper stress execution,realistic,naive-momentum,89,0.201749,17.652542,-0.000976,0.955556,0,1774.27309,0.0,0.312514,0.312514,0.611254,1.0,protocol-fixture,Default paper-execution stress assumptions used for comparable leaderboard rows.
trellm-v0.3-protocol,synthetic_calm_trend_c0_v0_3,C0,E1,paper stress execution,realistic,naive-momentum,97,0.158838,22.376082,-0.001477,0.931818,1,1038.897548,0.0,0.21694,0.21694,0.698541,1.0,protocol-fixture,Default paper-execution stress assumptions used for comparable leaderboard rows.
trellm-v0.3-protocol,synthetic_calm_trend_c0_v0_3,C0,E1,paper stress execution,realistic,naive-momentum,101,0.133408,13.822571,-0.003012,0.95122,0,1368.605533,0.0,0.284466,0.284466,0.468024,1.0,protocol-fixture,Default paper-execution stress assumptions used for comparable leaderboard rows.
trellm-v0.3-protocol,synthetic_calm_trend_c0_v0_3,C0,E1,paper stress execution,realistic,naive-momentum,103,0.178815,18.323868,-0.005323,0.953488,0,1449.77799,0.0,0.266849,0.266849,0.7,1.0,protocol-fixture,Default paper-execution stress assumptions used for comparable leaderboard rows.
trellm-v0.3-protocol,synthetic_calm_trend_c0_v0_3,C0,E1,paper stress execution,realistic,naive-momentum,107,0.216153,19.50536,-0.001758,0.934783,1,1866.975965,0.0,0.299652,0.299652,0.7,1.0,protocol-fixture,Default paper-execution stress assumptions used for comparable leaderboard rows.
trellm-v0.3-protocol,synthetic_calm_trend_c0_v0_3,C0,E1,paper stress execution,realistic,naive-momentum,109,0.226862,18.004576,-0.001556,0.928571,1,1627.076495,0.0,0.245114,0.245114,0.516573,1.0,protocol-fixture,Default paper-execution stress assumptions used for comparable leaderboard rows.
trellm-v0.3-protocol,synthetic_calm_trend_c0_v0_3,C0,E1,paper stress execution,realistic,naive-momentum,113,0.185173,17.965695,-0.001867,0.913043,2,1394.297744,0.0,0.242247,0.242247,0.7,1.0,protocol-fixture,Default paper-execution stress assumptions used for comparable leaderboard rows.
trellm-v0.3-protocol,synthetic_calm_trend_c0_v0_3,C0,E1,paper stress execution,realistic,naive-momentum,127,0.247079,18.91228,-0.000463,0.953488,0,1638.57679,0.0,0.278848,0.278848,0.446022,1.0,protocol-fixture,Default paper-execution stress assumptions used for comparable leaderboard rows.
trellm-v0.3-protocol,synthetic_calm_trend_c0_v0_3,C0,E1,paper stress execution,realistic,naive-momentum,131,0.161834,15.897008,-0.006045,0.906977,2,2361.53708,0.0,0.403737,0.403737,0.708179,1.0,protocol-fixture,Default paper-execution stress assumptions used for comparable leaderboard rows.
trellm-v0.3-protocol,synthetic_calm_trend_c0_v0_3,C0,E1,paper stress execution,realistic,naive-momentum,137,0.188728,16.869849,-0.00166,0.945946,0,1001.613539,0.0,0.186158,0.186158,0.35,1.0,protocol-fixture,Default paper-execution stress assumptions used for comparable leaderboard rows.
trellm-v0.3-protocol,synthetic_calm_trend_c0_v0_3,C0,E1,paper stress execution,realistic,naive-momentum,139,0.224791,23.779302,-0.00171,0.888889,3,1365.765083,0.0,0.248119,0.248119,0.65,1.0,protocol-fixture,Default paper-execution stress assumptions used for comparable leaderboard rows.
trellm-v0.3-protocol,synthetic_calm_trend_c0_v0_3,C0,E1,paper stress execution,realistic,naive-momentum,149,0.208287,16.691809,-0.00122,0.886364,3,1430.187314,0.0,0.254011,0.254011,0.7,1.0,protocol-fixture,Default paper-execution stress assumptions used for comparable leaderboard rows.
trellm-v0.3-protocol,synthetic_calm_trend_c0_v0_3,C0,E1,paper stress execution,realistic,naive-momentum,151,0.205599,20.644239,-0.002582,0.95,0,1384.559751,0.0,0.221758,0.221758,0.561447,1.0,protocol-fixture,Default paper-execution stress assumptions used for comparable leaderboard rows.
trellm-v0.3-protocol,synthetic_calm_trend_c0_v0_3,C0,E1,paper stress execution,realistic,mean-reversion,7,0.01745,3.780168,-0.003005,0.833333,1,327.628873,0.0,0.058963,0.058963,0.355883,1.0,protocol-fixture,Default paper-execution stress assumptions used for comparable leaderboard rows.
trellm-v0.3-protocol,synthetic_calm_trend_c0_v0_3,C0,E1,paper stress execution,realistic,mean-reversion,11,0.008767,2.058038,-0.005219,0.8,1,204.697465,0.0,0.058836,0.058836,0.705851,1.0,protocol-fixture,Default paper-execution stress assumptions used for comparable leaderboard rows.
trellm-v0.3-protocol,synthetic_calm_trend_c0_v0_3,C0,E1,paper stress execution,realistic,mean-reversion,17,0.006573,3.785374,-0.000614,0.666667,1,134.683251,0.0,0.04403,0.04403,0.353907,1.0,protocol-fixture,Default paper-execution stress assumptions used for comparable leaderboard rows.
trellm-v0.3-protocol,synthetic_calm_trend_c0_v0_3,C0,E1,paper stress execution,realistic,mean-reversion,23,0.0,0.0,0.0,0.0,0,0.0,0.0,0.0,0.0,0.0,1.0,protocol-fixture,Default paper-execution stress assumptions used for comparable leaderboard rows.
trellm-v0.3-protocol,synthetic_calm_trend_c0_v0_3,C0,E1,paper stress execution,realistic,mean-reversion,31,0.013132,4.606198,-0.000336,0.8,1,247.005617,0.0,0.058752,0.058752,0.705388,1.0,protocol-fixture,Default paper-execution stress assumptions used for comparable leaderboard rows.
trellm-v0.3-protocol,synthetic_calm_trend_c0_v0_3,C0,E1,paper stress execution,realistic,mean-reversion,37,-0.001138,-3.234403,-0.001138,0.666667,1,140.403824,0.0,0.044456,0.044456,0.358532,1.0,protocol-fixture,Default paper-execution stress assumptions used for comparable leaderboard rows.
trellm-v0.3-protocol,synthetic_calm_trend_c0_v0_3,C0,E1,paper stress execution,realistic,mean-reversion,41,0.012449,4.389041,-0.00112,0.833333,1,374.863892,0.0,0.08798,0.08798,0.701622,1.0,protocol-fixture,Default paper-execution stress assumptions used for comparable leaderboard rows.
trellm-v0.3-protocol,synthetic_calm_trend_c0_v0_3,C0,E1,paper stress execution,realistic,mean-reversion,43,0.014825,2.462034,-0.007023,0.833333,1,320.653479,0.0,0.058459,0.058459,0.353636,1.0,protocol-fixture,Default paper-execution stress assumptions used for comparable leaderboard rows.
trellm-v0.3-protocol,synthetic_calm_trend_c0_v0_3,C0,E1,paper stress execution,realistic,mean-reversion,47,0.0,0.0,0.0,0.0,0,0.0,0.0,0.0,0.0,0.0,1.0,protocol-fixture,Default paper-execution stress assumptions used for comparable leaderboard rows.
trellm-v0.3-protocol,synthetic_calm_trend_c0_v0_3,C0,E1,paper stress execution,realistic,mean-reversion,53,0.008687,4.427222,-0.000561,0.666667,1,144.006765,0.0,0.044066,0.044066,0.355119,1.0,protocol-fixture,Default paper-execution stress assumptions used for comparable leaderboard rows.
trellm-v0.3-protocol,synthetic_calm_trend_c0_v0_3,C0,E1,paper stress execution,realistic,mean-reversion,59,0.0,0.0,0.0,0.0,0,0.0,0.0,0.0,0.0,0.0,1.0,protocol-fixture,Default paper-execution stress assumptions used for comparable leaderboard rows.
trellm-v0.3-protocol,synthetic_calm_trend_c0_v0_3,C0,E1,paper stress execution,realistic,mean-reversion,61,0.012722,3.434625,-0.000685,0.666667,1,112.00916,0.0,0.044443,0.044443,0.362204,1.0,protocol-fixture,Default paper-execution stress assumptions used for comparable leaderboard rows.
trellm-v0.3-protocol,synthetic_calm_trend_c0_v0_3,C0,E1,paper stress execution,realistic,mean-reversion,67,0.009212,5.233974,-0.000397,0.8,1,233.301427,0.0,0.059008,0.059008,0.709892,1.0,protocol-fixture,Default paper-execution stress assumptions used for comparable leaderboard rows.
trellm-v0.3-protocol,synthetic_calm_trend_c0_v0_3,C0,E1,paper stress execution,realistic,mean-reversion,71,0.0,0.0,0.0,0.0,0,0.0,0.0,0.0,0.0,0.0,1.0,protocol-fixture,Default paper-execution stress assumptions used for comparable leaderboard rows.
trellm-v0.3-protocol,synthetic_calm_trend_c0_v0_3,C0,E1,paper stress execution,realistic,mean-reversion,73,0.022407,3.936843,-0.000654,0.8,1,215.522112,0.0,0.05916,0.05916,0.708059,1.0,protocol-fixture,Default paper-execution stress assumptions used for comparable leaderboard rows.
trellm-v0.3-protocol,synthetic_calm_trend_c0_v0_3,C0,E1,paper stress execution,realistic,mean-reversion,79,0.008587,2.863498,-0.001622,0.666667,2,319.620791,0.0,0.088432,0.088432,0.711059,1.0,protocol-fixture,Default paper-execution stress assumptions used for comparable leaderboard rows.
trellm-v0.3-protocol,synthetic_calm_trend_c0_v0_3,C0,E1,paper stress execution,realistic,mean-reversion,83,0.008047,4.301954,-0.000538,0.666667,1,135.92241,0.0,0.044088,0.044088,0.355787,1.0,protocol-fixture,Default paper-execution stress assumptions used for comparable leaderboard rows.
trellm-v0.3-protocol,synthetic_calm_trend_c0_v0_3,C0,E1,paper stress execution,realistic,mean-reversion,89,0.005872,2.234711,-0.004236,0.8,1,269.675823,0.0,0.05884,0.05884,0.707448,1.0,protocol-fixture,Default paper-execution stress assumptions used for comparable leaderboard rows.
trellm-v0.3-protocol,synthetic_calm_trend_c0_v0_3,C0,E1,paper stress execution,realistic,mean-reversion,97,0.005061,1.384347,-0.007243,0.666667,2,332.647957,0.0,0.08856,0.08856,0.714843,1.0,protocol-fixture,Default paper-execution stress assumptions used for comparable leaderboard rows.
trellm-v0.3-protocol,synthetic_calm_trend_c0_v0_3,C0,E1,paper stress execution,realistic,mean-reversion,101,0.00446,2.606543,-0.001638,0.857143,1,201.089918,0.0,0.043982,0.043982,0.350645,1.0,protocol-fixture,Default paper-execution stress assumptions used for comparable leaderboard rows.
trellm-v0.3-protocol,synthetic_calm_trend_c0_v0_3,C0,E1,paper stress execution,realistic,mean-reversion,103,0.006414,1.943819,-0.004033,0.714286,2,291.54324,0.0,0.088267,0.088267,0.709502,1.0,protocol-fixture,Default paper-execution stress assumptions used for comparable leaderboard rows.
trellm-v0.3-protocol,synthetic_calm_trend_c0_v0_3,C0,E1,paper stress execution,realistic,mean-reversion,107,0.0,0.0,0.0,0.0,0,0.0,0.0,0.0,0.0,0.0,1.0,protocol-fixture,Default paper-execution stress assumptions used for comparable leaderboard rows.
trellm-v0.3-protocol,synthetic_calm_trend_c0_v0_3,C0,E1,paper stress execution,realistic,mean-reversion,109,0.019013,4.322401,-0.0013,0.833333,1,207.852074,0.0,0.058622,0.058622,0.353153,1.0,protocol-fixture,Default paper-execution stress assumptions used for comparable leaderboard rows.
trellm-v0.3-protocol,synthetic_calm_trend_c0_v0_3,C0,E1,paper stress execution,realistic,mean-reversion,113,0.0,0.0,0.0,0.0,0,0.0,0.0,0.0,0.0,0.0,1.0,protocol-fixture,Default paper-execution stress assumptions used for comparable leaderboard rows.
trellm-v0.3-protocol,synthetic_calm_trend_c0_v0_3,C0,E1,paper stress execution,realistic,mean-reversion,127,0.013147,5.268824,-0.001103,0.75,2,381.90225,0.0,0.096941,0.096941,1.0,1.0,protocol-fixture,Default paper-execution stress assumptions used for comparable leaderboard rows.
trellm-v0.3-protocol,synthetic_calm_trend_c0_v0_3,C0,E1,paper stress execution,realistic,mean-reversion,131,0.005389,4.939445,-0.000839,0.75,2,336.444949,0.0,0.097788,0.097788,1.0,1.0,protocol-fixture,Default paper-execution stress assumptions used for comparable leaderboard rows.
trellm-v0.3-protocol,synthetic_calm_trend_c0_v0_3,C0,E1,paper stress execution,realistic,mean-reversion,137,0.004025,5.450775,-0.000672,0.833333,2,263.363994,0.0,0.077171,0.077171,0.65,1.0,protocol-fixture,Default paper-execution stress assumptions used for comparable leaderboard rows.
trellm-v0.3-protocol,synthetic_calm_trend_c0_v0_3,C0,E1,paper stress execution,realistic,mean-reversion,139,0.011434,4.786127,-0.000281,0.8,1,237.103867,0.0,0.058898,0.058898,0.708749,1.0,protocol-fixture,Default paper-execution stress assumptions used for comparable leaderboard rows.
trellm-v0.3-protocol,synthetic_calm_trend_c0_v0_3,C0,E1,paper stress execution,realistic,mean-reversion,149,-0.001189,-0.528904,-0.005637,0.8,1,277.075237,0.0,0.058784,0.058784,0.703772,1.0,protocol-fixture,Default paper-execution stress assumptions used for comparable leaderboard rows.
trellm-v0.3-protocol,synthetic_calm_trend_c0_v0_3,C0,E1,paper stress execution,realistic,mean-reversion,151,0.000754,0.466584,-0.003714,0.857143,1,213.901457,0.0,0.043788,0.043788,0.350009,1.0,protocol-fixture,Default paper-execution stress assumptions used for comparable leaderboard rows.
trellm-v0.3-protocol,synthetic_calm_trend_c0_v0_3,C0,E1,paper stress execution,realistic,risk-parity,7,0.175287,20.131648,-0.007438,0.916667,2,1271.35567,0.0,0.24943,0.24943,0.7,1.0,protocol-fixture,Default paper-execution stress assumptions used for comparable leaderboard rows.
trellm-v0.3-protocol,synthetic_calm_trend_c0_v0_3,C0,E1,paper stress execution,realistic,risk-parity,11,0.244642,22.125048,-0.001788,0.9375,1,1661.136888,0.0,0.245201,0.245201,0.7,1.0,protocol-fixture,Default paper-execution stress assumptions used for comparable leaderboard rows.
trellm-v0.3-protocol,synthetic_calm_trend_c0_v0_3,C0,E1,paper stress execution,realistic,risk-parity,17,0.214044,16.710609,-0.002275,0.934783,1,1308.965075,0.0,0.22636,0.22636,0.7,1.0,protocol-fixture,Default paper-execution stress assumptions used for comparable leaderboard rows.
trellm-v0.3-protocol,synthetic_calm_trend_c0_v0_3,C0,E1,paper stress execution,realistic,risk-parity,23,0.257305,18.875833,-0.004467,0.9375,1,1324.403676,0.0,0.232271,0.232271,0.7,1.0,protocol-fixture,Default paper-execution stress assumptions used for comparable leaderboard rows.
trellm-v0.3-protocol,synthetic_calm_trend_c0_v0_3,C0,E1,paper stress execution,realistic,risk-parity,31,0.236925,24.045398,-0.000835,0.9375,1,1293.440224,0.0,0.228744,0.228744,0.7,1.0,protocol-fixture,Default paper-execution stress assumptions used for comparable leaderboard rows.
trellm-v0.3-protocol,synthetic_calm_trend_c0_v0_3,C0,E1,paper stress execution,realistic,risk-parity,37,0.279624,27.807241,-0.001554,0.934783,1,1530.523524,0.0,0.220128,0.220128,0.7,1.0,protocol-fixture,Default paper-execution stress assumptions used for comparable leaderboard rows.
trellm-v0.3-protocol,synthetic_calm_trend_c0_v0_3,C0,E1,paper stress execution,realistic,risk-parity,41,0.192015,21.012279,-0.002697,0.9375,1,1140.225696,0.0,0.247444,0.247444,0.7,1.0,protocol-fixture,Default paper-execution stress assumptions used for comparable leaderboard rows.
trellm-v0.3-protocol,synthetic_calm_trend_c0_v0_3,C0,E1,paper stress execution,realistic,risk-parity,43,0.225269,20.428003,-0.001304,0.9375,1,1594.757057,0.0,0.261895,0.261895,0.7,1.0,protocol-fixture,Default paper-execution stress assumptions used for comparable leaderboard rows.
trellm-v0.3-protocol,synthetic_calm_trend_c0_v0_3,C0,E1,paper stress execution,realistic,risk-parity,47,0.211595,20.338413,-0.003539,0.9375,1,1271.779833,0.0,0.246772,0.246772,0.7,1.0,protocol-fixture,Default paper-execution stress assumptions used for comparable leaderboard rows.
trellm-v0.3-protocol,synthetic_calm_trend_c0_v0_3,C0,E1,paper stress execution,realistic,risk-parity,53,0.17873,19.978414,-0.001482,0.9375,1,1254.49552,0.0,0.231829,0.231829,0.7,1.0,protocol-fixture,Default paper-execution stress assumptions used for comparable leaderboard rows.
trellm-v0.3-protocol,synthetic_calm_trend_c0_v0_3,C0,E1,paper stress execution,realistic,risk-parity,59,0.228967,20.43648,-0.002088,0.93617,1,1388.019309,0.0,0.222382,0.222382,0.7,1.0,protocol-fixture,Default paper-execution stress assumptions used for comparable leaderboard rows.
trellm-v0.3-protocol,synthetic_calm_trend_c0_v0_3,C0,E1,paper stress execution,realistic,risk-parity,61,0.213818,18.681607,-0.001972,0.9375,1,1266.906551,0.0,0.230744,0.230744,0.7,1.0,protocol-fixture,Default paper-execution stress assumptions used for comparable leaderboard rows.
trellm-v0.3-protocol,synthetic_calm_trend_c0_v0_3,C0,E1,paper stress execution,realistic,risk-parity,67,0.193337,15.051951,-0.014873,0.93617,1,1256.310817,0.0,0.232288,0.232288,0.7,1.0,protocol-fixture,Default paper-execution stress assumptions used for comparable leaderboard rows.
trellm-v0.3-protocol,synthetic_calm_trend_c0_v0_3,C0,E1,paper stress execution,realistic,risk-parity,71,0.280971,20.480203,-0.001787,0.895833,3,1356.119443,0.0,0.240945,0.240945,0.7,1.0,protocol-fixture,Default paper-execution stress assumptions used for comparable leaderboard rows.
trellm-v0.3-protocol,synthetic_calm_trend_c0_v0_3,C0,E1,paper stress execution,realistic,risk-parity,73,0.206399,18.564868,-0.006948,0.895833,3,1519.187078,0.0,0.261227,0.261227,0.7,1.0,protocol-fixture,Default paper-execution stress assumptions used for comparable leaderboard rows.
trellm-v0.3-protocol,synthetic_calm_trend_c0_v0_3,C0,E1,paper stress execution,realistic,risk-parity,79,0.200283,18.90779,-0.001253,0.9375,1,1353.338633,0.0,0.220058,0.220058,0.7,1.0,protocol-fixture,Default paper-execution stress assumptions used for comparable leaderboard rows.
trellm-v0.3-protocol,synthetic_calm_trend_c0_v0_3,C0,E1,paper stress execution,realistic,risk-parity,83,0.187252,19.403101,-0.003261,0.9375,1,1291.173891,0.0,0.233672,0.233672,0.7,1.0,protocol-fixture,Default paper-execution stress assumptions used for comparable leaderboard rows.
trellm-v0.3-protocol,synthetic_calm_trend_c0_v0_3,C0,E1,paper stress execution,realistic,risk-parity,89,0.217009,17.307697,-0.00235,0.958333,0,1098.099385,0.0,0.221391,0.221391,0.7,1.0,protocol-fixture,Default paper-execution stress assumptions used for comparable leaderboard rows.
trellm-v0.3-protocol,synthetic_calm_trend_c0_v0_3,C0,E1,paper stress execution,realistic,risk-parity,97,0.19289,20.510732,-0.003162,0.9375,1,1204.998696,0.0,0.225001,0.225001,0.7,1.0,protocol-fixture,Default paper-execution stress assumptions used for comparable leaderboard rows.
trellm-v0.3-protocol,synthetic_calm_trend_c0_v0_3,C0,E1,paper stress execution,realistic,risk-parity,101,0.150555,20.440613,-0.001842,0.9375,1,1382.511951,0.0,0.259262,0.259262,0.7,1.0,protocol-fixture,Default paper-execution stress assumptions used for comparable leaderboard rows.
trellm-v0.3-protocol,synthetic_calm_trend_c0_v0_3,C0,E1,paper stress execution,realistic,risk-parity,103,0.18667,16.769962,-0.005011,0.914894,2,1298.274823,0.0,0.217205,0.217205,0.7,1.0,protocol-fixture,Default paper-execution stress assumptions used for comparable leaderboard rows.
trellm-v0.3-protocol,synthetic_calm_trend_c0_v0_3,C0,E1,paper stress execution,realistic,risk-parity,107,0.195605,21.65735,-0.000702,0.9375,1,1381.326874,0.0,0.2337,0.2337,0.7,1.0,protocol-fixture,Default paper-execution stress assumptions used for comparable leaderboard rows.
trellm-v0.3-protocol,synthetic_calm_trend_c0_v0_3,C0,E1,paper stress execution,realistic,risk-parity,109,0.272312,27.282047,-0.001388,0.9375,1,1489.110849,0.0,0.228624,0.228624,0.7,1.0,protocol-fixture,Default paper-execution stress assumptions used for comparable leaderboard rows.
trellm-v0.3-protocol,synthetic_calm_trend_c0_v0_3,C0,E1,paper stress execution,realistic,risk-parity,113,0.20444,27.630257,-0.002183,0.916667,2,1234.40684,0.0,0.237772,0.237772,0.7,1.0,protocol-fixture,Default paper-execution stress assumptions used for comparable leaderboard rows.
trellm-v0.3-protocol,synthetic_calm_trend_c0_v0_3,C0,E1,paper stress execution,realistic,risk-parity,127,0.248588,26.643313,-0.001076,0.93617,1,1347.684353,0.0,0.22353,0.22353,0.7,1.0,protocol-fixture,Default paper-execution stress assumptions used for comparable leaderboard rows.
trellm-v0.3-protocol,synthetic_calm_trend_c0_v0_3,C0,E1,paper stress execution,realistic,risk-parity,131,0.200539,18.568002,-0.00269,0.891304,3,1386.312661,0.0,0.219487,0.219487,0.7,1.0,protocol-fixture,Default paper-execution stress assumptions used for comparable leaderboard rows.
trellm-v0.3-protocol,synthetic_calm_trend_c0_v0_3,C0,E1,paper stress execution,realistic,risk-parity,137,0.175034,15.662087,-0.004244,0.916667,2,1292.72945,0.0,0.272252,0.272252,0.7,1.0,protocol-fixture,Default paper-execution stress assumptions used for comparable leaderboard rows.
trellm-v0.3-protocol,synthetic_calm_trend_c0_v0_3,C0,E1,paper stress execution,realistic,risk-parity,139,0.227183,25.370352,-0.00102,0.914894,2,1490.247476,0.0,0.268937,0.268937,0.7,1.0,protocol-fixture,Default paper-execution stress assumptions used for comparable leaderboard rows.
trellm-v0.3-protocol,synthetic_calm_trend_c0_v0_3,C0,E1,paper stress execution,realistic,risk-parity,149,0.226821,14.483977,-0.007989,0.895833,3,1864.091864,0.0,0.295607,0.295607,0.7,1.0,protocol-fixture,Default paper-execution stress assumptions used for comparable leaderboard rows.
trellm-v0.3-protocol,synthetic_calm_trend_c0_v0_3,C0,E1,paper stress execution,realistic,risk-parity,151,0.223174,25.682936,-0.001277,0.93617,1,1355.673253,0.0,0.247636,0.247636,0.7,1.0,protocol-fixture,Default paper-execution stress assumptions used for comparable leaderboard rows.
trellm-v0.3-protocol,synthetic_calm_trend_c0_v0_3,C0,E1,paper stress execution,realistic,minimum-variance,7,0.188992,21.874299,-0.007438,0.9375,1,1157.608973,0.0,0.221811,0.221811,0.7,1.0,protocol-fixture,Default paper-execution stress assumptions used for comparable leaderboard rows.
trellm-v0.3-protocol,synthetic_calm_trend_c0_v0_3,C0,E1,paper stress execution,realistic,minimum-variance,11,0.261302,23.91912,-0.001788,0.9375,1,1494.498605,0.0,0.218495,0.218495,0.7,1.0,protocol-fixture,Default paper-execution stress assumptions used for comparable leaderboard rows.
trellm-v0.3-protocol,synthetic_calm_trend_c0_v0_3,C0,E1,paper stress execution,realistic,minimum-variance,17,0.214447,16.515957,-0.002275,0.934783,1,1250.19897,0.0,0.219216,0.219216,0.7,1.0,protocol-fixture,Default paper-execution stress assumptions used for comparable leaderboard rows.
trellm-v0.3-protocol,synthetic_calm_trend_c0_v0_3,C0,E1,paper stress execution,realistic,minimum-variance,23,0.257267,18.506986,-0.006637,0.9375,1,1294.703498,0.0,0.228291,0.228291,0.7,1.0,protocol-fixture,Default paper-execution stress assumptions used for comparable leaderboard rows.
trellm-v0.3-protocol,synthetic_calm_trend_c0_v0_3,C0,E1,paper stress execution,realistic,minimum-variance,31,0.240644,23.80987,-0.000835,0.9375,1,1298.176161,0.0,0.219014,0.219014,0.7,1.0,protocol-fixture,Default paper-execution stress assumptions used for comparable leaderboard rows.
trellm-v0.3-protocol,synthetic_calm_trend_c0_v0_3,C0,E1,paper stress execution,realistic,minimum-variance,37,0.280107,26.995659,-0.001554,0.934783,1,1527.654303,0.0,0.217352,0.217352,0.7,1.0,protocol-fixture,Default paper-execution stress assumptions used for comparable leaderboard rows.
trellm-v0.3-protocol,synthetic_calm_trend_c0_v0_3,C0,E1,paper stress execution,realistic,minimum-variance,41,0.205595,19.749719,-0.00241,0.93617,1,1073.328171,0.0,0.226213,0.226213,0.7,1.0,protocol-fixture,Default paper-execution stress assumptions used for comparable leaderboard rows.
trellm-v0.3-protocol,synthetic_calm_trend_c0_v0_3,C0,E1,paper stress execution,realistic,minimum-variance,43,0.245241,27.641933,-0.001304,0.9375,1,1477.264942,0.0,0.231233,0.231233,0.7,1.0,protocol-fixture,Default paper-execution stress assumptions used for comparable leaderboard rows.
trellm-v0.3-protocol,synthetic_calm_trend_c0_v0_3,C0,E1,paper stress execution,realistic,minimum-variance,47,0.219575,21.472786,-0.003032,0.9375,1,1138.620106,0.0,0.21896,0.21896,0.7,1.0,protocol-fixture,Default paper-execution stress assumptions used for comparable leaderboard rows.
trellm-v0.3-protocol,synthetic_calm_trend_c0_v0_3,C0,E1,paper stress execution,realistic,minimum-variance,53,0.171926,21.132011,-0.001367,0.9375,1,1250.988836,0.0,0.223626,0.223626,0.7,1.0,protocol-fixture,Default paper-execution stress assumptions used for comparable leaderboard rows.
trellm-v0.3-protocol,synthetic_calm_trend_c0_v0_3,C0,E1,paper stress execution,realistic,minimum-variance,59,0.228967,20.43648,-0.002088,0.93617,1,1388.019309,0.0,0.222382,0.222382,0.7,1.0,protocol-fixture,Default paper-execution stress assumptions used for comparable leaderboard rows.
trellm-v0.3-protocol,synthetic_calm_trend_c0_v0_3,C0,E1,paper stress execution,realistic,minimum-variance,61,0.216584,18.666315,-0.002406,0.9375,1,1234.430795,0.0,0.224992,0.224992,0.7,1.0,protocol-fixture,Default paper-execution stress assumptions used for comparable leaderboard rows.
trellm-v0.3-protocol,synthetic_calm_trend_c0_v0_3,C0,E1,paper stress execution,realistic,minimum-variance,67,0.197362,15.059648,-0.014688,0.931818,1,1166.847396,0.0,0.217355,0.217355,0.7,1.0,protocol-fixture,Default paper-execution stress assumptions used for comparable leaderboard rows.
trellm-v0.3-protocol,synthetic_calm_trend_c0_v0_3,C0,E1,paper stress execution,realistic,minimum-variance,71,0.283297,21.252913,-0.0013,0.93617,1,1330.454278,0.0,0.21712,0.21712,0.7,1.0,protocol-fixture,Default paper-execution stress assumptions used for comparable leaderboard rows.
trellm-v0.3-protocol,synthetic_calm_trend_c0_v0_3,C0,E1,paper stress execution,realistic,minimum-variance,73,0.205831,18.740013,-0.006948,0.916667,2,1472.120927,0.0,0.26122,0.26122,0.7,1.0,protocol-fixture,Default paper-execution stress assumptions used for comparable leaderboard rows.
trellm-v0.3-protocol,synthetic_calm_trend_c0_v0_3,C0,E1,paper stress execution,realistic,minimum-variance,79,0.200283,18.90779,-0.001253,0.9375,1,1353.338633,0.0,0.220058,0.220058,0.7,1.0,protocol-fixture,Default paper-execution stress assumptions used for comparable leaderboard rows.
trellm-v0.3-protocol,synthetic_calm_trend_c0_v0_3,C0,E1,paper stress execution,realistic,minimum-variance,83,0.186265,17.672253,-0.003261,0.93617,1,1230.70612,0.0,0.217689,0.217689,0.7,1.0,protocol-fixture,Default paper-execution stress assumptions used for comparable leaderboard rows.
trellm-v0.3-protocol,synthetic_calm_trend_c0_v0_3,C0,E1,paper stress execution,realistic,minimum-variance,89,0.217683,17.359079,-0.001821,0.93617,1,1050.230856,0.0,0.216264,0.216264,0.7,1.0,protocol-fixture,Default paper-execution stress assumptions used for comparable leaderboard rows.
trellm-v0.3-protocol,synthetic_calm_trend_c0_v0_3,C0,E1,paper stress execution,realistic,minimum-variance,97,0.194356,19.745555,-0.001521,0.958333,0,1173.959108,0.0,0.218891,0.218891,0.7,1.0,protocol-fixture,Default paper-execution stress assumptions used for comparable leaderboard rows.
trellm-v0.3-protocol,synthetic_calm_trend_c0_v0_3,C0,E1,paper stress execution,realistic,minimum-variance,101,0.160649,18.997076,-0.00404,0.9375,1,1260.411043,0.0,0.226245,0.226245,0.7,1.0,protocol-fixture,Default paper-execution stress assumptions used for comparable leaderboard rows.
trellm-v0.3-protocol,synthetic_calm_trend_c0_v0_3,C0,E1,paper stress execution,realistic,minimum-variance,103,0.18667,16.769962,-0.005011,0.914894,2,1298.274823,0.0,0.217205,0.217205,0.7,1.0,protocol-fixture,Default paper-execution stress assumptions used for comparable leaderboard rows.
trellm-v0.3-protocol,synthetic_calm_trend_c0_v0_3,C0,E1,paper stress execution,realistic,minimum-variance,107,0.209654,20.628023,-0.000702,0.9375,1,1374.223307,0.0,0.219524,0.219524,0.7,1.0,protocol-fixture,Default paper-execution stress assumptions used for comparable leaderboard rows.
trellm-v0.3-protocol,synthetic_calm_trend_c0_v0_3,C0,E1,paper stress execution,realistic,minimum-variance,109,0.272312,27.282047,-0.001388,0.9375,1,1489.110849,0.0,0.228624,0.228624,0.7,1.0,protocol-fixture,Default paper-execution stress assumptions used for comparable leaderboard rows.
trellm-v0.3-protocol,synthetic_calm_trend_c0_v0_3,C0,E1,paper stress execution,realistic,minimum-variance,113,0.213751,25.147583,-0.001027,0.9375,1,1247.876726,0.0,0.223872,0.223872,0.7,1.0,protocol-fixture,Default paper-execution stress assumptions used for comparable leaderboard rows.
trellm-v0.3-protocol,synthetic_calm_trend_c0_v0_3,C0,E1,paper stress execution,realistic,minimum-variance,127,0.248588,26.643313,-0.001076,0.93617,1,1347.684353,0.0,0.22353,0.22353,0.7,1.0,protocol-fixture,Default paper-execution stress assumptions used for comparable leaderboard rows.
trellm-v0.3-protocol,synthetic_calm_trend_c0_v0_3,C0,E1,paper stress execution,realistic,minimum-variance,131,0.200539,18.568002,-0.00269,0.891304,3,1386.312661,0.0,0.219536,0.219536,0.7,1.0,protocol-fixture,Default paper-execution stress assumptions used for comparable leaderboard rows.
trellm-v0.3-protocol,synthetic_calm_trend_c0_v0_3,C0,E1,paper stress execution,realistic,minimum-variance,137,0.18944,16.300426,-0.004244,0.893617,3,1282.889707,0.0,0.227968,0.227968,0.7,1.0,protocol-fixture,Default paper-execution stress assumptions used for comparable leaderboard rows.
trellm-v0.3-protocol,synthetic_calm_trend_c0_v0_3,C0,E1,paper stress execution,realistic,minimum-variance,139,0.226037,24.516221,-0.00102,0.9375,1,1374.154986,0.0,0.219977,0.219977,0.7,1.0,protocol-fixture,Default paper-execution stress assumptions used for comparable leaderboard rows.
trellm-v0.3-protocol,synthetic_calm_trend_c0_v0_3,C0,E1,paper stress execution,realistic,minimum-variance,149,0.217593,18.289541,-0.004269,0.9375,1,1361.952605,0.0,0.218138,0.218138,0.7,1.0,protocol-fixture,Default paper-execution stress assumptions used for comparable leaderboard rows.
trellm-v0.3-protocol,synthetic_calm_trend_c0_v0_3,C0,E1,paper stress execution,realistic,minimum-variance,151,0.226423,27.652084,-0.001277,0.9375,1,1270.663775,0.0,0.223665,0.223665,0.7,1.0,protocol-fixture,Default paper-execution stress assumptions used for comparable leaderboard rows.
trellm-v0.3-protocol,synthetic_calm_trend_c0_v0_3,C0,E1,paper stress execution,realistic,random,7,0.136578,14.115823,-0.006872,0.911111,2,1654.351319,0.0,0.40404,0.40404,1.0,1.0,protocol-fixture,Default paper-execution stress assumptions used for comparable leaderboard rows.
trellm-v0.3-protocol,synthetic_calm_trend_c0_v0_3,C0,E1,paper stress execution,realistic,random,11,0.182299,14.102495,-0.001788,0.87234,4,2042.296666,0.0,0.40166,0.40166,1.0,1.0,protocol-fixture,Default paper-execution stress assumptions used for comparable leaderboard rows.
trellm-v0.3-protocol,synthetic_calm_trend_c0_v0_3,C0,E1,paper stress execution,realistic,random,17,0.122461,13.288702,-0.004327,0.840909,5,1983.424356,0.0,0.424872,0.424872,0.708088,1.0,protocol-fixture,Default paper-execution stress assumptions used for comparable leaderboard rows.
trellm-v0.3-protocol,synthetic_calm_trend_c0_v0_3,C0,E1,paper stress execution,realistic,random,23,0.132836,13.007226,-0.0019,0.825,5,1601.703669,0.0,0.390796,0.390796,0.703325,1.0,protocol-fixture,Default paper-execution stress assumptions used for comparable leaderboard rows.
trellm-v0.3-protocol,synthetic_calm_trend_c0_v0_3,C0,E1,paper stress execution,realistic,random,31,0.163298,22.152064,-0.001203,0.925,1,1342.012959,0.0,0.259978,0.259978,0.682216,1.0,protocol-fixture,Default paper-execution stress assumptions used for comparable leaderboard rows.
trellm-v0.3-protocol,synthetic_calm_trend_c0_v0_3,C0,E1,paper stress execution,realistic,random,37,0.190105,14.689685,-0.001824,0.804348,7,2098.638178,0.0,0.416443,0.416443,1.0,1.0,protocol-fixture,Default paper-execution stress assumptions used for comparable leaderboard rows.
trellm-v0.3-protocol,synthetic_calm_trend_c0_v0_3,C0,E1,paper stress execution,realistic,random,41,0.108309,14.909101,-0.002406,0.914894,2,1838.046372,0.0,0.435869,0.435869,1.0,1.0,protocol-fixture,Default paper-execution stress assumptions used for comparable leaderboard rows.
trellm-v0.3-protocol,synthetic_calm_trend_c0_v0_3,C0,E1,paper stress execution,realistic,random,43,0.17999,18.195163,-0.003636,0.933333,1,1919.757917,0.0,0.364925,0.364925,0.694601,1.0,protocol-fixture,Default paper-execution stress assumptions used for comparable leaderboard rows.
trellm-v0.3-protocol,synthetic_calm_trend_c0_v0_3,C0,E1,paper stress execution,realistic,random,47,0.172523,18.766769,-0.00425,0.895833,3,1207.820802,0.0,0.298113,0.298113,1.0,1.0,protocol-fixture,Default paper-execution stress assumptions used for comparable leaderboard rows.
trellm-v0.3-protocol,synthetic_calm_trend_c0_v0_3,C0,E1,paper stress execution,realistic,random,53,0.144057,12.736959,-0.001545,0.854167,5,1654.671793,0.0,0.366902,0.366902,1.0,1.0,protocol-fixture,Default paper-execution stress assumptions used for comparable leaderboard rows.
trellm-v0.3-protocol,synthetic_calm_trend_c0_v0_3,C0,E1,paper stress execution,realistic,random,59,0.150297,13.929586,-0.002088,0.869565,4,2116.589198,0.0,0.462579,0.462579,0.765444,1.0,protocol-fixture,Default paper-execution stress assumptions used for comparable leaderboard rows.
trellm-v0.3-protocol,synthetic_calm_trend_c0_v0_3,C0,E1,paper stress execution,realistic,random,61,0.122813,13.114749,-0.001221,0.866667,4,1501.2964,0.0,0.369549,0.369549,1.0,1.0,protocol-fixture,Default paper-execution stress assumptions used for comparable leaderboard rows.
trellm-v0.3-protocol,synthetic_calm_trend_c0_v0_3,C0,E1,paper stress execution,realistic,random,67,0.098164,8.367231,-0.011946,0.666667,12,2070.125511,0.0,0.376549,0.376549,1.0,1.0,protocol-fixture,Default paper-execution stress assumptions used for comparable leaderboard rows.
trellm-v0.3-protocol,synthetic_calm_trend_c0_v0_3,C0,E1,paper stress execution,realistic,random,71,0.137694,11.827966,-0.003382,0.791667,8,2574.933826,0.0,0.456573,0.456573,1.0,1.0,protocol-fixture,Default paper-execution stress assumptions used for comparable leaderboard rows.
trellm-v0.3-protocol,synthetic_calm_trend_c0_v0_3,C0,E1,paper stress execution,realistic,random,73,0.137228,13.509408,-0.006948,0.863636,4,1844.581641,0.0,0.380967,0.380967,0.7,1.0,protocol-fixture,Default paper-execution stress assumptions used for comparable leaderboard rows.
trellm-v0.3-protocol,synthetic_calm_trend_c0_v0_3,C0,E1,paper stress execution,realistic,random,79,0.134826,14.426715,-0.001544,0.826087,6,1838.946088,0.0,0.417814,0.417814,1.0,1.0,protocol-fixture,Default paper-execution stress assumptions used for comparable leaderboard rows.
trellm-v0.3-protocol,synthetic_calm_trend_c0_v0_3,C0,E1,paper stress execution,realistic,random,83,0.121472,11.040918,-0.002271,0.76087,9,2054.307686,0.0,0.46141,0.46141,0.971308,1.0,protocol-fixture,Default paper-execution stress assumptions used for comparable leaderboard rows.
trellm-v0.3-protocol,synthetic_calm_trend_c0_v0_3,C0,E1,paper stress execution,realistic,random,89,0.133621,12.727187,-0.004799,0.860465,4,1120.609138,0.0,0.302844,0.302844,1.0,1.0,protocol-fixture,Default paper-execution stress assumptions used for comparable leaderboard rows.
trellm-v0.3-protocol,synthetic_calm_trend_c0_v0_3,C0,E1,paper stress execution,realistic,random,97,0.111336,14.454818,-0.001879,0.837209,5,1644.006084,0.0,0.370219,0.370219,1.0,1.0,protocol-fixture,Default paper-execution stress assumptions used for comparable leaderboard rows.
trellm-v0.3-protocol,synthetic_calm_trend_c0_v0_3,C0,E1,paper stress execution,realistic,random,101,0.06194,9.333199,-0.004876,0.692308,10,1509.876378,0.0,0.358803,0.358803,1.0,1.0,protocol-fixture,Default paper-execution stress assumptions used for comparable leaderboard rows.
trellm-v0.3-protocol,synthetic_calm_trend_c0_v0_3,C0,E1,paper stress execution,realistic,random,103,0.148462,13.580959,-0.005387,0.875,4,1717.74153,0.0,0.299839,0.299839,0.7,1.0,protocol-fixture,Default paper-execution stress assumptions used for comparable leaderboard rows.
trellm-v0.3-protocol,synthetic_calm_trend_c0_v0_3,C0,E1,paper stress execution,realistic,random,107,0.157592,15.800603,-0.001753,0.833333,6,1948.644387,0.0,0.389907,0.389907,1.0,1.0,protocol-fixture,Default paper-execution stress assumptions used for comparable leaderboard rows.
trellm-v0.3-protocol,synthetic_calm_trend_c0_v0_3,C0,E1,paper stress execution,realistic,random,109,0.170425,17.544178,-0.002549,0.847826,5,1919.768428,0.0,0.409825,0.409825,0.805432,1.0,protocol-fixture,Default paper-execution stress assumptions used for comparable leaderboard rows.
trellm-v0.3-protocol,synthetic_calm_trend_c0_v0_3,C0,E1,paper stress execution,realistic,random,113,0.138478,16.378,-0.001298,0.934783,1,1877.041655,0.0,0.355857,0.355857,0.927908,1.0,protocol-fixture,Default paper-execution stress assumptions used for comparable leaderboard rows.
trellm-v0.3-protocol,synthetic_calm_trend_c0_v0_3,C0,E1,paper stress execution,realistic,random,127,0.197142,15.733679,-0.000898,0.904762,2,1519.859297,0.0,0.322664,0.322664,0.7,1.0,protocol-fixture,Default paper-execution stress assumptions used for comparable leaderboard rows.
trellm-v0.3-protocol,synthetic_calm_trend_c0_v0_3,C0,E1,paper stress execution,realistic,random,131,0.104592,9.558429,-0.004615,0.775,7,1637.719711,0.0,0.39383,0.39383,1.0,1.0,protocol-fixture,Default paper-execution stress assumptions used for comparable leaderboard rows.
trellm-v0.3-protocol,synthetic_calm_trend_c0_v0_3,C0,E1,paper stress execution,realistic,random,137,0.126582,11.730138,-0.005533,0.883721,3,1741.050605,0.0,0.338083,0.338083,0.88275,1.0,protocol-fixture,Default paper-execution stress assumptions used for comparable leaderboard rows.
trellm-v0.3-protocol,synthetic_calm_trend_c0_v0_3,C0,E1,paper stress execution,realistic,random,139,0.166172,14.422778,-0.002195,0.931818,1,1673.807949,0.0,0.386644,0.386644,0.87324,1.0,protocol-fixture,Default paper-execution stress assumptions used for comparable leaderboard rows.
trellm-v0.3-protocol,synthetic_calm_trend_c0_v0_3,C0,E1,paper stress execution,realistic,random,149,0.137379,11.480491,-0.00603,0.904762,2,1831.449409,0.0,0.44672,0.44672,1.0,1.0,protocol-fixture,Default paper-execution stress assumptions used for comparable leaderboard rows.
trellm-v0.3-protocol,synthetic_calm_trend_c0_v0_3,C0,E1,paper stress execution,realistic,random,151,0.148245,15.310967,-0.001277,0.791667,8,2108.341674,0.0,0.464397,0.464397,0.822008,1.0,protocol-fixture,Default paper-execution stress assumptions used for comparable leaderboard rows.
trellm-v0.3-protocol,synthetic_calm_trend_c0_v0_3,C0,E2,harsh friction sweep corner,realistic,buy-and-hold,7,0.189232,15.477532,-0.003047,0.659574,10,1172.809791,0.3,0.306567,0.500416,1.0,1.0,protocol-fixture,Stress corner for execution-friction sensitivity; not calibrated cost prediction.
trellm-v0.3-protocol,synthetic_calm_trend_c0_v0_3,C0,E2,harsh friction sweep corner,realistic,buy-and-hold,11,0.203182,18.140346,-0.002077,0.604167,13,1422.512056,0.3,0.320242,0.507199,1.0,1.0,protocol-fixture,Stress corner for execution-friction sensitivity; not calibrated cost prediction.
trellm-v0.3-protocol,synthetic_calm_trend_c0_v0_3,C0,E2,harsh friction sweep corner,realistic,buy-and-hold,17,0.161197,13.358901,-0.003812,0.583333,14,1327.212804,0.3,0.312908,0.504413,1.0,1.0,protocol-fixture,Stress corner for execution-friction sensitivity; not calibrated cost prediction.
trellm-v0.3-protocol,synthetic_calm_trend_c0_v0_3,C0,E2,harsh friction sweep corner,realistic,buy-and-hold,23,0.201145,16.37053,-0.002491,0.5625,15,1429.541886,0.3,0.340736,0.497218,1.0,1.0,protocol-fixture,Stress corner for execution-friction sensitivity; not calibrated cost prediction.
trellm-v0.3-protocol,synthetic_calm_trend_c0_v0_3,C0,E2,harsh friction sweep corner,realistic,buy-and-hold,31,0.206725,19.723665,-0.002132,0.5625,15,1270.159577,0.3,0.314297,0.503376,1.0,1.0,protocol-fixture,Stress corner for execution-friction sensitivity; not calibrated cost prediction.
trellm-v0.3-protocol,synthetic_calm_trend_c0_v0_3,C0,E2,harsh friction sweep corner,realistic,buy-and-hold,37,0.280065,21.198579,-0.001452,0.583333,14,1242.52613,0.3,0.317236,0.500668,1.0,1.0,protocol-fixture,Stress corner for execution-friction sensitivity; not calibrated cost prediction.
trellm-v0.3-protocol,synthetic_calm_trend_c0_v0_3,C0,E2,harsh friction sweep corner,realistic,buy-and-hold,41,0.187539,15.15914,-0.003574,0.583333,14,1271.564284,0.3,0.321283,0.505994,1.0,1.0,protocol-fixture,Stress corner for execution-friction sensitivity; not calibrated cost prediction.
trellm-v0.3-protocol,synthetic_calm_trend_c0_v0_3,C0,E2,harsh friction sweep corner,realistic,buy-and-hold,43,0.227893,17.353841,-0.002813,0.5625,15,1418.452755,0.3,0.313286,0.503461,1.0,1.0,protocol-fixture,Stress corner for execution-friction sensitivity; not calibrated cost prediction.
trellm-v0.3-protocol,synthetic_calm_trend_c0_v0_3,C0,E2,harsh friction sweep corner,realistic,buy-and-hold,47,0.183606,14.254215,-0.002085,0.604167,13,1209.313581,0.3,0.311292,0.501638,1.0,1.0,protocol-fixture,Stress corner for execution-friction sensitivity; not calibrated cost prediction.
trellm-v0.3-protocol,synthetic_calm_trend_c0_v0_3,C0,E2,harsh friction sweep corner,realistic,buy-and-hold,53,0.170145,15.186431,-0.002567,0.583333,14,1305.010786,0.3,0.315246,0.503944,1.0,1.0,protocol-fixture,Stress corner for execution-friction sensitivity; not calibrated cost prediction.
trellm-v0.3-protocol,synthetic_calm_trend_c0_v0_3,C0,E2,harsh friction sweep corner,realistic,buy-and-hold,59,0.201602,16.464346,-0.001957,0.604167,13,1272.691809,0.3,0.318283,0.502771,1.0,1.0,protocol-fixture,Stress corner for execution-friction sensitivity; not calibrated cost prediction.
trellm-v0.3-protocol,synthetic_calm_trend_c0_v0_3,C0,E2,harsh friction sweep corner,realistic,buy-and-hold,61,0.174106,17.83829,-0.002614,0.645833,11,1113.364197,0.3,0.313734,0.503441,1.0,1.0,protocol-fixture,Stress corner for execution-friction sensitivity; not calibrated cost prediction.
trellm-v0.3-protocol,synthetic_calm_trend_c0_v0_3,C0,E2,harsh friction sweep corner,realistic,buy-and-hold,67,0.17702,15.440601,-0.002434,0.583333,14,1162.057793,0.3,0.315768,0.500417,1.0,1.0,protocol-fixture,Stress corner for execution-friction sensitivity; not calibrated cost prediction.
trellm-v0.3-protocol,synthetic_calm_trend_c0_v0_3,C0,E2,harsh friction sweep corner,realistic,buy-and-hold,71,0.202269,18.216947,-0.00225,0.595745,13,1283.939822,0.3,0.308642,0.499359,1.0,1.0,protocol-fixture,Stress corner for execution-friction sensitivity; not calibrated cost prediction.
trellm-v0.3-protocol,synthetic_calm_trend_c0_v0_3,C0,E2,harsh friction sweep corner,realistic,buy-and-hold,73,0.23703,16.574422,-0.003522,0.541667,16,1318.464372,0.3,0.318847,0.505658,1.0,1.0,protocol-fixture,Stress corner for execution-friction sensitivity; not calibrated cost prediction.
trellm-v0.3-protocol,synthetic_calm_trend_c0_v0_3,C0,E2,harsh friction sweep corner,realistic,buy-and-hold,79,0.180644,20.733504,-0.001866,0.604167,13,1246.19804,0.3,0.313902,0.502348,1.0,1.0,protocol-fixture,Stress corner for execution-friction sensitivity; not calibrated cost prediction.
trellm-v0.3-protocol,synthetic_calm_trend_c0_v0_3,C0,E2,harsh friction sweep corner,realistic,buy-and-hold,83,0.187061,15.750026,-0.002262,0.625,12,1125.115512,0.3,0.309613,0.503578,1.0,1.0,protocol-fixture,Stress corner for execution-friction sensitivity; not calibrated cost prediction.
trellm-v0.3-protocol,synthetic_calm_trend_c0_v0_3,C0,E2,harsh friction sweep corner,realistic,buy-and-hold,89,0.191613,15.314895,-0.00167,0.702128,8,1096.687439,0.3,0.323249,0.497328,1.0,1.0,protocol-fixture,Stress corner for execution-friction sensitivity; not calibrated cost prediction.
trellm-v0.3-protocol,synthetic_calm_trend_c0_v0_3,C0,E2,harsh friction sweep corner,realistic,buy-and-hold,97,0.175296,15.443195,-0.005594,0.583333,14,1298.776356,0.3,0.321667,0.505136,1.0,1.0,protocol-fixture,Stress corner for execution-friction sensitivity; not calibrated cost prediction.
trellm-v0.3-protocol,synthetic_calm_trend_c0_v0_3,C0,E2,harsh friction sweep corner,realistic,buy-and-hold,101,0.14239,14.58747,-0.001804,0.604167,13,1063.861945,0.3,0.331244,0.511554,1.0,1.0,protocol-fixture,Stress corner for execution-friction sensitivity; not calibrated cost prediction.
trellm-v0.3-protocol,synthetic_calm_trend_c0_v0_3,C0,E2,harsh friction sweep corner,realistic,buy-and-hold,103,0.182216,17.513025,-0.003547,0.583333,14,1049.889138,0.3,0.312131,0.502459,1.0,1.0,protocol-fixture,Stress corner for execution-friction sensitivity; not calibrated cost prediction.
trellm-v0.3-protocol,synthetic_calm_trend_c0_v0_3,C0,E2,harsh friction sweep corner,realistic,buy-and-hold,107,0.165481,15.464245,-0.002626,0.604167,13,1280.811767,0.3,0.322991,0.509465,1.0,1.0,protocol-fixture,Stress corner for execution-friction sensitivity; not calibrated cost prediction.
trellm-v0.3-protocol,synthetic_calm_trend_c0_v0_3,C0,E2,harsh friction sweep corner,realistic,buy-and-hold,109,0.237994,18.312675,-0.001729,0.5625,15,1469.069167,0.3,0.333845,0.498946,1.0,1.0,protocol-fixture,Stress corner for execution-friction sensitivity; not calibrated cost prediction.
trellm-v0.3-protocol,synthetic_calm_trend_c0_v0_3,C0,E2,harsh friction sweep corner,realistic,buy-and-hold,113,0.171491,13.897703,-0.002189,0.583333,14,1237.420224,0.3,0.320556,0.504496,1.0,1.0,protocol-fixture,Stress corner for execution-friction sensitivity; not calibrated cost prediction.
trellm-v0.3-protocol,synthetic_calm_trend_c0_v0_3,C0,E2,harsh friction sweep corner,realistic,buy-and-hold,127,0.263773,15.225248,-0.001913,0.5625,15,1269.256875,0.3,0.315892,0.505563,1.0,1.0,protocol-fixture,Stress corner for execution-friction sensitivity; not calibrated cost prediction.
trellm-v0.3-protocol,synthetic_calm_trend_c0_v0_3,C0,E2,harsh friction sweep corner,realistic,buy-and-hold,131,0.21238,18.024434,-0.001966,0.604167,13,1337.194085,0.3,0.328643,0.496777,1.0,1.0,protocol-fixture,Stress corner for execution-friction sensitivity; not calibrated cost prediction.
trellm-v0.3-protocol,synthetic_calm_trend_c0_v0_3,C0,E2,harsh friction sweep corner,realistic,buy-and-hold,137,0.179498,14.952951,-0.002533,0.680851,9,1116.559997,0.3,0.324831,0.496704,1.0,1.0,protocol-fixture,Stress corner for execution-friction sensitivity; not calibrated cost prediction.
trellm-v0.3-protocol,synthetic_calm_trend_c0_v0_3,C0,E2,harsh friction sweep corner,realistic,buy-and-hold,139,0.225366,19.578107,-0.001755,0.5625,15,1169.173901,0.3,0.317999,0.507291,1.0,1.0,protocol-fixture,Stress corner for execution-friction sensitivity; not calibrated cost prediction.
trellm-v0.3-protocol,synthetic_calm_trend_c0_v0_3,C0,E2,harsh friction sweep corner,realistic,buy-and-hold,149,0.165159,14.154219,-0.004125,0.583333,14,1215.883127,0.3,0.315962,0.502726,1.0,1.0,protocol-fixture,Stress corner for execution-friction sensitivity; not calibrated cost prediction.
trellm-v0.3-protocol,synthetic_calm_trend_c0_v0_3,C0,E2,harsh friction sweep corner,realistic,buy-and-hold,151,0.194169,16.810571,-0.002147,0.541667,16,1250.29191,0.3,0.31349,0.504564,1.0,1.0,protocol-fixture,Stress corner for execution-friction sensitivity; not calibrated cost prediction.
trellm-v0.3-protocol,synthetic_calm_trend_c0_v0_3,C0,E2,harsh friction sweep corner,realistic,signal-weighted,7,0.102668,10.925653,-0.000377,0.617647,7,882.290777,0.231566,0.212546,0.350445,1.141898,1.0,protocol-fixture,Stress corner for execution-friction sensitivity; not calibrated cost prediction.
trellm-v0.3-protocol,synthetic_calm_trend_c0_v0_3,C0,E2,harsh friction sweep corner,realistic,signal-weighted,11,0.118626,9.626028,-0.002111,0.578947,10,1374.984271,0.477572,0.323729,0.681507,1.590514,1.0,protocol-fixture,Stress corner for execution-friction sensitivity; not calibrated cost prediction.
trellm-v0.3-protocol,synthetic_calm_trend_c0_v0_3,C0,E2,harsh friction sweep corner,realistic,signal-weighted,17,0.119642,9.780254,-0.002443,0.536585,13,1431.524578,0.296869,0.38848,0.579101,1.393242,1.0,protocol-fixture,Stress corner for execution-friction sensitivity; not calibrated cost prediction.
trellm-v0.3-protocol,synthetic_calm_trend_c0_v0_3,C0,E2,harsh friction sweep corner,realistic,signal-weighted,23,0.11966,10.34809,-0.000442,0.588235,8,978.375752,0.377885,0.218643,0.473908,1.266157,1.0,protocol-fixture,Stress corner for execution-friction sensitivity; not calibrated cost prediction.
trellm-v0.3-protocol,synthetic_calm_trend_c0_v0_3,C0,E2,harsh friction sweep corner,realistic,signal-weighted,31,0.100665,10.282753,-0.001237,0.578947,10,1179.690406,0.324081,0.323731,0.527141,1.338773,1.0,protocol-fixture,Stress corner for execution-friction sensitivity; not calibrated cost prediction.
trellm-v0.3-protocol,synthetic_calm_trend_c0_v0_3,C0,E2,harsh friction sweep corner,realistic,signal-weighted,37,0.136887,12.713633,-0.001003,0.540541,11,1424.745439,0.486172,0.309458,0.673041,1.481047,1.0,protocol-fixture,Stress corner for execution-friction sensitivity; not calibrated cost prediction.
trellm-v0.3-protocol,synthetic_calm_trend_c0_v0_3,C0,E2,harsh friction sweep corner,realistic,signal-weighted,41,0.09636,8.916116,-0.00321,0.588235,8,943.895725,0.296505,0.22581,0.402003,1.117932,1.0,protocol-fixture,Stress corner for execution-friction sensitivity; not calibrated cost prediction.
trellm-v0.3-protocol,synthetic_calm_trend_c0_v0_3,C0,E2,harsh friction sweep corner,realistic,signal-weighted,43,0.137717,11.265194,-0.001559,0.594595,9,1431.828759,0.400871,0.306155,0.598977,1.533443,1.0,protocol-fixture,Stress corner for execution-friction sensitivity; not calibrated cost prediction.
trellm-v0.3-protocol,synthetic_calm_trend_c0_v0_3,C0,E2,harsh friction sweep corner,realistic,signal-weighted,47,0.127443,11.473246,-0.001019,0.560976,12,1500.50085,0.32946,0.376096,0.595467,1.347719,1.0,protocol-fixture,Stress corner for execution-friction sensitivity; not calibrated cost prediction.
trellm-v0.3-protocol,synthetic_calm_trend_c0_v0_3,C0,E2,harsh friction sweep corner,realistic,signal-weighted,53,0.090548,12.708563,-0.001053,0.536585,13,1539.76401,0.301559,0.407211,0.601742,1.214784,1.0,protocol-fixture,Stress corner for execution-friction sensitivity; not calibrated cost prediction.
trellm-v0.3-protocol,synthetic_calm_trend_c0_v0_3,C0,E2,harsh friction sweep corner,realistic,signal-weighted,59,0.147373,11.686272,-0.000825,0.560976,12,1372.00458,0.316922,0.373204,0.647233,1.446627,1.0,protocol-fixture,Stress corner for execution-friction sensitivity; not calibrated cost prediction.
trellm-v0.3-protocol,synthetic_calm_trend_c0_v0_3,C0,E2,harsh friction sweep corner,realistic,signal-weighted,61,0.082154,9.927929,-0.001264,0.552632,11,1209.849553,0.300435,0.324425,0.504928,1.182959,1.0,protocol-fixture,Stress corner for execution-friction sensitivity; not calibrated cost prediction.
trellm-v0.3-protocol,synthetic_calm_trend_c0_v0_3,C0,E2,harsh friction sweep corner,realistic,signal-weighted,67,0.081003,9.439363,-0.001771,0.552632,11,1213.30498,0.351933,0.322882,0.55567,1.333506,1.0,protocol-fixture,Stress corner for execution-friction sensitivity; not calibrated cost prediction.
trellm-v0.3-protocol,synthetic_calm_trend_c0_v0_3,C0,E2,harsh friction sweep corner,realistic,signal-weighted,71,0.108853,9.537716,-0.001689,0.567568,10,1245.263265,0.386175,0.306299,0.571015,1.297789,1.0,protocol-fixture,Stress corner for execution-friction sensitivity; not calibrated cost prediction.
trellm-v0.3-protocol,synthetic_calm_trend_c0_v0_3,C0,E2,harsh friction sweep corner,realistic,signal-weighted,73,0.117014,9.285129,-0.001198,0.575758,8,952.767339,0.434427,0.223778,0.538184,1.402542,1.0,protocol-fixture,Stress corner for execution-friction sensitivity; not calibrated cost prediction.
trellm-v0.3-protocol,synthetic_calm_trend_c0_v0_3,C0,E2,harsh friction sweep corner,realistic,signal-weighted,79,0.075908,9.157041,-0.000438,0.617647,7,974.700948,0.221684,0.236602,0.400458,0.97132,1.0,protocol-fixture,Stress corner for execution-friction sensitivity; not calibrated cost prediction.
trellm-v0.3-protocol,synthetic_calm_trend_c0_v0_3,C0,E2,harsh friction sweep corner,realistic,signal-weighted,83,0.11067,9.020858,-0.002305,0.567568,10,1164.904357,0.247821,0.320112,0.46313,1.287878,1.0,protocol-fixture,Stress corner for execution-friction sensitivity; not calibrated cost prediction.
trellm-v0.3-protocol,synthetic_calm_trend_c0_v0_3,C0,E2,harsh friction sweep corner,realistic,signal-weighted,89,0.106999,9.69812,-0.001162,0.578947,10,1251.257388,0.32569,0.322558,0.527349,1.556573,1.0,protocol-fixture,Stress corner for execution-friction sensitivity; not calibrated cost prediction.
trellm-v0.3-protocol,synthetic_calm_trend_c0_v0_3,C0,E2,harsh friction sweep corner,realistic,signal-weighted,97,0.06575,8.206248,-0.006284,0.605263,9,1229.079746,0.194316,0.329512,0.42233,1.134539,1.0,protocol-fixture,Stress corner for execution-friction sensitivity; not calibrated cost prediction.
trellm-v0.3-protocol,synthetic_calm_trend_c0_v0_3,C0,E2,harsh friction sweep corner,realistic,signal-weighted,101,0.07292,8.558294,-0.001476,0.605263,9,1031.98143,0.176667,0.319288,0.3906,0.976718,1.0,protocol-fixture,Stress corner for execution-friction sensitivity; not calibrated cost prediction.
trellm-v0.3-protocol,synthetic_calm_trend_c0_v0_3,C0,E2,harsh friction sweep corner,realistic,signal-weighted,103,0.07477,7.946875,-0.005157,0.588235,8,927.318258,0.284983,0.241769,0.423394,1.109617,1.0,protocol-fixture,Stress corner for execution-friction sensitivity; not calibrated cost prediction.
trellm-v0.3-protocol,synthetic_calm_trend_c0_v0_3,C0,E2,harsh friction sweep corner,realistic,signal-weighted,107,0.114761,11.084246,-0.005918,0.560976,12,1406.519897,0.279872,0.394484,0.614547,1.155314,1.0,protocol-fixture,Stress corner for execution-friction sensitivity; not calibrated cost prediction.
trellm-v0.3-protocol,synthetic_calm_trend_c0_v0_3,C0,E2,harsh friction sweep corner,realistic,signal-weighted,109,0.118651,10.056326,-0.000344,0.617647,7,898.078643,0.389925,0.220813,0.490103,1.497976,1.0,protocol-fixture,Stress corner for execution-friction sensitivity; not calibrated cost prediction.
trellm-v0.3-protocol,synthetic_calm_trend_c0_v0_3,C0,E2,harsh friction sweep corner,realistic,signal-weighted,113,0.118787,10.487768,-0.001973,0.560976,12,1368.818354,0.273893,0.379112,0.556432,1.326602,1.0,protocol-fixture,Stress corner for execution-friction sensitivity; not calibrated cost prediction.
trellm-v0.3-protocol,synthetic_calm_trend_c0_v0_3,C0,E2,harsh friction sweep corner,realistic,signal-weighted,127,0.11661,9.341684,-0.000668,0.588235,8,1074.768004,0.442229,0.227276,0.549068,1.492551,1.0,protocol-fixture,Stress corner for execution-friction sensitivity; not calibrated cost prediction.
trellm-v0.3-protocol,synthetic_calm_trend_c0_v0_3,C0,E2,harsh friction sweep corner,realistic,signal-weighted,131,0.112338,11.365643,-0.001019,0.594595,9,1365.328417,0.337575,0.311664,0.541127,1.342335,1.0,protocol-fixture,Stress corner for execution-friction sensitivity; not calibrated cost prediction.
trellm-v0.3-protocol,synthetic_calm_trend_c0_v0_3,C0,E2,harsh friction sweep corner,realistic,signal-weighted,137,0.10393,9.466572,-0.000387,0.617647,7,866.219732,0.28607,0.214877,0.390877,1.217236,1.0,protocol-fixture,Stress corner for execution-friction sensitivity; not calibrated cost prediction.
trellm-v0.3-protocol,synthetic_calm_trend_c0_v0_3,C0,E2,harsh friction sweep corner,realistic,signal-weighted,139,0.123145,11.982201,-0.002179,0.560976,12,1546.245517,0.376868,0.402576,0.664875,1.411329,1.0,protocol-fixture,Stress corner for execution-friction sensitivity; not calibrated cost prediction.
trellm-v0.3-protocol,synthetic_calm_trend_c0_v0_3,C0,E2,harsh friction sweep corner,realistic,signal-weighted,149,0.163205,12.094791,-0.001528,0.617647,7,994.643739,0.317478,0.209776,0.351153,1.123803,1.0,protocol-fixture,Stress corner for execution-friction sensitivity; not calibrated cost prediction.
trellm-v0.3-protocol,synthetic_calm_trend_c0_v0_3,C0,E2,harsh friction sweep corner,realistic,signal-weighted,151,0.129224,11.583917,-0.001719,0.567568,10,1329.537772,0.374409,0.310861,0.564918,1.3596,1.0,protocol-fixture,Stress corner for execution-friction sensitivity; not calibrated cost prediction.
trellm-v0.3-protocol,synthetic_calm_trend_c0_v0_3,C0,E2,harsh friction sweep corner,realistic,naive-momentum,7,0.222142,18.984185,-0.002012,0.595238,11,2554.065684,0.0,0.665694,0.665694,1.097292,1.0,protocol-fixture,Stress corner for execution-friction sensitivity; not calibrated cost prediction.
trellm-v0.3-protocol,synthetic_calm_trend_c0_v0_3,C0,E2,harsh friction sweep corner,realistic,naive-momentum,11,0.285281,19.242055,-0.001288,0.55814,13,2964.448162,0.0,0.682428,0.682428,1.0,1.0,protocol-fixture,Stress corner for execution-friction sensitivity; not calibrated cost prediction.
trellm-v0.3-protocol,synthetic_calm_trend_c0_v0_3,C0,E2,harsh friction sweep corner,realistic,naive-momentum,17,0.273309,17.877563,-0.001375,0.644444,10,2531.597375,0.0,0.573134,0.573134,1.0,1.0,protocol-fixture,Stress corner for execution-friction sensitivity; not calibrated cost prediction.
trellm-v0.3-protocol,synthetic_calm_trend_c0_v0_3,C0,E2,harsh friction sweep corner,realistic,naive-momentum,23,0.182164,15.624638,-0.003376,0.543478,15,1482.164967,0.0,0.417431,0.417431,0.7,1.0,protocol-fixture,Stress corner for execution-friction sensitivity; not calibrated cost prediction.
trellm-v0.3-protocol,synthetic_calm_trend_c0_v0_3,C0,E2,harsh friction sweep corner,realistic,naive-momentum,31,0.174011,17.24313,-0.001974,0.659091,9,1335.404233,0.0,0.340913,0.340913,0.7,1.0,protocol-fixture,Stress corner for execution-friction sensitivity; not calibrated cost prediction.
trellm-v0.3-protocol,synthetic_calm_trend_c0_v0_3,C0,E2,harsh friction sweep corner,realistic,naive-momentum,37,0.281533,20.815455,-0.001003,0.644444,10,2381.244735,0.0,0.522853,0.522853,1.0,1.0,protocol-fixture,Stress corner for execution-friction sensitivity; not calibrated cost prediction.
trellm-v0.3-protocol,synthetic_calm_trend_c0_v0_3,C0,E2,harsh friction sweep corner,realistic,naive-momentum,41,0.137542,10.272199,-0.013558,0.55814,14,2451.716756,0.0,0.665072,0.665072,1.033824,1.0,protocol-fixture,Stress corner for execution-friction sensitivity; not calibrated cost prediction.
trellm-v0.3-protocol,synthetic_calm_trend_c0_v0_3,C0,E2,harsh friction sweep corner,realistic,naive-momentum,43,0.271615,17.64666,-0.001991,0.619048,10,2665.166792,0.0,0.661225,0.661225,1.0,1.0,protocol-fixture,Stress corner for execution-friction sensitivity; not calibrated cost prediction.
trellm-v0.3-protocol,synthetic_calm_trend_c0_v0_3,C0,E2,harsh friction sweep corner,realistic,naive-momentum,47,0.20368,18.293241,-0.005459,0.673913,9,1867.505402,0.0,0.463513,0.463513,1.0,1.0,protocol-fixture,Stress corner for execution-friction sensitivity; not calibrated cost prediction.
trellm-v0.3-protocol,synthetic_calm_trend_c0_v0_3,C0,E2,harsh friction sweep corner,realistic,naive-momentum,53,0.225967,16.963161,-0.003116,0.666667,9,2062.297192,0.0,0.569749,0.569749,1.120831,1.0,protocol-fixture,Stress corner for execution-friction sensitivity; not calibrated cost prediction.
trellm-v0.3-protocol,synthetic_calm_trend_c0_v0_3,C0,E2,harsh friction sweep corner,realistic,naive-momentum,59,0.165581,14.769013,-0.002654,0.608696,12,1640.806534,0.0,0.428837,0.428837,0.7,1.0,protocol-fixture,Stress corner for execution-friction sensitivity; not calibrated cost prediction.
trellm-v0.3-protocol,synthetic_calm_trend_c0_v0_3,C0,E2,harsh friction sweep corner,realistic,naive-momentum,61,0.166376,17.027188,-0.000758,0.545455,14,1107.236015,0.0,0.322694,0.322694,0.7,1.0,protocol-fixture,Stress corner for execution-friction sensitivity; not calibrated cost prediction.
trellm-v0.3-protocol,synthetic_calm_trend_c0_v0_3,C0,E2,harsh friction sweep corner,realistic,naive-momentum,67,0.155162,12.671248,-0.002534,0.568182,13,1587.101363,0.0,0.437065,0.437065,0.7,1.0,protocol-fixture,Stress corner for execution-friction sensitivity; not calibrated cost prediction.
trellm-v0.3-protocol,synthetic_calm_trend_c0_v0_3,C0,E2,harsh friction sweep corner,realistic,naive-momentum,71,0.187481,17.351281,-0.002947,0.521739,16,1328.80435,0.0,0.31917,0.31917,0.7,1.0,protocol-fixture,Stress corner for execution-friction sensitivity; not calibrated cost prediction.
trellm-v0.3-protocol,synthetic_calm_trend_c0_v0_3,C0,E2,harsh friction sweep corner,realistic,naive-momentum,73,0.256614,21.244211,-0.001338,0.674419,8,2652.722122,0.0,0.564936,0.564936,1.0,1.0,protocol-fixture,Stress corner for execution-friction sensitivity; not calibrated cost prediction.
trellm-v0.3-protocol,synthetic_calm_trend_c0_v0_3,C0,E2,harsh friction sweep corner,realistic,naive-momentum,79,0.160244,15.43984,-0.001873,0.636364,10,1164.857179,0.0,0.291922,0.291922,0.588621,1.0,protocol-fixture,Stress corner for execution-friction sensitivity; not calibrated cost prediction.
trellm-v0.3-protocol,synthetic_calm_trend_c0_v0_3,C0,E2,harsh friction sweep corner,realistic,naive-momentum,83,0.184852,13.688966,-0.002274,0.688889,8,1776.01567,0.0,0.430378,0.430378,1.0,1.0,protocol-fixture,Stress corner for execution-friction sensitivity; not calibrated cost prediction.
trellm-v0.3-protocol,synthetic_calm_trend_c0_v0_3,C0,E2,harsh friction sweep corner,realistic,naive-momentum,89,0.227578,14.462581,-0.00305,0.590909,12,2754.161878,0.0,0.618452,0.618452,1.0,1.0,protocol-fixture,Stress corner for execution-friction sensitivity; not calibrated cost prediction.
trellm-v0.3-protocol,synthetic_calm_trend_c0_v0_3,C0,E2,harsh friction sweep corner,realistic,naive-momentum,97,0.167653,11.879827,-0.008471,0.545455,14,1988.288685,0.0,0.585909,0.585909,1.238101,1.0,protocol-fixture,Stress corner for execution-friction sensitivity; not calibrated cost prediction.
trellm-v0.3-protocol,synthetic_calm_trend_c0_v0_3,C0,E2,harsh friction sweep corner,realistic,naive-momentum,101,0.137177,10.339677,-0.004963,0.634146,9,2191.221544,0.0,0.55148,0.55148,1.0,1.0,protocol-fixture,Stress corner for execution-friction sensitivity; not calibrated cost prediction.
trellm-v0.3-protocol,synthetic_calm_trend_c0_v0_3,C0,E2,harsh friction sweep corner,realistic,naive-momentum,103,0.17258,14.438649,-0.00233,0.581395,12,1212.191776,0.0,0.312818,0.312818,0.7,1.0,protocol-fixture,Stress corner for execution-friction sensitivity; not calibrated cost prediction.
trellm-v0.3-protocol,synthetic_calm_trend_c0_v0_3,C0,E2,harsh friction sweep corner,realistic,naive-momentum,107,0.163185,13.555426,-0.002528,0.565217,14,1476.323326,0.0,0.399524,0.399524,0.7,1.0,protocol-fixture,Stress corner for execution-friction sensitivity; not calibrated cost prediction.
trellm-v0.3-protocol,synthetic_calm_trend_c0_v0_3,C0,E2,harsh friction sweep corner,realistic,naive-momentum,109,0.354515,18.721222,-0.001318,0.619048,10,3020.38178,0.0,0.643468,0.643468,1.0,1.0,protocol-fixture,Stress corner for execution-friction sensitivity; not calibrated cost prediction.
trellm-v0.3-protocol,synthetic_calm_trend_c0_v0_3,C0,E2,harsh friction sweep corner,realistic,naive-momentum,113,0.14253,13.882015,-0.00186,0.533333,15,1575.840632,0.0,0.402359,0.402359,0.7,1.0,protocol-fixture,Stress corner for execution-friction sensitivity; not calibrated cost prediction.
trellm-v0.3-protocol,synthetic_calm_trend_c0_v0_3,C0,E2,harsh friction sweep corner,realistic,naive-momentum,127,0.225747,18.100137,-0.003857,0.651163,9,2352.927496,0.0,0.493322,0.493322,1.0,1.0,protocol-fixture,Stress corner for execution-friction sensitivity; not calibrated cost prediction.
trellm-v0.3-protocol,synthetic_calm_trend_c0_v0_3,C0,E2,harsh friction sweep corner,realistic,naive-momentum,131,0.189702,15.789052,-0.001019,0.697674,7,1659.150145,0.0,0.481508,0.481508,1.0,1.0,protocol-fixture,Stress corner for execution-friction sensitivity; not calibrated cost prediction.
trellm-v0.3-protocol,synthetic_calm_trend_c0_v0_3,C0,E2,harsh friction sweep corner,realistic,naive-momentum,137,0.225141,14.362498,-0.007742,0.605263,9,2135.60333,0.0,0.578885,0.578885,1.050181,1.0,protocol-fixture,Stress corner for execution-friction sensitivity; not calibrated cost prediction.
trellm-v0.3-protocol,synthetic_calm_trend_c0_v0_3,C0,E2,harsh friction sweep corner,realistic,naive-momentum,139,0.18838,17.24222,-0.001481,0.681818,8,1549.565876,0.0,0.366767,0.366767,0.598905,1.0,protocol-fixture,Stress corner for execution-friction sensitivity; not calibrated cost prediction.
trellm-v0.3-protocol,synthetic_calm_trend_c0_v0_3,C0,E2,harsh friction sweep corner,realistic,naive-momentum,149,0.169213,12.052793,-0.00257,0.543478,15,1434.441534,0.0,0.453962,0.453962,0.7,1.0,protocol-fixture,Stress corner for execution-friction sensitivity; not calibrated cost prediction.
trellm-v0.3-protocol,synthetic_calm_trend_c0_v0_3,C0,E2,harsh friction sweep corner,realistic,naive-momentum,151,0.258501,16.959456,-0.001113,0.585366,11,2687.723921,0.0,0.628183,0.628183,1.0,1.0,protocol-fixture,Stress corner for execution-friction sensitivity; not calibrated cost prediction.
trellm-v0.3-protocol,synthetic_calm_trend_c0_v0_3,C0,E2,harsh friction sweep corner,realistic,mean-reversion,7,0.026186,4.476975,-0.007863,0.555556,4,624.126945,0.0,0.183791,0.183791,1.0,1.0,protocol-fixture,Stress corner for execution-friction sensitivity; not calibrated cost prediction.
trellm-v0.3-protocol,synthetic_calm_trend_c0_v0_3,C0,E2,harsh friction sweep corner,realistic,mean-reversion,11,0.053335,6.336481,-0.004307,0.625,3,774.100508,0.0,0.198635,0.198635,1.0,1.0,protocol-fixture,Stress corner for execution-friction sensitivity; not calibrated cost prediction.
trellm-v0.3-protocol,synthetic_calm_trend_c0_v0_3,C0,E2,harsh friction sweep corner,realistic,mean-reversion,17,0.010385,4.536559,-0.001182,0.4,3,253.745292,0.0,0.074982,0.074982,0.364711,1.0,protocol-fixture,Stress corner for execution-friction sensitivity; not calibrated cost prediction.
trellm-v0.3-protocol,synthetic_calm_trend_c0_v0_3,C0,E2,harsh friction sweep corner,realistic,mean-reversion,23,0.0,0.0,0.0,0.0,0,0.0,0.0,0.0,0.0,0.0,1.0,protocol-fixture,Stress corner for execution-friction sensitivity; not calibrated cost prediction.
trellm-v0.3-protocol,synthetic_calm_trend_c0_v0_3,C0,E2,harsh friction sweep corner,realistic,mean-reversion,31,0.049399,6.611608,-0.001366,0.571429,3,538.19791,0.0,0.150033,0.150033,0.729082,1.0,protocol-fixture,Stress corner for execution-friction sensitivity; not calibrated cost prediction.
trellm-v0.3-protocol,synthetic_calm_trend_c0_v0_3,C0,E2,harsh friction sweep corner,realistic,mean-reversion,37,0.020932,5.991753,-0.000716,0.4,3,168.824488,0.0,0.075309,0.075309,0.37044,1.0,protocol-fixture,Stress corner for execution-friction sensitivity; not calibrated cost prediction.
trellm-v0.3-protocol,synthetic_calm_trend_c0_v0_3,C0,E2,harsh friction sweep corner,realistic,mean-reversion,41,0.034298,6.940271,-0.001192,0.5,3,561.810822,0.0,0.164002,0.164002,0.723451,1.0,protocol-fixture,Stress corner for execution-friction sensitivity; not calibrated cost prediction.
trellm-v0.3-protocol,synthetic_calm_trend_c0_v0_3,C0,E2,harsh friction sweep corner,realistic,mean-reversion,43,0.034067,5.722004,-0.003355,0.555556,4,630.100291,0.0,0.183599,0.183599,1.0,1.0,protocol-fixture,Stress corner for execution-friction sensitivity; not calibrated cost prediction.
trellm-v0.3-protocol,synthetic_calm_trend_c0_v0_3,C0,E2,harsh friction sweep corner,realistic,mean-reversion,47,0.0,0.0,0.0,0.0,0,0.0,0.0,0.0,0.0,0.0,1.0,protocol-fixture,Stress corner for execution-friction sensitivity; not calibrated cost prediction.
trellm-v0.3-protocol,synthetic_calm_trend_c0_v0_3,C0,E2,harsh friction sweep corner,realistic,mean-reversion,53,0.02157,5.436505,-0.001331,0.4,3,246.167295,0.0,0.076251,0.076251,0.374695,1.0,protocol-fixture,Stress corner for execution-friction sensitivity; not calibrated cost prediction.
trellm-v0.3-protocol,synthetic_calm_trend_c0_v0_3,C0,E2,harsh friction sweep corner,realistic,mean-reversion,59,0.0,0.0,0.0,0.0,0,0.0,0.0,0.0,0.0,0.0,1.0,protocol-fixture,Stress corner for execution-friction sensitivity; not calibrated cost prediction.
trellm-v0.3-protocol,synthetic_calm_trend_c0_v0_3,C0,E2,harsh friction sweep corner,realistic,mean-reversion,61,0.017087,5.702449,-0.000891,0.4,3,156.544568,0.0,0.076889,0.076889,0.379454,1.0,protocol-fixture,Stress corner for execution-friction sensitivity; not calibrated cost prediction.
trellm-v0.3-protocol,synthetic_calm_trend_c0_v0_3,C0,E2,harsh friction sweep corner,realistic,mean-reversion,67,0.058181,6.179789,-0.000856,0.571429,3,531.699925,0.0,0.149969,0.149969,0.72779,1.0,protocol-fixture,Stress corner for execution-friction sensitivity; not calibrated cost prediction.
trellm-v0.3-protocol,synthetic_calm_trend_c0_v0_3,C0,E2,harsh friction sweep corner,realistic,mean-reversion,71,0.0,0.0,0.0,0.0,0,0.0,0.0,0.0,0.0,0.0,1.0,protocol-fixture,Stress corner for execution-friction sensitivity; not calibrated cost prediction.
trellm-v0.3-protocol,synthetic_calm_trend_c0_v0_3,C0,E2,harsh friction sweep corner,realistic,mean-reversion,73,0.078218,6.987658,-0.001546,0.625,3,836.256831,0.0,0.199112,0.199112,1.0,1.0,protocol-fixture,Stress corner for execution-friction sensitivity; not calibrated cost prediction.
trellm-v0.3-protocol,synthetic_calm_trend_c0_v0_3,C0,E2,harsh friction sweep corner,realistic,mean-reversion,79,0.040447,7.026509,-0.001541,0.4,6,492.043584,0.0,0.150266,0.150266,0.730439,1.0,protocol-fixture,Stress corner for execution-friction sensitivity; not calibrated cost prediction.
trellm-v0.3-protocol,synthetic_calm_trend_c0_v0_3,C0,E2,harsh friction sweep corner,realistic,mean-reversion,83,0.014119,5.121724,-0.001273,0.4,3,260.747739,0.0,0.075492,0.075492,0.368091,1.0,protocol-fixture,Stress corner for execution-friction sensitivity; not calibrated cost prediction.
trellm-v0.3-protocol,synthetic_calm_trend_c0_v0_3,C0,E2,harsh friction sweep corner,realistic,mean-reversion,89,0.03293,5.372504,-0.000776,0.571429,3,517.36217,0.0,0.14876,0.14876,0.718458,1.0,protocol-fixture,Stress corner for execution-friction sensitivity; not calibrated cost prediction.
trellm-v0.3-protocol,synthetic_calm_trend_c0_v0_3,C0,E2,harsh friction sweep corner,realistic,mean-reversion,97,0.037442,7.259178,-0.000848,0.4,6,442.165227,0.0,0.150265,0.150265,0.728185,1.0,protocol-fixture,Stress corner for execution-friction sensitivity; not calibrated cost prediction.
trellm-v0.3-protocol,synthetic_calm_trend_c0_v0_3,C0,E2,harsh friction sweep corner,realistic,mean-reversion,101,0.013151,3.037843,-0.008052,0.5,5,520.943505,0.0,0.195895,0.195895,1.0,1.0,protocol-fixture,Stress corner for execution-friction sensitivity; not calibrated cost prediction.
trellm-v0.3-protocol,synthetic_calm_trend_c0_v0_3,C0,E2,harsh friction sweep corner,realistic,mean-reversion,103,0.042591,6.926076,-0.002534,0.5,6,702.323437,0.0,0.198483,0.198483,1.0,1.0,protocol-fixture,Stress corner for execution-friction sensitivity; not calibrated cost prediction.
trellm-v0.3-protocol,synthetic_calm_trend_c0_v0_3,C0,E2,harsh friction sweep corner,realistic,mean-reversion,107,0.0,0.0,0.0,0.0,0,0.0,0.0,0.0,0.0,0.0,1.0,protocol-fixture,Stress corner for execution-friction sensitivity; not calibrated cost prediction.
trellm-v0.3-protocol,synthetic_calm_trend_c0_v0_3,C0,E2,harsh friction sweep corner,realistic,mean-reversion,109,0.016016,3.610791,-0.002387,0.555556,4,683.419363,0.0,0.183998,0.183998,1.0,1.0,protocol-fixture,Stress corner for execution-friction sensitivity; not calibrated cost prediction.
trellm-v0.3-protocol,synthetic_calm_trend_c0_v0_3,C0,E2,harsh friction sweep corner,realistic,mean-reversion,113,0.0,0.0,0.0,0.0,0,0.0,0.0,0.0,0.0,0.0,1.0,protocol-fixture,Stress corner for execution-friction sensitivity; not calibrated cost prediction.
trellm-v0.3-protocol,synthetic_calm_trend_c0_v0_3,C0,E2,harsh friction sweep corner,realistic,mean-reversion,127,0.092539,7.074114,-0.001904,0.5,6,764.631607,0.0,0.209432,0.209432,1.0,1.0,protocol-fixture,Stress corner for execution-friction sensitivity; not calibrated cost prediction.
trellm-v0.3-protocol,synthetic_calm_trend_c0_v0_3,C0,E2,harsh friction sweep corner,realistic,mean-reversion,131,0.044493,5.519181,-0.002811,0.583333,5,697.991204,0.0,0.210617,0.210617,1.0,1.0,protocol-fixture,Stress corner for execution-friction sensitivity; not calibrated cost prediction.
trellm-v0.3-protocol,synthetic_calm_trend_c0_v0_3,C0,E2,harsh friction sweep corner,realistic,mean-reversion,137,0.033978,5.65643,-0.001232,0.470588,9,516.971935,0.0,0.213522,0.213522,1.0,1.0,protocol-fixture,Stress corner for execution-friction sensitivity; not calibrated cost prediction.
trellm-v0.3-protocol,synthetic_calm_trend_c0_v0_3,C0,E2,harsh friction sweep corner,realistic,mean-reversion,139,0.056623,6.368558,-0.00079,0.571429,3,481.331582,0.0,0.150432,0.150432,0.734131,1.0,protocol-fixture,Stress corner for execution-friction sensitivity; not calibrated cost prediction.
trellm-v0.3-protocol,synthetic_calm_trend_c0_v0_3,C0,E2,harsh friction sweep corner,realistic,mean-reversion,149,0.04466,6.004202,-0.000881,0.571429,3,538.502395,0.0,0.147058,0.147058,0.711003,1.0,protocol-fixture,Stress corner for execution-friction sensitivity; not calibrated cost prediction.
trellm-v0.3-protocol,synthetic_calm_trend_c0_v0_3,C0,E2,harsh friction sweep corner,realistic,mean-reversion,151,0.065744,5.278628,-0.002742,0.6,4,733.240547,0.0,0.195725,0.195725,1.0,1.0,protocol-fixture,Stress corner for execution-friction sensitivity; not calibrated cost prediction.
trellm-v0.3-protocol,synthetic_calm_trend_c0_v0_3,C0,E2,harsh friction sweep corner,realistic,risk-parity,7,0.154975,13.323194,-0.005045,0.625,12,1629.856991,0.0,0.403825,0.403825,0.7,1.0,protocol-fixture,Stress corner for execution-friction sensitivity; not calibrated cost prediction.
trellm-v0.3-protocol,synthetic_calm_trend_c0_v0_3,C0,E2,harsh friction sweep corner,realistic,risk-parity,11,0.224525,21.886672,-0.002077,0.625,12,1448.641673,0.0,0.339076,0.339076,0.7,1.0,protocol-fixture,Stress corner for execution-friction sensitivity; not calibrated cost prediction.
trellm-v0.3-protocol,synthetic_calm_trend_c0_v0_3,C0,E2,harsh friction sweep corner,realistic,risk-parity,17,0.223642,16.322032,-0.001728,0.666667,10,1231.897494,0.0,0.335084,0.335084,0.7,1.0,protocol-fixture,Stress corner for execution-friction sensitivity; not calibrated cost prediction.
trellm-v0.3-protocol,synthetic_calm_trend_c0_v0_3,C0,E2,harsh friction sweep corner,realistic,risk-parity,23,0.216344,18.714116,-0.002491,0.666667,10,1404.616548,0.0,0.346881,0.346881,0.7,1.0,protocol-fixture,Stress corner for execution-friction sensitivity; not calibrated cost prediction.
trellm-v0.3-protocol,synthetic_calm_trend_c0_v0_3,C0,E2,harsh friction sweep corner,realistic,risk-parity,31,0.189988,19.103341,-0.002132,0.708333,8,1061.297873,0.0,0.318714,0.318714,0.7,1.0,protocol-fixture,Stress corner for execution-friction sensitivity; not calibrated cost prediction.
trellm-v0.3-protocol,synthetic_calm_trend_c0_v0_3,C0,E2,harsh friction sweep corner,realistic,risk-parity,37,0.247892,19.093218,-0.001452,0.6875,9,1262.108856,0.0,0.317399,0.317399,0.7,1.0,protocol-fixture,Stress corner for execution-friction sensitivity; not calibrated cost prediction.
trellm-v0.3-protocol,synthetic_calm_trend_c0_v0_3,C0,E2,harsh friction sweep corner,realistic,risk-parity,41,0.184275,18.008856,-0.003871,0.645833,11,1087.185342,0.0,0.306855,0.306855,0.7,1.0,protocol-fixture,Stress corner for execution-friction sensitivity; not calibrated cost prediction.
trellm-v0.3-protocol,synthetic_calm_trend_c0_v0_3,C0,E2,harsh friction sweep corner,realistic,risk-parity,43,0.212672,16.751213,-0.002813,0.645833,11,1698.26722,0.0,0.377398,0.377398,0.7,1.0,protocol-fixture,Stress corner for execution-friction sensitivity; not calibrated cost prediction.
trellm-v0.3-protocol,synthetic_calm_trend_c0_v0_3,C0,E2,harsh friction sweep corner,realistic,risk-parity,47,0.181527,17.791003,-0.001988,0.583333,14,1174.247124,0.0,0.344772,0.344772,0.7,1.0,protocol-fixture,Stress corner for execution-friction sensitivity; not calibrated cost prediction.
trellm-v0.3-protocol,synthetic_calm_trend_c0_v0_3,C0,E2,harsh friction sweep corner,realistic,risk-parity,53,0.164988,14.88662,-0.002567,0.708333,8,1217.599732,0.0,0.311558,0.311558,0.7,1.0,protocol-fixture,Stress corner for execution-friction sensitivity; not calibrated cost prediction.
trellm-v0.3-protocol,synthetic_calm_trend_c0_v0_3,C0,E2,harsh friction sweep corner,realistic,risk-parity,59,0.206695,16.646561,-0.001957,0.625,12,1179.631518,0.0,0.319603,0.319603,0.7,1.0,protocol-fixture,Stress corner for execution-friction sensitivity; not calibrated cost prediction.
trellm-v0.3-protocol,synthetic_calm_trend_c0_v0_3,C0,E2,harsh friction sweep corner,realistic,risk-parity,61,0.16873,17.844586,-0.002614,0.645833,11,1277.591899,0.0,0.318902,0.318902,0.7,1.0,protocol-fixture,Stress corner for execution-friction sensitivity; not calibrated cost prediction.
trellm-v0.3-protocol,synthetic_calm_trend_c0_v0_3,C0,E2,harsh friction sweep corner,realistic,risk-parity,67,0.220707,21.922747,-0.002434,0.708333,8,1390.937679,0.0,0.344029,0.344029,0.7,1.0,protocol-fixture,Stress corner for execution-friction sensitivity; not calibrated cost prediction.
trellm-v0.3-protocol,synthetic_calm_trend_c0_v0_3,C0,E2,harsh friction sweep corner,realistic,risk-parity,71,0.200443,18.307922,-0.00225,0.583333,14,1256.122331,0.0,0.324053,0.324053,0.7,1.0,protocol-fixture,Stress corner for execution-friction sensitivity; not calibrated cost prediction.
trellm-v0.3-protocol,synthetic_calm_trend_c0_v0_3,C0,E2,harsh friction sweep corner,realistic,risk-parity,73,0.226947,17.25561,-0.00245,0.604167,13,1248.742973,0.0,0.319858,0.319858,0.7,1.0,protocol-fixture,Stress corner for execution-friction sensitivity; not calibrated cost prediction.
trellm-v0.3-protocol,synthetic_calm_trend_c0_v0_3,C0,E2,harsh friction sweep corner,realistic,risk-parity,79,0.180464,17.605277,-0.003278,0.666667,10,1199.012941,0.0,0.319781,0.319781,0.7,1.0,protocol-fixture,Stress corner for execution-friction sensitivity; not calibrated cost prediction.
trellm-v0.3-protocol,synthetic_calm_trend_c0_v0_3,C0,E2,harsh friction sweep corner,realistic,risk-parity,83,0.191014,15.383552,-0.001612,0.583333,14,1215.025927,0.0,0.304729,0.304729,0.7,1.0,protocol-fixture,Stress corner for execution-friction sensitivity; not calibrated cost prediction.
trellm-v0.3-protocol,synthetic_calm_trend_c0_v0_3,C0,E2,harsh friction sweep corner,realistic,risk-parity,89,0.177551,16.893144,-0.003003,0.645833,11,1068.93893,0.0,0.307195,0.307195,0.7,1.0,protocol-fixture,Stress corner for execution-friction sensitivity; not calibrated cost prediction.
trellm-v0.3-protocol,synthetic_calm_trend_c0_v0_3,C0,E2,harsh friction sweep corner,realistic,risk-parity,97,0.137364,15.169288,-0.003015,0.708333,8,1087.23881,0.0,0.309319,0.309319,0.7,1.0,protocol-fixture,Stress corner for execution-friction sensitivity; not calibrated cost prediction.
trellm-v0.3-protocol,synthetic_calm_trend_c0_v0_3,C0,E2,harsh friction sweep corner,realistic,risk-parity,101,0.165079,14.295908,-0.003876,0.708333,8,1195.780221,0.0,0.344573,0.344573,0.7,1.0,protocol-fixture,Stress corner for execution-friction sensitivity; not calibrated cost prediction.
trellm-v0.3-protocol,synthetic_calm_trend_c0_v0_3,C0,E2,harsh friction sweep corner,realistic,risk-parity,103,0.189268,17.649304,-0.003525,0.702128,8,1338.527267,0.0,0.331084,0.331084,0.7,1.0,protocol-fixture,Stress corner for execution-friction sensitivity; not calibrated cost prediction.
trellm-v0.3-protocol,synthetic_calm_trend_c0_v0_3,C0,E2,harsh friction sweep corner,realistic,risk-parity,107,0.204722,14.980837,-0.002626,0.695652,8,1397.016544,0.0,0.350188,0.350188,0.7,1.0,protocol-fixture,Stress corner for execution-friction sensitivity; not calibrated cost prediction.
trellm-v0.3-protocol,synthetic_calm_trend_c0_v0_3,C0,E2,harsh friction sweep corner,realistic,risk-parity,109,0.245235,20.697655,-0.001729,0.702128,8,1438.980438,0.0,0.351563,0.351563,0.7,1.0,protocol-fixture,Stress corner for execution-friction sensitivity; not calibrated cost prediction.
trellm-v0.3-protocol,synthetic_calm_trend_c0_v0_3,C0,E2,harsh friction sweep corner,realistic,risk-parity,113,0.166029,15.068747,-0.002648,0.638298,11,1144.803312,0.0,0.301823,0.301823,0.7,1.0,protocol-fixture,Stress corner for execution-friction sensitivity; not calibrated cost prediction.
trellm-v0.3-protocol,synthetic_calm_trend_c0_v0_3,C0,E2,harsh friction sweep corner,realistic,risk-parity,127,0.283163,18.568021,-0.001913,0.729167,7,1297.746948,0.0,0.32996,0.32996,0.7,1.0,protocol-fixture,Stress corner for execution-friction sensitivity; not calibrated cost prediction.
trellm-v0.3-protocol,synthetic_calm_trend_c0_v0_3,C0,E2,harsh friction sweep corner,realistic,risk-parity,131,0.170876,16.945797,-0.001939,0.708333,8,1350.931515,0.0,0.327342,0.327342,0.7,1.0,protocol-fixture,Stress corner for execution-friction sensitivity; not calibrated cost prediction.
trellm-v0.3-protocol,synthetic_calm_trend_c0_v0_3,C0,E2,harsh friction sweep corner,realistic,risk-parity,137,0.16514,14.565402,-0.002179,0.659574,10,1324.360777,0.0,0.342045,0.342045,0.7,1.0,protocol-fixture,Stress corner for execution-friction sensitivity; not calibrated cost prediction.
trellm-v0.3-protocol,synthetic_calm_trend_c0_v0_3,C0,E2,harsh friction sweep corner,realistic,risk-parity,139,0.256774,19.905214,-0.001755,0.666667,10,1781.369127,0.0,0.441725,0.441725,0.855226,1.0,protocol-fixture,Stress corner for execution-friction sensitivity; not calibrated cost prediction.
trellm-v0.3-protocol,synthetic_calm_trend_c0_v0_3,C0,E2,harsh friction sweep corner,realistic,risk-parity,149,0.19406,15.081207,-0.002095,0.708333,8,1346.771236,0.0,0.330328,0.330328,0.7,1.0,protocol-fixture,Stress corner for execution-friction sensitivity; not calibrated cost prediction.
trellm-v0.3-protocol,synthetic_calm_trend_c0_v0_3,C0,E2,harsh friction sweep corner,realistic,risk-parity,151,0.232321,24.584319,-0.001932,0.6875,9,1370.377857,0.0,0.349061,0.349061,0.7,1.0,protocol-fixture,Stress corner for execution-friction sensitivity; not calibrated cost prediction.
trellm-v0.3-protocol,synthetic_calm_trend_c0_v0_3,C0,E2,harsh friction sweep corner,realistic,minimum-variance,7,0.194168,18.959871,-0.002093,0.73913,7,1138.25712,0.0,0.315152,0.315152,0.7,1.0,protocol-fixture,Stress corner for execution-friction sensitivity; not calibrated cost prediction.
trellm-v0.3-protocol,synthetic_calm_trend_c0_v0_3,C0,E2,harsh friction sweep corner,realistic,minimum-variance,11,0.252436,25.372832,-0.002077,0.708333,8,1515.102788,0.0,0.353525,0.353525,0.7,1.0,protocol-fixture,Stress corner for execution-friction sensitivity; not calibrated cost prediction.
trellm-v0.3-protocol,synthetic_calm_trend_c0_v0_3,C0,E2,harsh friction sweep corner,realistic,minimum-variance,17,0.225053,16.27961,-0.001728,0.666667,10,1161.02211,0.0,0.320296,0.320296,0.7,1.0,protocol-fixture,Stress corner for execution-friction sensitivity; not calibrated cost prediction.
trellm-v0.3-protocol,synthetic_calm_trend_c0_v0_3,C0,E2,harsh friction sweep corner,realistic,minimum-variance,23,0.215194,19.176671,-0.002491,0.666667,10,1456.526494,0.0,0.338043,0.338043,0.7,1.0,protocol-fixture,Stress corner for execution-friction sensitivity; not calibrated cost prediction.
trellm-v0.3-protocol,synthetic_calm_trend_c0_v0_3,C0,E2,harsh friction sweep corner,realistic,minimum-variance,31,0.189988,19.103341,-0.002132,0.708333,8,1061.297873,0.0,0.31608,0.31608,0.7,1.0,protocol-fixture,Stress corner for execution-friction sensitivity; not calibrated cost prediction.
trellm-v0.3-protocol,synthetic_calm_trend_c0_v0_3,C0,E2,harsh friction sweep corner,realistic,minimum-variance,37,0.247892,19.093218,-0.001452,0.6875,9,1262.108856,0.0,0.318085,0.318085,0.7,1.0,protocol-fixture,Stress corner for execution-friction sensitivity; not calibrated cost prediction.
trellm-v0.3-protocol,synthetic_calm_trend_c0_v0_3,C0,E2,harsh friction sweep corner,realistic,minimum-variance,41,0.184275,18.008856,-0.003871,0.645833,11,1087.185342,0.0,0.314083,0.314083,0.7,1.0,protocol-fixture,Stress corner for execution-friction sensitivity; not calibrated cost prediction.
trellm-v0.3-protocol,synthetic_calm_trend_c0_v0_3,C0,E2,harsh friction sweep corner,realistic,minimum-variance,43,0.226927,18.356772,-0.002813,0.729167,7,1393.008545,0.0,0.322912,0.322912,0.7,1.0,protocol-fixture,Stress corner for execution-friction sensitivity; not calibrated cost prediction.
trellm-v0.3-protocol,synthetic_calm_trend_c0_v0_3,C0,E2,harsh friction sweep corner,realistic,minimum-variance,47,0.196195,17.620941,-0.001988,0.586957,13,1044.915486,0.0,0.310151,0.310151,0.7,1.0,protocol-fixture,Stress corner for execution-friction sensitivity; not calibrated cost prediction.
trellm-v0.3-protocol,synthetic_calm_trend_c0_v0_3,C0,E2,harsh friction sweep corner,realistic,minimum-variance,53,0.164988,14.88662,-0.002567,0.708333,8,1217.599732,0.0,0.31807,0.31807,0.7,1.0,protocol-fixture,Stress corner for execution-friction sensitivity; not calibrated cost prediction.
trellm-v0.3-protocol,synthetic_calm_trend_c0_v0_3,C0,E2,harsh friction sweep corner,realistic,minimum-variance,59,0.206695,16.646561,-0.001957,0.625,12,1179.631518,0.0,0.319603,0.319603,0.7,1.0,protocol-fixture,Stress corner for execution-friction sensitivity; not calibrated cost prediction.
trellm-v0.3-protocol,synthetic_calm_trend_c0_v0_3,C0,E2,harsh friction sweep corner,realistic,minimum-variance,61,0.171959,17.850954,-0.002614,0.708333,8,1222.142279,0.0,0.313935,0.313935,0.7,1.0,protocol-fixture,Stress corner for execution-friction sensitivity; not calibrated cost prediction.
trellm-v0.3-protocol,synthetic_calm_trend_c0_v0_3,C0,E2,harsh friction sweep corner,realistic,minimum-variance,67,0.223827,22.212718,-0.002434,0.708333,8,1417.817106,0.0,0.356931,0.356931,0.7,1.0,protocol-fixture,Stress corner for execution-friction sensitivity; not calibrated cost prediction.
trellm-v0.3-protocol,synthetic_calm_trend_c0_v0_3,C0,E2,harsh friction sweep corner,realistic,minimum-variance,71,0.201155,18.938943,-0.00225,0.604167,13,1237.149459,0.0,0.319333,0.319333,0.7,1.0,protocol-fixture,Stress corner for execution-friction sensitivity; not calibrated cost prediction.
trellm-v0.3-protocol,synthetic_calm_trend_c0_v0_3,C0,E2,harsh friction sweep corner,realistic,minimum-variance,73,0.235339,18.384053,-0.00245,0.702128,8,1316.851888,0.0,0.338587,0.338587,0.7,1.0,protocol-fixture,Stress corner for execution-friction sensitivity; not calibrated cost prediction.
trellm-v0.3-protocol,synthetic_calm_trend_c0_v0_3,C0,E2,harsh friction sweep corner,realistic,minimum-variance,79,0.180464,17.605277,-0.003278,0.666667,10,1199.012941,0.0,0.319781,0.319781,0.7,1.0,protocol-fixture,Stress corner for execution-friction sensitivity; not calibrated cost prediction.
trellm-v0.3-protocol,synthetic_calm_trend_c0_v0_3,C0,E2,harsh friction sweep corner,realistic,minimum-variance,83,0.191014,15.383552,-0.001612,0.583333,14,1215.025927,0.0,0.307867,0.307867,0.7,1.0,protocol-fixture,Stress corner for execution-friction sensitivity; not calibrated cost prediction.
trellm-v0.3-protocol,synthetic_calm_trend_c0_v0_3,C0,E2,harsh friction sweep corner,realistic,minimum-variance,89,0.177665,16.896206,-0.003003,0.604167,13,1050.780237,0.0,0.310393,0.310393,0.7,1.0,protocol-fixture,Stress corner for execution-friction sensitivity; not calibrated cost prediction.
trellm-v0.3-protocol,synthetic_calm_trend_c0_v0_3,C0,E2,harsh friction sweep corner,realistic,minimum-variance,97,0.139094,15.188459,-0.003015,0.708333,8,1108.245909,0.0,0.319672,0.319672,0.7,1.0,protocol-fixture,Stress corner for execution-friction sensitivity; not calibrated cost prediction.
trellm-v0.3-protocol,synthetic_calm_trend_c0_v0_3,C0,E2,harsh friction sweep corner,realistic,minimum-variance,101,0.165077,14.295867,-0.003876,0.708333,8,1195.924895,0.0,0.354628,0.354628,0.7,1.0,protocol-fixture,Stress corner for execution-friction sensitivity; not calibrated cost prediction.
trellm-v0.3-protocol,synthetic_calm_trend_c0_v0_3,C0,E2,harsh friction sweep corner,realistic,minimum-variance,103,0.189268,17.649304,-0.003525,0.702128,8,1338.527267,0.0,0.331084,0.331084,0.7,1.0,protocol-fixture,Stress corner for execution-friction sensitivity; not calibrated cost prediction.
trellm-v0.3-protocol,synthetic_calm_trend_c0_v0_3,C0,E2,harsh friction sweep corner,realistic,minimum-variance,107,0.204722,14.980837,-0.002626,0.695652,8,1397.016544,0.0,0.349596,0.349596,0.7,1.0,protocol-fixture,Stress corner for execution-friction sensitivity; not calibrated cost prediction.
trellm-v0.3-protocol,synthetic_calm_trend_c0_v0_3,C0,E2,harsh friction sweep corner,realistic,minimum-variance,109,0.245235,20.697655,-0.001729,0.702128,8,1438.980438,0.0,0.351563,0.351563,0.7,1.0,protocol-fixture,Stress corner for execution-friction sensitivity; not calibrated cost prediction.
trellm-v0.3-protocol,synthetic_calm_trend_c0_v0_3,C0,E2,harsh friction sweep corner,realistic,minimum-variance,113,0.170391,14.750295,-0.002189,0.6875,9,1111.006789,0.0,0.3074,0.3074,0.7,1.0,protocol-fixture,Stress corner for execution-friction sensitivity; not calibrated cost prediction.
trellm-v0.3-protocol,synthetic_calm_trend_c0_v0_3,C0,E2,harsh friction sweep corner,realistic,minimum-variance,127,0.283163,18.568021,-0.001913,0.729167,7,1297.746948,0.0,0.32996,0.32996,0.7,1.0,protocol-fixture,Stress corner for execution-friction sensitivity; not calibrated cost prediction.
trellm-v0.3-protocol,synthetic_calm_trend_c0_v0_3,C0,E2,harsh friction sweep corner,realistic,minimum-variance,131,0.170876,16.945797,-0.001939,0.708333,8,1350.931515,0.0,0.32739,0.32739,0.7,1.0,protocol-fixture,Stress corner for execution-friction sensitivity; not calibrated cost prediction.
trellm-v0.3-protocol,synthetic_calm_trend_c0_v0_3,C0,E2,harsh friction sweep corner,realistic,minimum-variance,137,0.16514,14.565402,-0.002179,0.659574,10,1324.360777,0.0,0.353138,0.353138,0.7,1.0,protocol-fixture,Stress corner for execution-friction sensitivity; not calibrated cost prediction.
trellm-v0.3-protocol,synthetic_calm_trend_c0_v0_3,C0,E2,harsh friction sweep corner,realistic,minimum-variance,139,0.240023,19.216859,-0.001755,0.708333,8,1479.101046,0.0,0.351146,0.351146,0.7,1.0,protocol-fixture,Stress corner for execution-friction sensitivity; not calibrated cost prediction.
trellm-v0.3-protocol,synthetic_calm_trend_c0_v0_3,C0,E2,harsh friction sweep corner,realistic,minimum-variance,149,0.19406,15.081207,-0.002095,0.708333,8,1346.771236,0.0,0.334633,0.334633,0.7,1.0,protocol-fixture,Stress corner for execution-friction sensitivity; not calibrated cost prediction.
trellm-v0.3-protocol,synthetic_calm_trend_c0_v0_3,C0,E2,harsh friction sweep corner,realistic,minimum-variance,151,0.243613,23.824353,-0.001932,0.702128,8,1408.27698,0.0,0.353172,0.353172,0.7,1.0,protocol-fixture,Stress corner for execution-friction sensitivity; not calibrated cost prediction.
trellm-v0.3-protocol,synthetic_calm_trend_c0_v0_3,C0,E2,harsh friction sweep corner,realistic,random,7,0.133208,13.316854,-0.001627,0.651163,9,1796.594454,0.0,0.381036,0.381036,1.0,1.0,protocol-fixture,Stress corner for execution-friction sensitivity; not calibrated cost prediction.
trellm-v0.3-protocol,synthetic_calm_trend_c0_v0_3,C0,E2,harsh friction sweep corner,realistic,random,11,0.130249,11.123228,-0.003158,0.581395,12,1594.180647,0.0,0.411891,0.411891,1.0,1.0,protocol-fixture,Stress corner for execution-friction sensitivity; not calibrated cost prediction.
trellm-v0.3-protocol,synthetic_calm_trend_c0_v0_3,C0,E2,harsh friction sweep corner,realistic,random,17,0.159214,10.982222,-0.001929,0.608696,12,1759.906508,0.0,0.509898,0.509898,1.0,1.0,protocol-fixture,Stress corner for execution-friction sensitivity; not calibrated cost prediction.
trellm-v0.3-protocol,synthetic_calm_trend_c0_v0_3,C0,E2,harsh friction sweep corner,realistic,random,23,0.158325,13.349163,-0.002491,0.525,13,1569.355932,0.0,0.46765,0.46765,1.0,1.0,protocol-fixture,Stress corner for execution-friction sensitivity; not calibrated cost prediction.
trellm-v0.3-protocol,synthetic_calm_trend_c0_v0_3,C0,E2,harsh friction sweep corner,realistic,random,31,0.234307,18.249619,-0.001758,0.690476,7,2109.511078,0.0,0.456198,0.456198,1.129641,1.0,protocol-fixture,Stress corner for execution-friction sensitivity; not calibrated cost prediction.
trellm-v0.3-protocol,synthetic_calm_trend_c0_v0_3,C0,E2,harsh friction sweep corner,realistic,random,37,0.192256,13.138049,-0.001735,0.630435,11,1961.325476,0.0,0.502779,0.502779,1.0,1.0,protocol-fixture,Stress corner for execution-friction sensitivity; not calibrated cost prediction.
trellm-v0.3-protocol,synthetic_calm_trend_c0_v0_3,C0,E2,harsh friction sweep corner,realistic,random,41,0.104785,11.018248,-0.002309,0.510638,17,1560.645343,0.0,0.514204,0.514204,1.0,1.0,protocol-fixture,Stress corner for execution-friction sensitivity; not calibrated cost prediction.
trellm-v0.3-protocol,synthetic_calm_trend_c0_v0_3,C0,E2,harsh friction sweep corner,realistic,random,43,0.168741,12.585971,-0.002104,0.521739,16,1526.555101,0.0,0.431677,0.431677,1.0,1.0,protocol-fixture,Stress corner for execution-friction sensitivity; not calibrated cost prediction.
trellm-v0.3-protocol,synthetic_calm_trend_c0_v0_3,C0,E2,harsh friction sweep corner,realistic,random,47,0.154611,13.445186,-0.001988,0.630435,11,1500.658064,0.0,0.410859,0.410859,0.7,1.0,protocol-fixture,Stress corner for execution-friction sensitivity; not calibrated cost prediction.
trellm-v0.3-protocol,synthetic_calm_trend_c0_v0_3,C0,E2,harsh friction sweep corner,realistic,random,53,0.119591,10.877891,-0.002536,0.586957,13,1774.81145,0.0,0.500902,0.500902,1.0,1.0,protocol-fixture,Stress corner for execution-friction sensitivity; not calibrated cost prediction.
trellm-v0.3-protocol,synthetic_calm_trend_c0_v0_3,C0,E2,harsh friction sweep corner,realistic,random,59,0.164585,14.280191,-0.001957,0.627907,11,1437.982936,0.0,0.418478,0.418478,0.72066,1.0,protocol-fixture,Stress corner for execution-friction sensitivity; not calibrated cost prediction.
trellm-v0.3-protocol,synthetic_calm_trend_c0_v0_3,C0,E2,harsh friction sweep corner,realistic,random,61,0.132201,14.49734,-0.003976,0.6,12,1709.857622,0.0,0.410641,0.410641,0.909563,1.0,protocol-fixture,Stress corner for execution-friction sensitivity; not calibrated cost prediction.
trellm-v0.3-protocol,synthetic_calm_trend_c0_v0_3,C0,E2,harsh friction sweep corner,realistic,random,67,0.137167,13.066077,-0.003673,0.658537,8,1872.525933,0.0,0.466366,0.466366,1.0,1.0,protocol-fixture,Stress corner for execution-friction sensitivity; not calibrated cost prediction.
trellm-v0.3-protocol,synthetic_calm_trend_c0_v0_3,C0,E2,harsh friction sweep corner,realistic,random,71,0.168442,16.399433,-0.001356,0.613636,11,2398.062721,0.0,0.592524,0.592524,1.122082,1.0,protocol-fixture,Stress corner for execution-friction sensitivity; not calibrated cost prediction.
trellm-v0.3-protocol,synthetic_calm_trend_c0_v0_3,C0,E2,harsh friction sweep corner,realistic,random,73,0.153014,16.071898,-0.00245,0.723404,7,1701.041957,0.0,0.402025,0.402025,1.0,1.0,protocol-fixture,Stress corner for execution-friction sensitivity; not calibrated cost prediction.
trellm-v0.3-protocol,synthetic_calm_trend_c0_v0_3,C0,E2,harsh friction sweep corner,realistic,random,79,0.130017,12.638812,-0.002691,0.52381,15,1518.36857,0.0,0.376401,0.376401,0.7,1.0,protocol-fixture,Stress corner for execution-friction sensitivity; not calibrated cost prediction.
trellm-v0.3-protocol,synthetic_calm_trend_c0_v0_3,C0,E2,harsh friction sweep corner,realistic,random,83,0.130932,11.044304,-0.00222,0.522727,15,1797.844613,0.0,0.369192,0.369192,1.0,1.0,protocol-fixture,Stress corner for execution-friction sensitivity; not calibrated cost prediction.
trellm-v0.3-protocol,synthetic_calm_trend_c0_v0_3,C0,E2,harsh friction sweep corner,realistic,random,89,0.13647,12.224894,-0.004591,0.6,10,1519.217852,0.0,0.412899,0.412899,1.0,1.0,protocol-fixture,Stress corner for execution-friction sensitivity; not calibrated cost prediction.
trellm-v0.3-protocol,synthetic_calm_trend_c0_v0_3,C0,E2,harsh friction sweep corner,realistic,random,97,0.08897,9.467559,-0.004104,0.619048,12,1471.339243,0.0,0.414069,0.414069,1.0,1.0,protocol-fixture,Stress corner for execution-friction sensitivity; not calibrated cost prediction.
trellm-v0.3-protocol,synthetic_calm_trend_c0_v0_3,C0,E2,harsh friction sweep corner,realistic,random,101,0.106426,9.349484,-0.005441,0.461538,17,1285.999092,0.0,0.444411,0.444411,1.0,1.0,protocol-fixture,Stress corner for execution-friction sensitivity; not calibrated cost prediction.
trellm-v0.3-protocol,synthetic_calm_trend_c0_v0_3,C0,E2,harsh friction sweep corner,realistic,random,103,0.13067,11.447693,-0.007013,0.5625,15,1774.155854,0.0,0.487825,0.487825,1.0,1.0,protocol-fixture,Stress corner for execution-friction sensitivity; not calibrated cost prediction.
trellm-v0.3-protocol,synthetic_calm_trend_c0_v0_3,C0,E2,harsh friction sweep corner,realistic,random,107,0.202512,13.196165,-0.003938,0.577778,13,1634.279482,0.0,0.42127,0.42127,0.974012,1.0,protocol-fixture,Stress corner for execution-friction sensitivity; not calibrated cost prediction.
trellm-v0.3-protocol,synthetic_calm_trend_c0_v0_3,C0,E2,harsh friction sweep corner,realistic,random,109,0.20977,15.523836,-0.001729,0.636364,10,1863.432027,0.0,0.403838,0.403838,0.939365,1.0,protocol-fixture,Stress corner for execution-friction sensitivity; not calibrated cost prediction.
trellm-v0.3-protocol,synthetic_calm_trend_c0_v0_3,C0,E2,harsh friction sweep corner,realistic,random,113,0.1251,11.058962,-0.009932,0.590909,12,1764.288036,0.0,0.475348,0.475348,0.909821,1.0,protocol-fixture,Stress corner for execution-friction sensitivity; not calibrated cost prediction.
trellm-v0.3-protocol,synthetic_calm_trend_c0_v0_3,C0,E2,harsh friction sweep corner,realistic,random,127,0.210212,16.836655,-0.00154,0.642857,11,1964.648986,0.0,0.4935,0.4935,1.0,1.0,protocol-fixture,Stress corner for execution-friction sensitivity; not calibrated cost prediction.
trellm-v0.3-protocol,synthetic_calm_trend_c0_v0_3,C0,E2,harsh friction sweep corner,realistic,random,131,0.133867,12.081352,-0.003419,0.560976,12,1625.174078,0.0,0.360443,0.360443,0.657755,1.0,protocol-fixture,Stress corner for execution-friction sensitivity; not calibrated cost prediction.
trellm-v0.3-protocol,synthetic_calm_trend_c0_v0_3,C0,E2,harsh friction sweep corner,realistic,random,137,0.106943,10.513206,-0.00484,0.622222,11,1842.25758,0.0,0.50787,0.50787,1.0,1.0,protocol-fixture,Stress corner for execution-friction sensitivity; not calibrated cost prediction.
trellm-v0.3-protocol,synthetic_calm_trend_c0_v0_3,C0,E2,harsh friction sweep corner,realistic,random,139,0.156251,12.775398,-0.001674,0.634146,11,1493.501983,0.0,0.400132,0.400132,1.0,1.0,protocol-fixture,Stress corner for execution-friction sensitivity; not calibrated cost prediction.
trellm-v0.3-protocol,synthetic_calm_trend_c0_v0_3,C0,E2,harsh friction sweep corner,realistic,random,149,0.137632,10.918984,-0.002388,0.609756,11,1968.916544,0.0,0.467523,0.467523,0.90337,1.0,protocol-fixture,Stress corner for execution-friction sensitivity; not calibrated cost prediction.
trellm-v0.3-protocol,synthetic_calm_trend_c0_v0_3,C0,E2,harsh friction sweep corner,realistic,random,151,0.161147,13.743488,-0.001958,0.555556,15,1905.385219,0.0,0.411624,0.411624,1.0,1.0,protocol-fixture,Stress corner for execution-friction sensitivity; not calibrated cost prediction.
