protocol_id,scenario_id,contamination_tier,execution_level,execution_label,execution_mode,agent,seed,total_return,sharpe,max_drawdown,execution_fill_rate,rejected_order_count,total_slippage_cost,intent_risk_gap_l1,risk_execution_gap_l1,intent_execution_gap_l1,max_intent_execution_gap_l1,trajectory_reproducibility_coverage,evidence_tier,claim_scope
trellm-v0.3-protocol,synthetic_jump_tail_c0_v0_3,C0,E0,ideal execution,ideal,buy-and-hold,7,0.43423,12.666565,-0.01698,1.0,0,22.656731,0.3,2.2e-05,0.299978,0.299999,1.0,protocol-fixture,Idealized fill baseline for sensitivity analysis.
trellm-v0.3-protocol,synthetic_jump_tail_c0_v0_3,C0,E0,ideal execution,ideal,buy-and-hold,11,0.368088,11.453615,-0.023341,1.0,0,20.522552,0.3,1.3e-05,0.299996,0.300117,1.0,protocol-fixture,Idealized fill baseline for sensitivity analysis.
trellm-v0.3-protocol,synthetic_jump_tail_c0_v0_3,C0,E0,ideal execution,ideal,buy-and-hold,17,0.287068,8.630814,-0.043361,1.0,0,20.231759,0.3,1.3e-05,0.299987,0.3,1.0,protocol-fixture,Idealized fill baseline for sensitivity analysis.
trellm-v0.3-protocol,synthetic_jump_tail_c0_v0_3,C0,E0,ideal execution,ideal,buy-and-hold,23,0.225805,7.962996,-0.049656,1.0,0,21.265558,0.3,1.1e-05,0.29999,0.300006,1.0,protocol-fixture,Idealized fill baseline for sensitivity analysis.
trellm-v0.3-protocol,synthetic_jump_tail_c0_v0_3,C0,E0,ideal execution,ideal,buy-and-hold,31,0.42151,12.116208,-0.008935,1.0,0,21.343212,0.3,9e-06,0.299991,0.299999,1.0,protocol-fixture,Idealized fill baseline for sensitivity analysis.
trellm-v0.3-protocol,synthetic_jump_tail_c0_v0_3,C0,E0,ideal execution,ideal,buy-and-hold,37,0.256692,7.650353,-0.037207,1.0,0,23.334906,0.3,1e-05,0.29999,0.299999,1.0,protocol-fixture,Idealized fill baseline for sensitivity analysis.
trellm-v0.3-protocol,synthetic_jump_tail_c0_v0_3,C0,E0,ideal execution,ideal,buy-and-hold,41,0.246502,7.990576,-0.042646,1.0,0,22.155165,0.3,9e-06,0.299991,0.3,1.0,protocol-fixture,Idealized fill baseline for sensitivity analysis.
trellm-v0.3-protocol,synthetic_jump_tail_c0_v0_3,C0,E0,ideal execution,ideal,buy-and-hold,43,0.192834,6.20072,-0.036884,1.0,0,23.341795,0.3,1e-05,0.29999,0.299999,1.0,protocol-fixture,Idealized fill baseline for sensitivity analysis.
trellm-v0.3-protocol,synthetic_jump_tail_c0_v0_3,C0,E0,ideal execution,ideal,buy-and-hold,47,0.232793,6.995137,-0.047531,1.0,0,20.667599,0.3,9e-06,0.299991,0.3,1.0,protocol-fixture,Idealized fill baseline for sensitivity analysis.
trellm-v0.3-protocol,synthetic_jump_tail_c0_v0_3,C0,E0,ideal execution,ideal,buy-and-hold,53,0.424387,12.301636,-0.029572,1.0,0,22.787957,0.3,9e-06,0.299991,0.299999,1.0,protocol-fixture,Idealized fill baseline for sensitivity analysis.
trellm-v0.3-protocol,synthetic_jump_tail_c0_v0_3,C0,E0,ideal execution,ideal,buy-and-hold,59,0.038231,1.299503,-0.074685,1.0,0,21.637092,0.3,1.4e-05,0.299995,0.300102,1.0,protocol-fixture,Idealized fill baseline for sensitivity analysis.
trellm-v0.3-protocol,synthetic_jump_tail_c0_v0_3,C0,E0,ideal execution,ideal,buy-and-hold,61,-0.03939,-0.675109,-0.091459,1.0,0,23.563653,0.3,2.4e-05,0.300003,0.300235,1.0,protocol-fixture,Idealized fill baseline for sensitivity analysis.
trellm-v0.3-protocol,synthetic_jump_tail_c0_v0_3,C0,E0,ideal execution,ideal,buy-and-hold,67,0.435352,10.973524,-0.018091,1.0,0,22.63066,0.3,1.7e-05,0.299998,0.300178,1.0,protocol-fixture,Idealized fill baseline for sensitivity analysis.
trellm-v0.3-protocol,synthetic_jump_tail_c0_v0_3,C0,E0,ideal execution,ideal,buy-and-hold,71,0.242154,7.516365,-0.03168,1.0,0,19.897103,0.3,8e-06,0.299992,0.3,1.0,protocol-fixture,Idealized fill baseline for sensitivity analysis.
trellm-v0.3-protocol,synthetic_jump_tail_c0_v0_3,C0,E0,ideal execution,ideal,buy-and-hold,73,0.37939,12.91221,-0.036356,1.0,0,20.767927,0.3,1.5e-05,0.299998,0.300149,1.0,protocol-fixture,Idealized fill baseline for sensitivity analysis.
trellm-v0.3-protocol,synthetic_jump_tail_c0_v0_3,C0,E0,ideal execution,ideal,buy-and-hold,79,0.065625,1.489397,-0.17541,1.0,0,22.956256,0.3,3.4e-05,0.299983,0.30021,1.0,protocol-fixture,Idealized fill baseline for sensitivity analysis.
trellm-v0.3-protocol,synthetic_jump_tail_c0_v0_3,C0,E0,ideal execution,ideal,buy-and-hold,83,0.222774,9.805005,-0.024329,1.0,0,21.494181,0.3,2.2e-05,0.299987,0.300109,1.0,protocol-fixture,Idealized fill baseline for sensitivity analysis.
trellm-v0.3-protocol,synthetic_jump_tail_c0_v0_3,C0,E0,ideal execution,ideal,buy-and-hold,89,0.155031,4.303711,-0.084375,1.0,0,22.952054,0.3,1.5e-05,0.299996,0.300132,1.0,protocol-fixture,Idealized fill baseline for sensitivity analysis.
trellm-v0.3-protocol,synthetic_jump_tail_c0_v0_3,C0,E0,ideal execution,ideal,buy-and-hold,97,0.231087,7.597333,-0.065356,1.0,0,18.654292,0.3,1.5e-05,0.299999,0.300166,1.0,protocol-fixture,Idealized fill baseline for sensitivity analysis.
trellm-v0.3-protocol,synthetic_jump_tail_c0_v0_3,C0,E0,ideal execution,ideal,buy-and-hold,101,0.088706,2.61703,-0.102779,1.0,0,22.914159,0.3,1.2e-05,0.299992,0.300043,1.0,protocol-fixture,Idealized fill baseline for sensitivity analysis.
trellm-v0.3-protocol,synthetic_jump_tail_c0_v0_3,C0,E0,ideal execution,ideal,buy-and-hold,103,0.399834,10.373396,-0.031383,1.0,0,22.837353,0.3,1.4e-05,0.299995,0.300114,1.0,protocol-fixture,Idealized fill baseline for sensitivity analysis.
trellm-v0.3-protocol,synthetic_jump_tail_c0_v0_3,C0,E0,ideal execution,ideal,buy-and-hold,107,0.324646,9.107982,-0.032939,1.0,0,25.034179,0.3,1.6e-05,0.299984,0.3,1.0,protocol-fixture,Idealized fill baseline for sensitivity analysis.
trellm-v0.3-protocol,synthetic_jump_tail_c0_v0_3,C0,E0,ideal execution,ideal,buy-and-hold,109,0.189887,5.813706,-0.029077,1.0,0,21.824985,0.3,1.3e-05,0.299995,0.300095,1.0,protocol-fixture,Idealized fill baseline for sensitivity analysis.
trellm-v0.3-protocol,synthetic_jump_tail_c0_v0_3,C0,E0,ideal execution,ideal,buy-and-hold,113,0.278813,11.340073,-0.033745,1.0,0,20.519097,0.3,2.7e-05,0.30001,0.300178,1.0,protocol-fixture,Idealized fill baseline for sensitivity analysis.
trellm-v0.3-protocol,synthetic_jump_tail_c0_v0_3,C0,E0,ideal execution,ideal,buy-and-hold,127,0.233311,6.685374,-0.04269,1.0,0,24.533043,0.3,1e-05,0.29999,0.3,1.0,protocol-fixture,Idealized fill baseline for sensitivity analysis.
trellm-v0.3-protocol,synthetic_jump_tail_c0_v0_3,C0,E0,ideal execution,ideal,buy-and-hold,131,0.213149,6.008441,-0.026687,1.0,0,22.663589,0.3,1.3e-05,0.299987,0.299999,1.0,protocol-fixture,Idealized fill baseline for sensitivity analysis.
trellm-v0.3-protocol,synthetic_jump_tail_c0_v0_3,C0,E0,ideal execution,ideal,buy-and-hold,137,0.144423,4.111869,-0.065791,1.0,0,20.154043,0.3,1.7e-05,0.299983,0.299999,1.0,protocol-fixture,Idealized fill baseline for sensitivity analysis.
trellm-v0.3-protocol,synthetic_jump_tail_c0_v0_3,C0,E0,ideal execution,ideal,buy-and-hold,139,0.178435,3.977573,-0.118187,1.0,0,23.407949,0.3,1.4e-05,0.299986,0.3,1.0,protocol-fixture,Idealized fill baseline for sensitivity analysis.
trellm-v0.3-protocol,synthetic_jump_tail_c0_v0_3,C0,E0,ideal execution,ideal,buy-and-hold,149,0.31381,7.188891,-0.055206,1.0,0,24.982599,0.3,1.1e-05,0.299991,0.300014,1.0,protocol-fixture,Idealized fill baseline for sensitivity analysis.
trellm-v0.3-protocol,synthetic_jump_tail_c0_v0_3,C0,E0,ideal execution,ideal,buy-and-hold,151,0.192188,4.867539,-0.057792,1.0,0,23.639806,0.3,2.3e-05,0.299987,0.300125,1.0,protocol-fixture,Idealized fill baseline for sensitivity analysis.
trellm-v0.3-protocol,synthetic_jump_tail_c0_v0_3,C0,E0,ideal execution,ideal,signal-weighted,7,0.300788,8.819657,-0.018057,1.0,0,37.270686,0.367945,1.3e-05,0.367934,0.899999,1.0,protocol-fixture,Idealized fill baseline for sensitivity analysis.
trellm-v0.3-protocol,synthetic_jump_tail_c0_v0_3,C0,E0,ideal execution,ideal,signal-weighted,11,0.219914,11.861324,-0.000516,1.0,0,16.806208,0.391807,5e-06,0.391803,0.899992,1.0,protocol-fixture,Idealized fill baseline for sensitivity analysis.
trellm-v0.3-protocol,synthetic_jump_tail_c0_v0_3,C0,E0,ideal execution,ideal,signal-weighted,17,0.200584,8.795541,-0.009841,1.0,0,46.381847,0.254144,1.3e-05,0.254136,0.785788,1.0,protocol-fixture,Idealized fill baseline for sensitivity analysis.
trellm-v0.3-protocol,synthetic_jump_tail_c0_v0_3,C0,E0,ideal execution,ideal,signal-weighted,23,0.123924,7.883276,-0.010952,1.0,0,65.771956,0.262075,1.7e-05,0.262061,0.76012,1.0,protocol-fixture,Idealized fill baseline for sensitivity analysis.
trellm-v0.3-protocol,synthetic_jump_tail_c0_v0_3,C0,E0,ideal execution,ideal,signal-weighted,31,0.261839,8.806698,-0.001464,1.0,0,20.33721,0.427263,6e-06,0.427258,0.899999,1.0,protocol-fixture,Idealized fill baseline for sensitivity analysis.
trellm-v0.3-protocol,synthetic_jump_tail_c0_v0_3,C0,E0,ideal execution,ideal,signal-weighted,37,0.065298,2.957365,-0.037232,1.0,0,40.926977,0.251355,1.5e-05,0.251347,0.899998,1.0,protocol-fixture,Idealized fill baseline for sensitivity analysis.
trellm-v0.3-protocol,synthetic_jump_tail_c0_v0_3,C0,E0,ideal execution,ideal,signal-weighted,41,0.087576,3.60163,-0.038416,1.0,0,61.421516,0.336841,1.5e-05,0.336828,0.899998,1.0,protocol-fixture,Idealized fill baseline for sensitivity analysis.
trellm-v0.3-protocol,synthetic_jump_tail_c0_v0_3,C0,E0,ideal execution,ideal,signal-weighted,43,0.051786,2.938214,-0.036939,1.0,0,53.702032,0.204031,1.4e-05,0.204026,0.762632,1.0,protocol-fixture,Idealized fill baseline for sensitivity analysis.
trellm-v0.3-protocol,synthetic_jump_tail_c0_v0_3,C0,E0,ideal execution,ideal,signal-weighted,47,0.139502,4.980607,-0.047531,1.0,0,42.660883,0.372638,1.1e-05,0.372629,0.899996,1.0,protocol-fixture,Idealized fill baseline for sensitivity analysis.
trellm-v0.3-protocol,synthetic_jump_tail_c0_v0_3,C0,E0,ideal execution,ideal,signal-weighted,53,0.267427,11.331267,-0.005136,1.0,0,34.293418,0.401671,1.8e-05,0.401671,0.899996,1.0,protocol-fixture,Idealized fill baseline for sensitivity analysis.
trellm-v0.3-protocol,synthetic_jump_tail_c0_v0_3,C0,E0,ideal execution,ideal,signal-weighted,59,0.021332,0.949117,-0.060772,1.0,0,42.696624,0.216238,1.1e-05,0.216231,0.780479,1.0,protocol-fixture,Idealized fill baseline for sensitivity analysis.
trellm-v0.3-protocol,synthetic_jump_tail_c0_v0_3,C0,E0,ideal execution,ideal,signal-weighted,61,0.042832,2.119665,-0.053543,1.0,0,20.681029,0.177469,1e-06,0.177469,0.45,1.0,protocol-fixture,Idealized fill baseline for sensitivity analysis.
trellm-v0.3-protocol,synthetic_jump_tail_c0_v0_3,C0,E0,ideal execution,ideal,signal-weighted,67,0.30134,7.604766,-0.018094,1.0,0,58.65435,0.405476,1.4e-05,0.405464,0.899999,1.0,protocol-fixture,Idealized fill baseline for sensitivity analysis.
trellm-v0.3-protocol,synthetic_jump_tail_c0_v0_3,C0,E0,ideal execution,ideal,signal-weighted,71,0.111052,10.178662,-0.005763,1.0,0,35.537326,0.242897,1e-05,0.242893,0.899999,1.0,protocol-fixture,Idealized fill baseline for sensitivity analysis.
trellm-v0.3-protocol,synthetic_jump_tail_c0_v0_3,C0,E0,ideal execution,ideal,signal-weighted,73,0.242052,9.938475,-0.036356,1.0,0,46.51414,0.491433,1.1e-05,0.491427,0.899999,1.0,protocol-fixture,Idealized fill baseline for sensitivity analysis.
trellm-v0.3-protocol,synthetic_jump_tail_c0_v0_3,C0,E0,ideal execution,ideal,signal-weighted,79,0.092181,6.925013,-0.015336,1.0,0,25.536818,0.249285,2.2e-05,0.249282,0.860448,1.0,protocol-fixture,Idealized fill baseline for sensitivity analysis.
trellm-v0.3-protocol,synthetic_jump_tail_c0_v0_3,C0,E0,ideal execution,ideal,signal-weighted,83,0.101631,8.460918,-0.015145,1.0,0,43.72148,0.295852,2.5e-05,0.295842,0.752535,1.0,protocol-fixture,Idealized fill baseline for sensitivity analysis.
trellm-v0.3-protocol,synthetic_jump_tail_c0_v0_3,C0,E0,ideal execution,ideal,signal-weighted,89,0.034021,1.921055,-0.043887,1.0,0,37.492569,0.228166,1.9e-05,0.228167,0.450199,1.0,protocol-fixture,Idealized fill baseline for sensitivity analysis.
trellm-v0.3-protocol,synthetic_jump_tail_c0_v0_3,C0,E0,ideal execution,ideal,signal-weighted,97,0.092799,3.580077,-0.065353,1.0,0,21.731217,0.310445,1.4e-05,0.310446,0.899999,1.0,protocol-fixture,Idealized fill baseline for sensitivity analysis.
trellm-v0.3-protocol,synthetic_jump_tail_c0_v0_3,C0,E0,ideal execution,ideal,signal-weighted,101,0.112648,5.697876,-0.014434,1.0,0,35.851566,0.200234,6e-06,0.200228,0.899999,1.0,protocol-fixture,Idealized fill baseline for sensitivity analysis.
trellm-v0.3-protocol,synthetic_jump_tail_c0_v0_3,C0,E0,ideal execution,ideal,signal-weighted,103,0.21592,8.631037,-0.031383,1.0,0,18.891969,0.476731,9e-06,0.476727,0.900057,1.0,protocol-fixture,Idealized fill baseline for sensitivity analysis.
trellm-v0.3-protocol,synthetic_jump_tail_c0_v0_3,C0,E0,ideal execution,ideal,signal-weighted,107,0.076144,3.637305,-0.032939,1.0,0,52.885052,0.395725,1.5e-05,0.395711,0.899998,1.0,protocol-fixture,Idealized fill baseline for sensitivity analysis.
trellm-v0.3-protocol,synthetic_jump_tail_c0_v0_3,C0,E0,ideal execution,ideal,signal-weighted,109,0.104562,4.518436,-0.019704,1.0,0,56.133558,0.262922,1.6e-05,0.262915,0.894884,1.0,protocol-fixture,Idealized fill baseline for sensitivity analysis.
trellm-v0.3-protocol,synthetic_jump_tail_c0_v0_3,C0,E0,ideal execution,ideal,signal-weighted,113,0.092849,4.533346,-0.033783,1.0,0,39.349095,0.315379,2.2e-05,0.315379,0.861981,1.0,protocol-fixture,Idealized fill baseline for sensitivity analysis.
trellm-v0.3-protocol,synthetic_jump_tail_c0_v0_3,C0,E0,ideal execution,ideal,signal-weighted,127,-0.007526,-0.295834,-0.059952,1.0,0,58.598274,0.219174,1.5e-05,0.219165,0.899998,1.0,protocol-fixture,Idealized fill baseline for sensitivity analysis.
trellm-v0.3-protocol,synthetic_jump_tail_c0_v0_3,C0,E0,ideal execution,ideal,signal-weighted,131,0.092168,6.357383,-0.02003,1.0,0,50.770668,0.239184,1.3e-05,0.239177,0.571284,1.0,protocol-fixture,Idealized fill baseline for sensitivity analysis.
trellm-v0.3-protocol,synthetic_jump_tail_c0_v0_3,C0,E0,ideal execution,ideal,signal-weighted,137,0.07624,5.204622,-0.033195,1.0,0,53.344499,0.251067,9e-06,0.251063,0.862765,1.0,protocol-fixture,Idealized fill baseline for sensitivity analysis.
trellm-v0.3-protocol,synthetic_jump_tail_c0_v0_3,C0,E0,ideal execution,ideal,signal-weighted,139,0.10245,5.343871,-0.029973,1.0,0,45.01873,0.285433,1.3e-05,0.285423,0.899998,1.0,protocol-fixture,Idealized fill baseline for sensitivity analysis.
trellm-v0.3-protocol,synthetic_jump_tail_c0_v0_3,C0,E0,ideal execution,ideal,signal-weighted,149,0.190248,6.319954,-0.01856,1.0,0,28.553293,0.291396,8e-06,0.291389,0.899995,1.0,protocol-fixture,Idealized fill baseline for sensitivity analysis.
trellm-v0.3-protocol,synthetic_jump_tail_c0_v0_3,C0,E0,ideal execution,ideal,signal-weighted,151,0.020273,0.938401,-0.057869,1.0,0,71.257058,0.167005,1.8e-05,0.166997,0.655867,1.0,protocol-fixture,Idealized fill baseline for sensitivity analysis.
trellm-v0.3-protocol,synthetic_jump_tail_c0_v0_3,C0,E0,ideal execution,ideal,naive-momentum,7,0.326976,10.507441,-0.018641,1.0,0,53.317519,0.0,1.6e-05,1.6e-05,5.3e-05,1.0,protocol-fixture,Idealized fill baseline for sensitivity analysis.
trellm-v0.3-protocol,synthetic_jump_tail_c0_v0_3,C0,E0,ideal execution,ideal,naive-momentum,11,0.218791,11.264135,-0.011175,1.0,0,45.18452,0.0,1.4e-05,1.4e-05,7.8e-05,1.0,protocol-fixture,Idealized fill baseline for sensitivity analysis.
trellm-v0.3-protocol,synthetic_jump_tail_c0_v0_3,C0,E0,ideal execution,ideal,naive-momentum,17,0.193569,6.817057,-0.045667,1.0,0,69.370373,0.0,2.7e-05,2.7e-05,0.000175,1.0,protocol-fixture,Idealized fill baseline for sensitivity analysis.
trellm-v0.3-protocol,synthetic_jump_tail_c0_v0_3,C0,E0,ideal execution,ideal,naive-momentum,23,0.131974,5.523812,-0.046351,1.0,0,53.655088,0.0,1.6e-05,1.6e-05,7.7e-05,1.0,protocol-fixture,Idealized fill baseline for sensitivity analysis.
trellm-v0.3-protocol,synthetic_jump_tail_c0_v0_3,C0,E0,ideal execution,ideal,naive-momentum,31,0.284545,10.132838,-0.002369,1.0,0,49.601712,0.0,1.7e-05,1.7e-05,8.7e-05,1.0,protocol-fixture,Idealized fill baseline for sensitivity analysis.
trellm-v0.3-protocol,synthetic_jump_tail_c0_v0_3,C0,E0,ideal execution,ideal,naive-momentum,37,0.140529,4.669763,-0.053235,1.0,0,64.46517,0.0,1.9e-05,1.9e-05,7.4e-05,1.0,protocol-fixture,Idealized fill baseline for sensitivity analysis.
trellm-v0.3-protocol,synthetic_jump_tail_c0_v0_3,C0,E0,ideal execution,ideal,naive-momentum,41,0.138082,6.109351,-0.025299,1.0,0,56.27305,0.0,1.7e-05,1.7e-05,7.9e-05,1.0,protocol-fixture,Idealized fill baseline for sensitivity analysis.
trellm-v0.3-protocol,synthetic_jump_tail_c0_v0_3,C0,E0,ideal execution,ideal,naive-momentum,43,0.033796,1.523753,-0.038002,1.0,0,91.606023,0.0,3e-05,3e-05,8.8e-05,1.0,protocol-fixture,Idealized fill baseline for sensitivity analysis.
trellm-v0.3-protocol,synthetic_jump_tail_c0_v0_3,C0,E0,ideal execution,ideal,naive-momentum,47,0.128827,5.416024,-0.036972,1.0,0,84.765693,0.0,2e-05,2e-05,7.5e-05,1.0,protocol-fixture,Idealized fill baseline for sensitivity analysis.
trellm-v0.3-protocol,synthetic_jump_tail_c0_v0_3,C0,E0,ideal execution,ideal,naive-momentum,53,0.263885,8.613777,-0.028596,1.0,0,68.273372,0.0,2.2e-05,2.2e-05,7.4e-05,1.0,protocol-fixture,Idealized fill baseline for sensitivity analysis.
trellm-v0.3-protocol,synthetic_jump_tail_c0_v0_3,C0,E0,ideal execution,ideal,naive-momentum,59,0.021002,0.839443,-0.091834,1.0,0,58.633772,0.0,1.9e-05,1.9e-05,0.000168,1.0,protocol-fixture,Idealized fill baseline for sensitivity analysis.
trellm-v0.3-protocol,synthetic_jump_tail_c0_v0_3,C0,E0,ideal execution,ideal,naive-momentum,61,0.049507,1.78984,-0.062891,1.0,0,47.960714,0.0,9e-06,9e-06,7.4e-05,1.0,protocol-fixture,Idealized fill baseline for sensitivity analysis.
trellm-v0.3-protocol,synthetic_jump_tail_c0_v0_3,C0,E0,ideal execution,ideal,naive-momentum,67,0.396863,9.963004,-0.018091,1.0,0,41.062383,0.0,1.3e-05,1.3e-05,7.5e-05,1.0,protocol-fixture,Idealized fill baseline for sensitivity analysis.
trellm-v0.3-protocol,synthetic_jump_tail_c0_v0_3,C0,E0,ideal execution,ideal,naive-momentum,71,0.104,5.572843,-0.047928,1.0,0,64.003505,0.0,2.7e-05,2.7e-05,0.000227,1.0,protocol-fixture,Idealized fill baseline for sensitivity analysis.
trellm-v0.3-protocol,synthetic_jump_tail_c0_v0_3,C0,E0,ideal execution,ideal,naive-momentum,73,0.326785,11.831208,-0.041196,1.0,0,46.109504,0.0,1.6e-05,1.6e-05,0.000113,1.0,protocol-fixture,Idealized fill baseline for sensitivity analysis.
trellm-v0.3-protocol,synthetic_jump_tail_c0_v0_3,C0,E0,ideal execution,ideal,naive-momentum,79,-0.009799,0.125815,-0.178266,1.0,0,51.610533,0.0,2.9e-05,2.9e-05,0.000151,1.0,protocol-fixture,Idealized fill baseline for sensitivity analysis.
trellm-v0.3-protocol,synthetic_jump_tail_c0_v0_3,C0,E0,ideal execution,ideal,naive-momentum,83,0.156699,10.093889,-0.017423,1.0,0,47.113265,0.0,2.3e-05,2.3e-05,0.000216,1.0,protocol-fixture,Idealized fill baseline for sensitivity analysis.
trellm-v0.3-protocol,synthetic_jump_tail_c0_v0_3,C0,E0,ideal execution,ideal,naive-momentum,89,0.153676,5.763819,-0.02208,1.0,0,70.166005,0.0,1.7e-05,1.7e-05,8.1e-05,1.0,protocol-fixture,Idealized fill baseline for sensitivity analysis.
trellm-v0.3-protocol,synthetic_jump_tail_c0_v0_3,C0,E0,ideal execution,ideal,naive-momentum,97,0.141958,5.192131,-0.06554,1.0,0,34.989474,0.0,6e-06,6e-06,4.3e-05,1.0,protocol-fixture,Idealized fill baseline for sensitivity analysis.
trellm-v0.3-protocol,synthetic_jump_tail_c0_v0_3,C0,E0,ideal execution,ideal,naive-momentum,101,-0.003009,0.083331,-0.130023,1.0,0,62.828163,0.0,1.2e-05,1.2e-05,6.1e-05,1.0,protocol-fixture,Idealized fill baseline for sensitivity analysis.
trellm-v0.3-protocol,synthetic_jump_tail_c0_v0_3,C0,E0,ideal execution,ideal,naive-momentum,103,0.284484,8.798596,-0.030097,1.0,0,80.473386,0.0,2.6e-05,2.6e-05,0.000107,1.0,protocol-fixture,Idealized fill baseline for sensitivity analysis.
trellm-v0.3-protocol,synthetic_jump_tail_c0_v0_3,C0,E0,ideal execution,ideal,naive-momentum,107,0.1319,5.721016,-0.03295,1.0,0,83.322012,0.0,4.4e-05,4.4e-05,0.000243,1.0,protocol-fixture,Idealized fill baseline for sensitivity analysis.
trellm-v0.3-protocol,synthetic_jump_tail_c0_v0_3,C0,E0,ideal execution,ideal,naive-momentum,109,0.16039,5.948304,-0.021808,1.0,0,54.282818,0.0,1.2e-05,1.2e-05,7.5e-05,1.0,protocol-fixture,Idealized fill baseline for sensitivity analysis.
trellm-v0.3-protocol,synthetic_jump_tail_c0_v0_3,C0,E0,ideal execution,ideal,naive-momentum,113,0.214996,9.747844,-0.03383,1.0,0,41.395067,0.0,2e-05,2e-05,0.000173,1.0,protocol-fixture,Idealized fill baseline for sensitivity analysis.
trellm-v0.3-protocol,synthetic_jump_tail_c0_v0_3,C0,E0,ideal execution,ideal,naive-momentum,127,0.119054,5.089745,-0.031379,1.0,0,67.610462,0.0,1.7e-05,1.7e-05,6.1e-05,1.0,protocol-fixture,Idealized fill baseline for sensitivity analysis.
trellm-v0.3-protocol,synthetic_jump_tail_c0_v0_3,C0,E0,ideal execution,ideal,naive-momentum,131,0.131654,4.415913,-0.026672,1.0,0,89.993678,0.0,3e-05,3e-05,0.000141,1.0,protocol-fixture,Idealized fill baseline for sensitivity analysis.
trellm-v0.3-protocol,synthetic_jump_tail_c0_v0_3,C0,E0,ideal execution,ideal,naive-momentum,137,0.033772,1.936473,-0.056426,1.0,0,51.192074,0.0,1.3e-05,1.3e-05,0.000109,1.0,protocol-fixture,Idealized fill baseline for sensitivity analysis.
trellm-v0.3-protocol,synthetic_jump_tail_c0_v0_3,C0,E0,ideal execution,ideal,naive-momentum,139,0.037869,1.554124,-0.073492,1.0,0,66.209721,0.0,2.1e-05,2.1e-05,8.2e-05,1.0,protocol-fixture,Idealized fill baseline for sensitivity analysis.
trellm-v0.3-protocol,synthetic_jump_tail_c0_v0_3,C0,E0,ideal execution,ideal,naive-momentum,149,0.203142,6.348632,-0.059449,1.0,0,65.047035,0.0,2.1e-05,2.1e-05,8e-05,1.0,protocol-fixture,Idealized fill baseline for sensitivity analysis.
trellm-v0.3-protocol,synthetic_jump_tail_c0_v0_3,C0,E0,ideal execution,ideal,naive-momentum,151,0.114764,3.293197,-0.058614,1.0,0,112.860366,0.0,2.7e-05,2.7e-05,7.6e-05,1.0,protocol-fixture,Idealized fill baseline for sensitivity analysis.
trellm-v0.3-protocol,synthetic_jump_tail_c0_v0_3,C0,E0,ideal execution,ideal,mean-reversion,7,0.00963,3.62217,-0.00213,1.0,0,28.315348,0.0,3e-06,3e-06,3.7e-05,1.0,protocol-fixture,Idealized fill baseline for sensitivity analysis.
trellm-v0.3-protocol,synthetic_jump_tail_c0_v0_3,C0,E0,ideal execution,ideal,mean-reversion,11,0.068384,4.58422,-0.000156,1.0,0,36.62633,0.0,1.6e-05,1.6e-05,0.000233,1.0,protocol-fixture,Idealized fill baseline for sensitivity analysis.
trellm-v0.3-protocol,synthetic_jump_tail_c0_v0_3,C0,E0,ideal execution,ideal,mean-reversion,17,0.075547,7.00587,-0.00021,1.0,0,60.352927,0.0,1.8e-05,1.8e-05,0.000213,1.0,protocol-fixture,Idealized fill baseline for sensitivity analysis.
trellm-v0.3-protocol,synthetic_jump_tail_c0_v0_3,C0,E0,ideal execution,ideal,mean-reversion,23,0.056994,5.11812,-0.018438,1.0,0,74.339956,0.0,8e-06,8e-06,3.7e-05,1.0,protocol-fixture,Idealized fill baseline for sensitivity analysis.
trellm-v0.3-protocol,synthetic_jump_tail_c0_v0_3,C0,E0,ideal execution,ideal,mean-reversion,31,0.084907,4.968832,-0.001866,1.0,0,30.751173,0.0,3e-06,3e-06,3.7e-05,1.0,protocol-fixture,Idealized fill baseline for sensitivity analysis.
trellm-v0.3-protocol,synthetic_jump_tail_c0_v0_3,C0,E0,ideal execution,ideal,mean-reversion,37,0.111831,9.458306,-0.000191,1.0,0,56.948384,0.0,1.1e-05,1.1e-05,0.000121,1.0,protocol-fixture,Idealized fill baseline for sensitivity analysis.
trellm-v0.3-protocol,synthetic_jump_tail_c0_v0_3,C0,E0,ideal execution,ideal,mean-reversion,41,0.004586,0.383504,-0.039162,1.0,0,22.145008,0.0,3e-06,3e-06,3.7e-05,1.0,protocol-fixture,Idealized fill baseline for sensitivity analysis.
trellm-v0.3-protocol,synthetic_jump_tail_c0_v0_3,C0,E0,ideal execution,ideal,mean-reversion,43,0.06525,7.196041,-0.011025,1.0,0,88.177981,0.0,9e-06,9e-06,3.7e-05,1.0,protocol-fixture,Idealized fill baseline for sensitivity analysis.
trellm-v0.3-protocol,synthetic_jump_tail_c0_v0_3,C0,E0,ideal execution,ideal,mean-reversion,47,0.090154,5.275539,-0.001526,1.0,0,64.176792,0.0,1.4e-05,1.4e-05,0.000147,1.0,protocol-fixture,Idealized fill baseline for sensitivity analysis.
trellm-v0.3-protocol,synthetic_jump_tail_c0_v0_3,C0,E0,ideal execution,ideal,mean-reversion,53,0.069238,6.700154,-0.000105,1.0,0,29.582644,0.0,3e-06,3e-06,3.7e-05,1.0,protocol-fixture,Idealized fill baseline for sensitivity analysis.
trellm-v0.3-protocol,synthetic_jump_tail_c0_v0_3,C0,E0,ideal execution,ideal,mean-reversion,59,0.047161,5.808319,-0.018312,1.0,0,58.491952,0.0,1.3e-05,1.3e-05,7.4e-05,1.0,protocol-fixture,Idealized fill baseline for sensitivity analysis.
trellm-v0.3-protocol,synthetic_jump_tail_c0_v0_3,C0,E0,ideal execution,ideal,mean-reversion,61,-0.084263,-3.021434,-0.084768,1.0,0,82.004492,0.0,2.4e-05,2.4e-05,0.000147,1.0,protocol-fixture,Idealized fill baseline for sensitivity analysis.
trellm-v0.3-protocol,synthetic_jump_tail_c0_v0_3,C0,E0,ideal execution,ideal,mean-reversion,67,0.015415,3.289461,-0.00581,1.0,0,35.649266,0.0,5e-06,5e-06,3.7e-05,1.0,protocol-fixture,Idealized fill baseline for sensitivity analysis.
trellm-v0.3-protocol,synthetic_jump_tail_c0_v0_3,C0,E0,ideal execution,ideal,mean-reversion,71,0.042953,7.589964,-0.000105,1.0,0,47.791604,0.0,9e-06,9e-06,7.5e-05,1.0,protocol-fixture,Idealized fill baseline for sensitivity analysis.
trellm-v0.3-protocol,synthetic_jump_tail_c0_v0_3,C0,E0,ideal execution,ideal,mean-reversion,73,0.036748,6.678667,-0.00353,1.0,0,21.938588,0.0,3e-06,3e-06,3.7e-05,1.0,protocol-fixture,Idealized fill baseline for sensitivity analysis.
trellm-v0.3-protocol,synthetic_jump_tail_c0_v0_3,C0,E0,ideal execution,ideal,mean-reversion,79,0.037486,6.05738,-0.008485,1.0,0,39.264144,0.0,8e-06,8e-06,8.4e-05,1.0,protocol-fixture,Idealized fill baseline for sensitivity analysis.
trellm-v0.3-protocol,synthetic_jump_tail_c0_v0_3,C0,E0,ideal execution,ideal,mean-reversion,83,0.057,5.445812,-0.007329,1.0,0,59.163759,0.0,9e-06,9e-06,8.5e-05,1.0,protocol-fixture,Idealized fill baseline for sensitivity analysis.
trellm-v0.3-protocol,synthetic_jump_tail_c0_v0_3,C0,E0,ideal execution,ideal,mean-reversion,89,0.020801,1.284935,-0.06186,1.0,0,67.783657,0.0,1.9e-05,1.9e-05,0.000147,1.0,protocol-fixture,Idealized fill baseline for sensitivity analysis.
trellm-v0.3-protocol,synthetic_jump_tail_c0_v0_3,C0,E0,ideal execution,ideal,mean-reversion,97,0.01409,3.956155,-0.002226,1.0,0,18.403065,0.0,1.6e-05,1.6e-05,0.000225,1.0,protocol-fixture,Idealized fill baseline for sensitivity analysis.
trellm-v0.3-protocol,synthetic_jump_tail_c0_v0_3,C0,E0,ideal execution,ideal,mean-reversion,101,0.056124,4.658765,-0.022057,1.0,0,78.121532,0.0,1.8e-05,1.8e-05,7.4e-05,1.0,protocol-fixture,Idealized fill baseline for sensitivity analysis.
trellm-v0.3-protocol,synthetic_jump_tail_c0_v0_3,C0,E0,ideal execution,ideal,mean-reversion,103,0.016885,4.744098,-0.000105,1.0,0,14.342006,0.0,2e-06,2e-06,3.7e-05,1.0,protocol-fixture,Idealized fill baseline for sensitivity analysis.
trellm-v0.3-protocol,synthetic_jump_tail_c0_v0_3,C0,E0,ideal execution,ideal,mean-reversion,107,0.148154,5.78944,-0.011988,1.0,0,62.23413,0.0,8e-06,8e-06,7.4e-05,1.0,protocol-fixture,Idealized fill baseline for sensitivity analysis.
trellm-v0.3-protocol,synthetic_jump_tail_c0_v0_3,C0,E0,ideal execution,ideal,mean-reversion,109,0.028343,1.891744,-0.052107,1.0,0,41.618781,0.0,7e-06,7e-06,6.4e-05,1.0,protocol-fixture,Idealized fill baseline for sensitivity analysis.
trellm-v0.3-protocol,synthetic_jump_tail_c0_v0_3,C0,E0,ideal execution,ideal,mean-reversion,113,0.028156,7.00403,-0.003287,1.0,0,35.893267,0.0,5e-06,5e-06,3.7e-05,1.0,protocol-fixture,Idealized fill baseline for sensitivity analysis.
trellm-v0.3-protocol,synthetic_jump_tail_c0_v0_3,C0,E0,ideal execution,ideal,mean-reversion,127,0.108043,4.385348,-0.037165,1.0,0,75.072225,0.0,1.2e-05,1.2e-05,7.4e-05,1.0,protocol-fixture,Idealized fill baseline for sensitivity analysis.
trellm-v0.3-protocol,synthetic_jump_tail_c0_v0_3,C0,E0,ideal execution,ideal,mean-reversion,131,0.08258,7.80541,-0.015053,1.0,0,96.110136,0.0,1.4e-05,1.4e-05,7.5e-05,1.0,protocol-fixture,Idealized fill baseline for sensitivity analysis.
trellm-v0.3-protocol,synthetic_jump_tail_c0_v0_3,C0,E0,ideal execution,ideal,mean-reversion,137,0.052284,2.39827,-0.057134,1.0,0,38.376631,0.0,9e-06,9e-06,0.000125,1.0,protocol-fixture,Idealized fill baseline for sensitivity analysis.
trellm-v0.3-protocol,synthetic_jump_tail_c0_v0_3,C0,E0,ideal execution,ideal,mean-reversion,139,0.072711,3.781986,-0.014234,1.0,0,39.236879,0.0,1.4e-05,1.4e-05,0.000211,1.0,protocol-fixture,Idealized fill baseline for sensitivity analysis.
trellm-v0.3-protocol,synthetic_jump_tail_c0_v0_3,C0,E0,ideal execution,ideal,mean-reversion,149,0.071619,6.847576,-0.005157,1.0,0,30.270503,0.0,3e-06,3e-06,3.7e-05,1.0,protocol-fixture,Idealized fill baseline for sensitivity analysis.
trellm-v0.3-protocol,synthetic_jump_tail_c0_v0_3,C0,E0,ideal execution,ideal,mean-reversion,151,0.054111,6.067125,-0.011123,1.0,0,94.65566,0.0,2.3e-05,2.3e-05,0.000211,1.0,protocol-fixture,Idealized fill baseline for sensitivity analysis.
trellm-v0.3-protocol,synthetic_jump_tail_c0_v0_3,C0,E0,ideal execution,ideal,risk-parity,7,0.428057,12.746521,-0.01698,1.0,0,29.795729,0.0,1.6e-05,1.6e-05,0.000147,1.0,protocol-fixture,Idealized fill baseline for sensitivity analysis.
trellm-v0.3-protocol,synthetic_jump_tail_c0_v0_3,C0,E0,ideal execution,ideal,risk-parity,11,0.34392,11.186391,-0.023341,1.0,0,33.422916,0.0,1.3e-05,1.3e-05,0.000147,1.0,protocol-fixture,Idealized fill baseline for sensitivity analysis.
trellm-v0.3-protocol,synthetic_jump_tail_c0_v0_3,C0,E0,ideal execution,ideal,risk-parity,17,0.27798,8.557501,-0.043356,1.0,0,21.553973,0.0,1.4e-05,1.4e-05,0.000147,1.0,protocol-fixture,Idealized fill baseline for sensitivity analysis.
trellm-v0.3-protocol,synthetic_jump_tail_c0_v0_3,C0,E0,ideal execution,ideal,risk-parity,23,0.229893,8.340474,-0.046014,1.0,0,28.428708,0.0,1.3e-05,1.3e-05,0.000147,1.0,protocol-fixture,Idealized fill baseline for sensitivity analysis.
trellm-v0.3-protocol,synthetic_jump_tail_c0_v0_3,C0,E0,ideal execution,ideal,risk-parity,31,0.407279,12.250131,-0.008935,1.0,0,38.353444,0.0,1.4e-05,1.4e-05,0.000147,1.0,protocol-fixture,Idealized fill baseline for sensitivity analysis.
trellm-v0.3-protocol,synthetic_jump_tail_c0_v0_3,C0,E0,ideal execution,ideal,risk-parity,37,0.250281,7.615193,-0.037425,1.0,0,27.794194,0.0,1.1e-05,1.1e-05,0.000147,1.0,protocol-fixture,Idealized fill baseline for sensitivity analysis.
trellm-v0.3-protocol,synthetic_jump_tail_c0_v0_3,C0,E0,ideal execution,ideal,risk-parity,41,0.250768,8.41635,-0.037368,1.0,0,24.830146,0.0,2e-05,2e-05,0.000235,1.0,protocol-fixture,Idealized fill baseline for sensitivity analysis.
trellm-v0.3-protocol,synthetic_jump_tail_c0_v0_3,C0,E0,ideal execution,ideal,risk-parity,43,0.189284,6.458464,-0.036884,1.0,0,33.83117,0.0,1.4e-05,1.4e-05,0.000147,1.0,protocol-fixture,Idealized fill baseline for sensitivity analysis.
trellm-v0.3-protocol,synthetic_jump_tail_c0_v0_3,C0,E0,ideal execution,ideal,risk-parity,47,0.228339,6.859121,-0.048099,1.0,0,35.383379,0.0,1.4e-05,1.4e-05,0.000147,1.0,protocol-fixture,Idealized fill baseline for sensitivity analysis.
trellm-v0.3-protocol,synthetic_jump_tail_c0_v0_3,C0,E0,ideal execution,ideal,risk-parity,53,0.403849,11.76267,-0.030393,1.0,0,37.871944,0.0,1.4e-05,1.4e-05,0.000147,1.0,protocol-fixture,Idealized fill baseline for sensitivity analysis.
trellm-v0.3-protocol,synthetic_jump_tail_c0_v0_3,C0,E0,ideal execution,ideal,risk-parity,59,0.025247,0.947278,-0.074685,1.0,0,26.288756,0.0,1.1e-05,1.1e-05,0.000147,1.0,protocol-fixture,Idealized fill baseline for sensitivity analysis.
trellm-v0.3-protocol,synthetic_jump_tail_c0_v0_3,C0,E0,ideal execution,ideal,risk-parity,61,-0.00986,-0.02404,-0.091459,1.0,0,33.306429,0.0,1.7e-05,1.7e-05,0.000147,1.0,protocol-fixture,Idealized fill baseline for sensitivity analysis.
trellm-v0.3-protocol,synthetic_jump_tail_c0_v0_3,C0,E0,ideal execution,ideal,risk-parity,67,0.389146,10.523231,-0.014493,1.0,0,38.768274,0.0,2.2e-05,2.2e-05,0.000147,1.0,protocol-fixture,Idealized fill baseline for sensitivity analysis.
trellm-v0.3-protocol,synthetic_jump_tail_c0_v0_3,C0,E0,ideal execution,ideal,risk-parity,71,0.242254,7.644671,-0.032621,1.0,0,35.671039,0.0,1.4e-05,1.4e-05,0.000147,1.0,protocol-fixture,Idealized fill baseline for sensitivity analysis.
trellm-v0.3-protocol,synthetic_jump_tail_c0_v0_3,C0,E0,ideal execution,ideal,risk-parity,73,0.378018,12.898769,-0.036353,1.0,0,24.328577,0.0,1.6e-05,1.6e-05,0.00015,1.0,protocol-fixture,Idealized fill baseline for sensitivity analysis.
trellm-v0.3-protocol,synthetic_jump_tail_c0_v0_3,C0,E0,ideal execution,ideal,risk-parity,79,0.03325,0.912527,-0.182798,1.0,0,38.602979,0.0,2.2e-05,2.2e-05,0.000147,1.0,protocol-fixture,Idealized fill baseline for sensitivity analysis.
trellm-v0.3-protocol,synthetic_jump_tail_c0_v0_3,C0,E0,ideal execution,ideal,risk-parity,83,0.216093,9.507463,-0.024329,1.0,0,30.940058,0.0,2e-05,2e-05,0.000197,1.0,protocol-fixture,Idealized fill baseline for sensitivity analysis.
trellm-v0.3-protocol,synthetic_jump_tail_c0_v0_3,C0,E0,ideal execution,ideal,risk-parity,89,0.158837,4.429165,-0.0803,1.0,0,28.3331,0.0,1.7e-05,1.7e-05,0.000147,1.0,protocol-fixture,Idealized fill baseline for sensitivity analysis.
trellm-v0.3-protocol,synthetic_jump_tail_c0_v0_3,C0,E0,ideal execution,ideal,risk-parity,97,0.213202,7.195309,-0.064574,1.0,0,25.563382,0.0,1.7e-05,1.7e-05,0.000166,1.0,protocol-fixture,Idealized fill baseline for sensitivity analysis.
trellm-v0.3-protocol,synthetic_jump_tail_c0_v0_3,C0,E0,ideal execution,ideal,risk-parity,101,0.088259,2.605663,-0.103147,1.0,0,23.006971,0.0,1e-05,1e-05,0.000147,1.0,protocol-fixture,Idealized fill baseline for sensitivity analysis.
trellm-v0.3-protocol,synthetic_jump_tail_c0_v0_3,C0,E0,ideal execution,ideal,risk-parity,103,0.358289,10.097068,-0.031383,1.0,0,37.681264,0.0,1.8e-05,1.8e-05,0.000147,1.0,protocol-fixture,Idealized fill baseline for sensitivity analysis.
trellm-v0.3-protocol,synthetic_jump_tail_c0_v0_3,C0,E0,ideal execution,ideal,risk-parity,107,0.293951,8.491967,-0.033349,1.0,0,37.293419,0.0,2e-05,2e-05,0.000147,1.0,protocol-fixture,Idealized fill baseline for sensitivity analysis.
trellm-v0.3-protocol,synthetic_jump_tail_c0_v0_3,C0,E0,ideal execution,ideal,risk-parity,109,0.191457,5.896624,-0.029077,1.0,0,26.584801,0.0,1.5e-05,1.5e-05,0.000147,1.0,protocol-fixture,Idealized fill baseline for sensitivity analysis.
trellm-v0.3-protocol,synthetic_jump_tail_c0_v0_3,C0,E0,ideal execution,ideal,risk-parity,113,0.273744,11.181262,-0.033752,1.0,0,28.492579,0.0,3e-05,3e-05,0.000176,1.0,protocol-fixture,Idealized fill baseline for sensitivity analysis.
trellm-v0.3-protocol,synthetic_jump_tail_c0_v0_3,C0,E0,ideal execution,ideal,risk-parity,127,0.232814,6.633012,-0.04269,1.0,0,34.473329,0.0,1.3e-05,1.3e-05,0.000147,1.0,protocol-fixture,Idealized fill baseline for sensitivity analysis.
trellm-v0.3-protocol,synthetic_jump_tail_c0_v0_3,C0,E0,ideal execution,ideal,risk-parity,131,0.215843,6.106097,-0.026561,1.0,0,34.442983,0.0,1.7e-05,1.7e-05,0.000147,1.0,protocol-fixture,Idealized fill baseline for sensitivity analysis.
trellm-v0.3-protocol,synthetic_jump_tail_c0_v0_3,C0,E0,ideal execution,ideal,risk-parity,137,0.155043,4.564991,-0.057922,1.0,0,28.067064,0.0,1.9e-05,1.9e-05,0.000213,1.0,protocol-fixture,Idealized fill baseline for sensitivity analysis.
trellm-v0.3-protocol,synthetic_jump_tail_c0_v0_3,C0,E0,ideal execution,ideal,risk-parity,139,0.159288,3.719277,-0.116964,1.0,0,34.063425,0.0,1.3e-05,1.3e-05,0.000147,1.0,protocol-fixture,Idealized fill baseline for sensitivity analysis.
trellm-v0.3-protocol,synthetic_jump_tail_c0_v0_3,C0,E0,ideal execution,ideal,risk-parity,149,0.303719,7.245686,-0.048976,1.0,0,35.396084,0.0,1.5e-05,1.5e-05,0.000147,1.0,protocol-fixture,Idealized fill baseline for sensitivity analysis.
trellm-v0.3-protocol,synthetic_jump_tail_c0_v0_3,C0,E0,ideal execution,ideal,risk-parity,151,0.15126,4.197555,-0.057792,1.0,0,34.772481,0.0,1.4e-05,1.4e-05,0.000147,1.0,protocol-fixture,Idealized fill baseline for sensitivity analysis.
trellm-v0.3-protocol,synthetic_jump_tail_c0_v0_3,C0,E0,ideal execution,ideal,minimum-variance,7,0.43423,12.666565,-0.01698,1.0,0,22.656731,0.0,2.2e-05,2.2e-05,0.000147,1.0,protocol-fixture,Idealized fill baseline for sensitivity analysis.
trellm-v0.3-protocol,synthetic_jump_tail_c0_v0_3,C0,E0,ideal execution,ideal,minimum-variance,11,0.336623,11.306514,-0.023341,1.0,0,51.947428,0.0,2.2e-05,2.2e-05,0.000147,1.0,protocol-fixture,Idealized fill baseline for sensitivity analysis.
trellm-v0.3-protocol,synthetic_jump_tail_c0_v0_3,C0,E0,ideal execution,ideal,minimum-variance,17,0.223854,7.049492,-0.043449,1.0,0,46.825349,0.0,3e-05,3e-05,0.000207,1.0,protocol-fixture,Idealized fill baseline for sensitivity analysis.
trellm-v0.3-protocol,synthetic_jump_tail_c0_v0_3,C0,E0,ideal execution,ideal,minimum-variance,23,0.190025,7.678441,-0.040228,1.0,0,47.244189,0.0,1.6e-05,1.6e-05,0.000147,1.0,protocol-fixture,Idealized fill baseline for sensitivity analysis.
trellm-v0.3-protocol,synthetic_jump_tail_c0_v0_3,C0,E0,ideal execution,ideal,minimum-variance,31,0.419544,12.209791,-0.008935,1.0,0,25.002885,0.0,1e-05,1e-05,0.000147,1.0,protocol-fixture,Idealized fill baseline for sensitivity analysis.
trellm-v0.3-protocol,synthetic_jump_tail_c0_v0_3,C0,E0,ideal execution,ideal,minimum-variance,37,0.22707,6.853581,-0.037207,1.0,0,43.359585,0.0,1.7e-05,1.7e-05,0.000147,1.0,protocol-fixture,Idealized fill baseline for sensitivity analysis.
trellm-v0.3-protocol,synthetic_jump_tail_c0_v0_3,C0,E0,ideal execution,ideal,minimum-variance,41,0.246502,7.990576,-0.042646,1.0,0,22.155165,0.0,9e-06,9e-06,0.000147,1.0,protocol-fixture,Idealized fill baseline for sensitivity analysis.
trellm-v0.3-protocol,synthetic_jump_tail_c0_v0_3,C0,E0,ideal execution,ideal,minimum-variance,43,0.192277,6.188649,-0.036884,1.0,0,23.818761,0.0,1e-05,1e-05,0.000147,1.0,protocol-fixture,Idealized fill baseline for sensitivity analysis.
trellm-v0.3-protocol,synthetic_jump_tail_c0_v0_3,C0,E0,ideal execution,ideal,minimum-variance,47,0.232552,6.987285,-0.047531,1.0,0,21.582981,0.0,9e-06,9e-06,0.000147,1.0,protocol-fixture,Idealized fill baseline for sensitivity analysis.
trellm-v0.3-protocol,synthetic_jump_tail_c0_v0_3,C0,E0,ideal execution,ideal,minimum-variance,53,0.422597,12.216365,-0.030128,1.0,0,24.751443,0.0,1e-05,1e-05,0.000147,1.0,protocol-fixture,Idealized fill baseline for sensitivity analysis.
trellm-v0.3-protocol,synthetic_jump_tail_c0_v0_3,C0,E0,ideal execution,ideal,minimum-variance,59,0.030723,1.086904,-0.074685,1.0,0,35.078336,0.0,1.4e-05,1.4e-05,0.000147,1.0,protocol-fixture,Idealized fill baseline for sensitivity analysis.
trellm-v0.3-protocol,synthetic_jump_tail_c0_v0_3,C0,E0,ideal execution,ideal,minimum-variance,61,-0.037521,-0.659786,-0.091459,1.0,0,36.542845,0.0,2.9e-05,2.9e-05,0.000236,1.0,protocol-fixture,Idealized fill baseline for sensitivity analysis.
trellm-v0.3-protocol,synthetic_jump_tail_c0_v0_3,C0,E0,ideal execution,ideal,minimum-variance,67,0.411594,10.73232,-0.014753,1.0,0,36.647382,0.0,1.6e-05,1.6e-05,0.000147,1.0,protocol-fixture,Idealized fill baseline for sensitivity analysis.
trellm-v0.3-protocol,synthetic_jump_tail_c0_v0_3,C0,E0,ideal execution,ideal,minimum-variance,71,0.243804,7.933199,-0.033104,1.0,0,40.927141,0.0,1.5e-05,1.5e-05,0.000147,1.0,protocol-fixture,Idealized fill baseline for sensitivity analysis.
trellm-v0.3-protocol,synthetic_jump_tail_c0_v0_3,C0,E0,ideal execution,ideal,minimum-variance,73,0.37939,12.91221,-0.036356,1.0,0,20.767927,0.0,1.5e-05,1.5e-05,0.00015,1.0,protocol-fixture,Idealized fill baseline for sensitivity analysis.
trellm-v0.3-protocol,synthetic_jump_tail_c0_v0_3,C0,E0,ideal execution,ideal,minimum-variance,79,0.054903,1.302114,-0.177168,1.0,0,26.695542,0.0,2.4e-05,2.4e-05,0.000246,1.0,protocol-fixture,Idealized fill baseline for sensitivity analysis.
trellm-v0.3-protocol,synthetic_jump_tail_c0_v0_3,C0,E0,ideal execution,ideal,minimum-variance,83,0.214558,9.320359,-0.024329,1.0,0,35.414126,0.0,2.2e-05,2.2e-05,0.000197,1.0,protocol-fixture,Idealized fill baseline for sensitivity analysis.
trellm-v0.3-protocol,synthetic_jump_tail_c0_v0_3,C0,E0,ideal execution,ideal,minimum-variance,89,0.143121,4.012049,-0.084375,1.0,0,41.418414,0.0,1.6e-05,1.6e-05,0.000147,1.0,protocol-fixture,Idealized fill baseline for sensitivity analysis.
trellm-v0.3-protocol,synthetic_jump_tail_c0_v0_3,C0,E0,ideal execution,ideal,minimum-variance,97,0.224884,7.438269,-0.065361,1.0,0,23.633551,0.0,1.8e-05,1.8e-05,0.000166,1.0,protocol-fixture,Idealized fill baseline for sensitivity analysis.
trellm-v0.3-protocol,synthetic_jump_tail_c0_v0_3,C0,E0,ideal execution,ideal,minimum-variance,101,0.088706,2.61703,-0.102779,1.0,0,22.914159,0.0,1.2e-05,1.2e-05,0.000147,1.0,protocol-fixture,Idealized fill baseline for sensitivity analysis.
trellm-v0.3-protocol,synthetic_jump_tail_c0_v0_3,C0,E0,ideal execution,ideal,minimum-variance,103,0.355167,10.114587,-0.031383,1.0,0,36.149476,0.0,1.8e-05,1.8e-05,0.000147,1.0,protocol-fixture,Idealized fill baseline for sensitivity analysis.
trellm-v0.3-protocol,synthetic_jump_tail_c0_v0_3,C0,E0,ideal execution,ideal,minimum-variance,107,0.311034,8.734803,-0.032939,1.0,0,41.357426,0.0,2.1e-05,2.1e-05,0.000147,1.0,protocol-fixture,Idealized fill baseline for sensitivity analysis.
trellm-v0.3-protocol,synthetic_jump_tail_c0_v0_3,C0,E0,ideal execution,ideal,minimum-variance,109,0.189452,5.810311,-0.029077,1.0,0,23.128936,0.0,1.4e-05,1.4e-05,0.000147,1.0,protocol-fixture,Idealized fill baseline for sensitivity analysis.
trellm-v0.3-protocol,synthetic_jump_tail_c0_v0_3,C0,E0,ideal execution,ideal,minimum-variance,113,0.277468,11.298813,-0.033742,1.0,0,35.439915,0.0,3.2e-05,3.2e-05,0.000178,1.0,protocol-fixture,Idealized fill baseline for sensitivity analysis.
trellm-v0.3-protocol,synthetic_jump_tail_c0_v0_3,C0,E0,ideal execution,ideal,minimum-variance,127,0.231978,6.579106,-0.04269,1.0,0,38.740845,0.0,1.4e-05,1.4e-05,0.000147,1.0,protocol-fixture,Idealized fill baseline for sensitivity analysis.
trellm-v0.3-protocol,synthetic_jump_tail_c0_v0_3,C0,E0,ideal execution,ideal,minimum-variance,131,0.214178,6.088999,-0.02941,1.0,0,51.695368,0.0,1.9e-05,1.9e-05,0.000147,1.0,protocol-fixture,Idealized fill baseline for sensitivity analysis.
trellm-v0.3-protocol,synthetic_jump_tail_c0_v0_3,C0,E0,ideal execution,ideal,minimum-variance,137,0.159149,4.752975,-0.053671,1.0,0,33.354212,0.0,2.1e-05,2.1e-05,0.000229,1.0,protocol-fixture,Idealized fill baseline for sensitivity analysis.
trellm-v0.3-protocol,synthetic_jump_tail_c0_v0_3,C0,E0,ideal execution,ideal,minimum-variance,139,0.158353,3.711639,-0.108605,1.0,0,41.783937,0.0,1.9e-05,1.9e-05,0.000147,1.0,protocol-fixture,Idealized fill baseline for sensitivity analysis.
trellm-v0.3-protocol,synthetic_jump_tail_c0_v0_3,C0,E0,ideal execution,ideal,minimum-variance,149,0.300488,7.415833,-0.04779,1.0,0,50.783269,0.0,2.6e-05,2.6e-05,0.000201,1.0,protocol-fixture,Idealized fill baseline for sensitivity analysis.
trellm-v0.3-protocol,synthetic_jump_tail_c0_v0_3,C0,E0,ideal execution,ideal,minimum-variance,151,0.111234,3.257192,-0.05779,1.0,0,44.467949,0.0,2.6e-05,2.6e-05,0.000195,1.0,protocol-fixture,Idealized fill baseline for sensitivity analysis.
trellm-v0.3-protocol,synthetic_jump_tail_c0_v0_3,C0,E0,ideal execution,ideal,random,7,0.342071,10.730091,-0.013453,1.0,0,169.427041,0.0,3.8e-05,3.8e-05,0.000147,1.0,protocol-fixture,Idealized fill baseline for sensitivity analysis.
trellm-v0.3-protocol,synthetic_jump_tail_c0_v0_3,C0,E0,ideal execution,ideal,random,11,0.165113,8.060236,-0.023341,1.0,0,184.212394,0.0,4.2e-05,4.2e-05,0.000147,1.0,protocol-fixture,Idealized fill baseline for sensitivity analysis.
trellm-v0.3-protocol,synthetic_jump_tail_c0_v0_3,C0,E0,ideal execution,ideal,random,17,0.136151,5.250217,-0.035335,1.0,0,180.880836,0.0,4.7e-05,4.7e-05,0.000147,1.0,protocol-fixture,Idealized fill baseline for sensitivity analysis.
trellm-v0.3-protocol,synthetic_jump_tail_c0_v0_3,C0,E0,ideal execution,ideal,random,23,0.053165,2.341378,-0.050244,1.0,0,164.019185,0.0,4.2e-05,4.2e-05,0.000147,1.0,protocol-fixture,Idealized fill baseline for sensitivity analysis.
trellm-v0.3-protocol,synthetic_jump_tail_c0_v0_3,C0,E0,ideal execution,ideal,random,31,0.24423,12.540551,-0.000675,1.0,0,111.353396,0.0,2.9e-05,2.9e-05,0.000147,1.0,protocol-fixture,Idealized fill baseline for sensitivity analysis.
trellm-v0.3-protocol,synthetic_jump_tail_c0_v0_3,C0,E0,ideal execution,ideal,random,37,0.169097,5.950277,-0.032481,1.0,0,156.883606,0.0,3.7e-05,3.7e-05,0.000147,1.0,protocol-fixture,Idealized fill baseline for sensitivity analysis.
trellm-v0.3-protocol,synthetic_jump_tail_c0_v0_3,C0,E0,ideal execution,ideal,random,41,0.155119,5.698785,-0.041996,1.0,0,196.043749,0.0,4.4e-05,4.4e-05,0.000147,1.0,protocol-fixture,Idealized fill baseline for sensitivity analysis.
trellm-v0.3-protocol,synthetic_jump_tail_c0_v0_3,C0,E0,ideal execution,ideal,random,43,0.16253,6.574184,-0.018731,1.0,0,133.459257,0.0,3.8e-05,3.8e-05,0.000147,1.0,protocol-fixture,Idealized fill baseline for sensitivity analysis.
trellm-v0.3-protocol,synthetic_jump_tail_c0_v0_3,C0,E0,ideal execution,ideal,random,47,0.197305,6.317782,-0.045061,1.0,0,100.582133,0.0,3e-05,3e-05,0.000147,1.0,protocol-fixture,Idealized fill baseline for sensitivity analysis.
trellm-v0.3-protocol,synthetic_jump_tail_c0_v0_3,C0,E0,ideal execution,ideal,random,53,0.279093,8.534607,-0.029566,1.0,0,127.194305,0.0,3.9e-05,3.9e-05,0.000213,1.0,protocol-fixture,Idealized fill baseline for sensitivity analysis.
trellm-v0.3-protocol,synthetic_jump_tail_c0_v0_3,C0,E0,ideal execution,ideal,random,59,-0.007636,-0.085503,-0.093874,1.0,0,170.388972,0.0,4.6e-05,4.6e-05,0.000147,1.0,protocol-fixture,Idealized fill baseline for sensitivity analysis.
trellm-v0.3-protocol,synthetic_jump_tail_c0_v0_3,C0,E0,ideal execution,ideal,random,61,-0.096743,-2.971982,-0.10475,1.0,0,157.328843,0.0,4.3e-05,4.3e-05,0.000147,1.0,protocol-fixture,Idealized fill baseline for sensitivity analysis.
trellm-v0.3-protocol,synthetic_jump_tail_c0_v0_3,C0,E0,ideal execution,ideal,random,67,0.265941,8.381114,-0.009152,1.0,0,222.623953,0.0,4.3e-05,4.3e-05,0.000147,1.0,protocol-fixture,Idealized fill baseline for sensitivity analysis.
trellm-v0.3-protocol,synthetic_jump_tail_c0_v0_3,C0,E0,ideal execution,ideal,random,71,0.220466,7.825332,-0.01021,1.0,0,176.934106,0.0,4e-05,4e-05,0.000147,1.0,protocol-fixture,Idealized fill baseline for sensitivity analysis.
trellm-v0.3-protocol,synthetic_jump_tail_c0_v0_3,C0,E0,ideal execution,ideal,random,73,0.283518,12.647695,-0.009006,1.0,0,179.189233,0.0,4.2e-05,4.2e-05,0.000147,1.0,protocol-fixture,Idealized fill baseline for sensitivity analysis.
trellm-v0.3-protocol,synthetic_jump_tail_c0_v0_3,C0,E0,ideal execution,ideal,random,79,0.004371,0.357627,-0.16175,1.0,0,129.441445,0.0,3.4e-05,3.4e-05,0.000147,1.0,protocol-fixture,Idealized fill baseline for sensitivity analysis.
trellm-v0.3-protocol,synthetic_jump_tail_c0_v0_3,C0,E0,ideal execution,ideal,random,83,0.107011,5.530314,-0.022146,1.0,0,187.533762,0.0,4e-05,4e-05,0.000147,1.0,protocol-fixture,Idealized fill baseline for sensitivity analysis.
trellm-v0.3-protocol,synthetic_jump_tail_c0_v0_3,C0,E0,ideal execution,ideal,random,89,0.081722,3.090639,-0.076295,1.0,0,161.165814,0.0,3.6e-05,3.6e-05,0.000147,1.0,protocol-fixture,Idealized fill baseline for sensitivity analysis.
trellm-v0.3-protocol,synthetic_jump_tail_c0_v0_3,C0,E0,ideal execution,ideal,random,97,0.219013,16.055682,-0.002443,1.0,0,207.229328,0.0,4.7e-05,4.7e-05,0.000147,1.0,protocol-fixture,Idealized fill baseline for sensitivity analysis.
trellm-v0.3-protocol,synthetic_jump_tail_c0_v0_3,C0,E0,ideal execution,ideal,random,101,-0.038552,-1.664737,-0.098611,1.0,0,135.035812,0.0,3.3e-05,3.3e-05,0.000147,1.0,protocol-fixture,Idealized fill baseline for sensitivity analysis.
trellm-v0.3-protocol,synthetic_jump_tail_c0_v0_3,C0,E0,ideal execution,ideal,random,103,0.234917,9.378853,-0.018986,1.0,0,96.194175,0.0,3e-05,3e-05,0.000147,1.0,protocol-fixture,Idealized fill baseline for sensitivity analysis.
trellm-v0.3-protocol,synthetic_jump_tail_c0_v0_3,C0,E0,ideal execution,ideal,random,107,0.267157,7.491339,-0.032942,1.0,0,100.014143,0.0,3.1e-05,3.1e-05,0.000147,1.0,protocol-fixture,Idealized fill baseline for sensitivity analysis.
trellm-v0.3-protocol,synthetic_jump_tail_c0_v0_3,C0,E0,ideal execution,ideal,random,109,0.150632,4.998555,-0.036215,1.0,0,146.58942,0.0,3.7e-05,3.7e-05,0.000147,1.0,protocol-fixture,Idealized fill baseline for sensitivity analysis.
trellm-v0.3-protocol,synthetic_jump_tail_c0_v0_3,C0,E0,ideal execution,ideal,random,113,0.251508,12.713514,-0.022807,1.0,0,129.74743,0.0,3.1e-05,3.1e-05,8e-05,1.0,protocol-fixture,Idealized fill baseline for sensitivity analysis.
trellm-v0.3-protocol,synthetic_jump_tail_c0_v0_3,C0,E0,ideal execution,ideal,random,127,0.149297,5.332041,-0.048114,1.0,0,155.866824,0.0,3.6e-05,3.6e-05,0.000147,1.0,protocol-fixture,Idealized fill baseline for sensitivity analysis.
trellm-v0.3-protocol,synthetic_jump_tail_c0_v0_3,C0,E0,ideal execution,ideal,random,131,0.107953,3.640418,-0.032188,1.0,0,177.399094,0.0,4.2e-05,4.2e-05,0.000147,1.0,protocol-fixture,Idealized fill baseline for sensitivity analysis.
trellm-v0.3-protocol,synthetic_jump_tail_c0_v0_3,C0,E0,ideal execution,ideal,random,137,-0.002552,-0.057602,-0.055888,1.0,0,103.311777,0.0,3.7e-05,3.7e-05,0.000205,1.0,protocol-fixture,Idealized fill baseline for sensitivity analysis.
trellm-v0.3-protocol,synthetic_jump_tail_c0_v0_3,C0,E0,ideal execution,ideal,random,139,0.062188,1.978407,-0.083416,1.0,0,147.802296,0.0,3.6e-05,3.6e-05,0.000147,1.0,protocol-fixture,Idealized fill baseline for sensitivity analysis.
trellm-v0.3-protocol,synthetic_jump_tail_c0_v0_3,C0,E0,ideal execution,ideal,random,149,0.169693,6.502049,-0.041368,1.0,0,209.424603,0.0,5e-05,5e-05,0.000147,1.0,protocol-fixture,Idealized fill baseline for sensitivity analysis.
trellm-v0.3-protocol,synthetic_jump_tail_c0_v0_3,C0,E0,ideal execution,ideal,random,151,0.174771,5.556637,-0.036369,1.0,0,172.556423,0.0,4.2e-05,4.2e-05,0.000147,1.0,protocol-fixture,Idealized fill baseline for sensitivity analysis.
trellm-v0.3-protocol,synthetic_jump_tail_c0_v0_3,C0,E1,paper stress execution,realistic,buy-and-hold,7,0.334206,10.550427,-0.020568,0.9375,1,2088.521088,0.3,0.22166,0.400524,1.0,1.0,protocol-fixture,Default paper-execution stress assumptions used for comparable leaderboard rows.
trellm-v0.3-protocol,synthetic_jump_tail_c0_v0_3,C0,E1,paper stress execution,realistic,buy-and-hold,11,0.338906,11.764308,-0.009418,0.895833,3,2170.225948,0.3,0.233434,0.394188,1.0,1.0,protocol-fixture,Default paper-execution stress assumptions used for comparable leaderboard rows.
trellm-v0.3-protocol,synthetic_jump_tail_c0_v0_3,C0,E1,paper stress execution,realistic,buy-and-hold,17,0.309508,8.034425,-0.045772,0.875,4,2635.90326,0.3,0.221808,0.409562,1.0,1.0,protocol-fixture,Default paper-execution stress assumptions used for comparable leaderboard rows.
trellm-v0.3-protocol,synthetic_jump_tail_c0_v0_3,C0,E1,paper stress execution,realistic,buy-and-hold,23,0.163473,4.685257,-0.057965,0.9375,1,1874.663218,0.3,0.246509,0.411159,1.0,1.0,protocol-fixture,Default paper-execution stress assumptions used for comparable leaderboard rows.
trellm-v0.3-protocol,synthetic_jump_tail_c0_v0_3,C0,E1,paper stress execution,realistic,buy-and-hold,31,0.380512,11.140553,-0.009633,0.9375,1,2203.746956,0.3,0.216747,0.386467,1.0,1.0,protocol-fixture,Default paper-execution stress assumptions used for comparable leaderboard rows.
trellm-v0.3-protocol,synthetic_jump_tail_c0_v0_3,C0,E1,paper stress execution,realistic,buy-and-hold,37,0.209583,5.433371,-0.093558,0.913043,2,1860.545852,0.3,0.218408,0.402905,1.0,1.0,protocol-fixture,Default paper-execution stress assumptions used for comparable leaderboard rows.
trellm-v0.3-protocol,synthetic_jump_tail_c0_v0_3,C0,E1,paper stress execution,realistic,buy-and-hold,41,0.174033,6.449065,-0.054231,0.9375,1,2266.398056,0.3,0.25069,0.408378,1.0,1.0,protocol-fixture,Default paper-execution stress assumptions used for comparable leaderboard rows.
trellm-v0.3-protocol,synthetic_jump_tail_c0_v0_3,C0,E1,paper stress execution,realistic,buy-and-hold,43,0.11694,3.491446,-0.045577,0.916667,2,2984.528714,0.3,0.261594,0.412081,1.0,1.0,protocol-fixture,Default paper-execution stress assumptions used for comparable leaderboard rows.
trellm-v0.3-protocol,synthetic_jump_tail_c0_v0_3,C0,E1,paper stress execution,realistic,buy-and-hold,47,0.12566,3.723153,-0.077379,0.9375,1,2305.529485,0.3,0.24446,0.414324,1.0,1.0,protocol-fixture,Default paper-execution stress assumptions used for comparable leaderboard rows.
trellm-v0.3-protocol,synthetic_jump_tail_c0_v0_3,C0,E1,paper stress execution,realistic,buy-and-hold,53,0.39936,9.214165,-0.03206,0.9375,1,2438.679814,0.3,0.234313,0.399807,1.0,1.0,protocol-fixture,Default paper-execution stress assumptions used for comparable leaderboard rows.
trellm-v0.3-protocol,synthetic_jump_tail_c0_v0_3,C0,E1,paper stress execution,realistic,buy-and-hold,59,0.035725,1.274411,-0.090481,0.916667,2,2526.601516,0.3,0.216118,0.387328,1.0,1.0,protocol-fixture,Default paper-execution stress assumptions used for comparable leaderboard rows.
trellm-v0.3-protocol,synthetic_jump_tail_c0_v0_3,C0,E1,paper stress execution,realistic,buy-and-hold,61,-0.003649,0.142391,-0.117416,0.914894,2,2430.189933,0.3,0.253979,0.40161,1.0,1.0,protocol-fixture,Default paper-execution stress assumptions used for comparable leaderboard rows.
trellm-v0.3-protocol,synthetic_jump_tail_c0_v0_3,C0,E1,paper stress execution,realistic,buy-and-hold,67,0.433368,10.710904,-0.014118,0.914894,2,2073.877526,0.3,0.221201,0.365525,1.0,1.0,protocol-fixture,Default paper-execution stress assumptions used for comparable leaderboard rows.
trellm-v0.3-protocol,synthetic_jump_tail_c0_v0_3,C0,E1,paper stress execution,realistic,buy-and-hold,71,0.178091,8.276951,-0.032869,0.916667,2,1605.964506,0.3,0.22247,0.408199,1.0,1.0,protocol-fixture,Default paper-execution stress assumptions used for comparable leaderboard rows.
trellm-v0.3-protocol,synthetic_jump_tail_c0_v0_3,C0,E1,paper stress execution,realistic,buy-and-hold,73,0.390511,9.162483,-0.064392,0.958333,0,2560.938112,0.3,0.243588,0.412593,1.0,1.0,protocol-fixture,Default paper-execution stress assumptions used for comparable leaderboard rows.
trellm-v0.3-protocol,synthetic_jump_tail_c0_v0_3,C0,E1,paper stress execution,realistic,buy-and-hold,79,0.214139,8.109446,-0.033173,0.958333,0,2123.341054,0.3,0.249688,0.406872,1.0,1.0,protocol-fixture,Default paper-execution stress assumptions used for comparable leaderboard rows.
trellm-v0.3-protocol,synthetic_jump_tail_c0_v0_3,C0,E1,paper stress execution,realistic,buy-and-hold,83,0.215648,8.187889,-0.041688,0.875,4,2472.042121,0.3,0.254024,0.422334,1.0,1.0,protocol-fixture,Default paper-execution stress assumptions used for comparable leaderboard rows.
trellm-v0.3-protocol,synthetic_jump_tail_c0_v0_3,C0,E1,paper stress execution,realistic,buy-and-hold,89,0.122827,3.352676,-0.096559,0.916667,2,2620.415963,0.3,0.229361,0.414023,1.0,1.0,protocol-fixture,Default paper-execution stress assumptions used for comparable leaderboard rows.
trellm-v0.3-protocol,synthetic_jump_tail_c0_v0_3,C0,E1,paper stress execution,realistic,buy-and-hold,97,0.183186,5.747469,-0.07503,0.9375,1,1796.116816,0.3,0.215234,0.384769,1.0,1.0,protocol-fixture,Default paper-execution stress assumptions used for comparable leaderboard rows.
trellm-v0.3-protocol,synthetic_jump_tail_c0_v0_3,C0,E1,paper stress execution,realistic,buy-and-hold,101,0.105467,3.047907,-0.089408,0.916667,2,2563.359343,0.3,0.259752,0.392809,1.0,1.0,protocol-fixture,Default paper-execution stress assumptions used for comparable leaderboard rows.
trellm-v0.3-protocol,synthetic_jump_tail_c0_v0_3,C0,E1,paper stress execution,realistic,buy-and-hold,103,0.35944,10.583914,-0.021236,0.916667,2,1947.158312,0.3,0.220164,0.402486,1.0,1.0,protocol-fixture,Default paper-execution stress assumptions used for comparable leaderboard rows.
trellm-v0.3-protocol,synthetic_jump_tail_c0_v0_3,C0,E1,paper stress execution,realistic,buy-and-hold,107,0.341234,7.628859,-0.044514,0.916667,2,2601.849688,0.3,0.219758,0.399955,1.0,1.0,protocol-fixture,Default paper-execution stress assumptions used for comparable leaderboard rows.
trellm-v0.3-protocol,synthetic_jump_tail_c0_v0_3,C0,E1,paper stress execution,realistic,buy-and-hold,109,0.191456,5.480795,-0.035622,0.916667,2,1929.798442,0.3,0.237832,0.406632,1.0,1.0,protocol-fixture,Default paper-execution stress assumptions used for comparable leaderboard rows.
trellm-v0.3-protocol,synthetic_jump_tail_c0_v0_3,C0,E1,paper stress execution,realistic,buy-and-hold,113,0.312955,19.989087,-0.002592,0.916667,2,1693.206414,0.3,0.220637,0.405972,1.0,1.0,protocol-fixture,Default paper-execution stress assumptions used for comparable leaderboard rows.
trellm-v0.3-protocol,synthetic_jump_tail_c0_v0_3,C0,E1,paper stress execution,realistic,buy-and-hold,127,0.243804,7.333723,-0.048931,0.9375,1,3288.461021,0.3,0.266943,0.419609,1.0,1.0,protocol-fixture,Default paper-execution stress assumptions used for comparable leaderboard rows.
trellm-v0.3-protocol,synthetic_jump_tail_c0_v0_3,C0,E1,paper stress execution,realistic,buy-and-hold,131,0.192749,5.925262,-0.029891,0.9375,1,2559.952746,0.3,0.230247,0.410294,1.0,1.0,protocol-fixture,Default paper-execution stress assumptions used for comparable leaderboard rows.
trellm-v0.3-protocol,synthetic_jump_tail_c0_v0_3,C0,E1,paper stress execution,realistic,buy-and-hold,137,0.065352,1.703154,-0.084243,0.93617,1,1942.884974,0.3,0.219974,0.376563,1.0,1.0,protocol-fixture,Default paper-execution stress assumptions used for comparable leaderboard rows.
trellm-v0.3-protocol,synthetic_jump_tail_c0_v0_3,C0,E1,paper stress execution,realistic,buy-and-hold,139,0.145146,3.24448,-0.109828,0.9375,1,2621.055033,0.3,0.219992,0.364819,1.0,1.0,protocol-fixture,Default paper-execution stress assumptions used for comparable leaderboard rows.
trellm-v0.3-protocol,synthetic_jump_tail_c0_v0_3,C0,E1,paper stress execution,realistic,buy-and-hold,149,0.350767,6.599703,-0.039852,0.9375,1,2803.009194,0.3,0.279315,0.412925,1.0,1.0,protocol-fixture,Default paper-execution stress assumptions used for comparable leaderboard rows.
trellm-v0.3-protocol,synthetic_jump_tail_c0_v0_3,C0,E1,paper stress execution,realistic,buy-and-hold,151,0.215572,5.188614,-0.061309,0.916667,2,1933.873906,0.3,0.230041,0.401307,1.0,1.0,protocol-fixture,Default paper-execution stress assumptions used for comparable leaderboard rows.
trellm-v0.3-protocol,synthetic_jump_tail_c0_v0_3,C0,E1,paper stress execution,realistic,signal-weighted,7,0.248714,8.766849,-0.01899,0.918919,1,1860.810602,0.367945,0.191012,0.467472,1.057061,1.0,protocol-fixture,Default paper-execution stress assumptions used for comparable leaderboard rows.
trellm-v0.3-protocol,synthetic_jump_tail_c0_v0_3,C0,E1,paper stress execution,realistic,signal-weighted,11,0.203241,11.048822,-0.004069,0.941176,0,1061.894124,0.391807,0.138413,0.420487,1.029444,1.0,protocol-fixture,Default paper-execution stress assumptions used for comparable leaderboard rows.
trellm-v0.3-protocol,synthetic_jump_tail_c0_v0_3,C0,E1,paper stress execution,realistic,signal-weighted,17,0.180479,11.048934,-0.011384,0.918919,1,1754.107515,0.254144,0.214168,0.407488,1.296109,1.0,protocol-fixture,Default paper-execution stress assumptions used for comparable leaderboard rows.
trellm-v0.3-protocol,synthetic_jump_tail_c0_v0_3,C0,E1,paper stress execution,realistic,signal-weighted,23,0.149199,5.41138,-0.05165,0.9,2,2281.416739,0.262075,0.292808,0.466781,1.059443,1.0,protocol-fixture,Default paper-execution stress assumptions used for comparable leaderboard rows.
trellm-v0.3-protocol,synthetic_jump_tail_c0_v0_3,C0,E1,paper stress execution,realistic,signal-weighted,31,0.251971,6.310183,-0.010794,0.941176,0,2250.230796,0.427263,0.200863,0.44873,0.937823,1.0,protocol-fixture,Default paper-execution stress assumptions used for comparable leaderboard rows.
trellm-v0.3-protocol,synthetic_jump_tail_c0_v0_3,C0,E1,paper stress execution,realistic,signal-weighted,37,0.144904,6.538534,-0.019118,0.941176,0,1780.375061,0.251355,0.139931,0.326474,1.039705,1.0,protocol-fixture,Default paper-execution stress assumptions used for comparable leaderboard rows.
trellm-v0.3-protocol,synthetic_jump_tail_c0_v0_3,C0,E1,paper stress execution,realistic,signal-weighted,41,0.082059,2.455737,-0.044369,0.875,3,2504.226334,0.336841,0.286703,0.439066,1.116396,1.0,protocol-fixture,Default paper-execution stress assumptions used for comparable leaderboard rows.
trellm-v0.3-protocol,synthetic_jump_tail_c0_v0_3,C0,E1,paper stress execution,realistic,signal-weighted,43,0.108317,4.032519,-0.049307,0.918919,1,2048.804873,0.204031,0.278466,0.363484,1.03799,1.0,protocol-fixture,Default paper-execution stress assumptions used for comparable leaderboard rows.
trellm-v0.3-protocol,synthetic_jump_tail_c0_v0_3,C0,E1,paper stress execution,realistic,signal-weighted,47,0.077946,4.116692,-0.032914,0.918919,1,1955.148642,0.372638,0.190107,0.456773,1.092641,1.0,protocol-fixture,Default paper-execution stress assumptions used for comparable leaderboard rows.
trellm-v0.3-protocol,synthetic_jump_tail_c0_v0_3,C0,E1,paper stress execution,realistic,signal-weighted,53,0.233017,10.310896,-0.008019,0.918919,1,1790.249002,0.401671,0.175874,0.476428,1.194308,1.0,protocol-fixture,Default paper-execution stress assumptions used for comparable leaderboard rows.
trellm-v0.3-protocol,synthetic_jump_tail_c0_v0_3,C0,E1,paper stress execution,realistic,signal-weighted,59,-0.044386,-0.945087,-0.136295,0.941176,0,1760.645969,0.216238,0.200182,0.317291,0.867038,1.0,protocol-fixture,Default paper-execution stress assumptions used for comparable leaderboard rows.
trellm-v0.3-protocol,synthetic_jump_tail_c0_v0_3,C0,E1,paper stress execution,realistic,signal-weighted,61,-0.045538,-1.164515,-0.109889,0.913043,1,1717.897037,0.177469,0.126491,0.188915,0.799327,1.0,protocol-fixture,Default paper-execution stress assumptions used for comparable leaderboard rows.
trellm-v0.3-protocol,synthetic_jump_tail_c0_v0_3,C0,E1,paper stress execution,realistic,signal-weighted,67,0.186392,5.63099,-0.015538,0.9,2,2739.996815,0.405476,0.252686,0.561906,1.197271,1.0,protocol-fixture,Default paper-execution stress assumptions used for comparable leaderboard rows.
trellm-v0.3-protocol,synthetic_jump_tail_c0_v0_3,C0,E1,paper stress execution,realistic,signal-weighted,71,0.11437,9.039542,-0.007093,0.941176,0,1258.18495,0.242897,0.186608,0.299425,0.788048,1.0,protocol-fixture,Default paper-execution stress assumptions used for comparable leaderboard rows.
trellm-v0.3-protocol,synthetic_jump_tail_c0_v0_3,C0,E1,paper stress execution,realistic,signal-weighted,73,0.202636,9.188625,-0.037417,0.9,2,1897.953167,0.491433,0.21573,0.602229,1.193799,1.0,protocol-fixture,Default paper-execution stress assumptions used for comparable leaderboard rows.
trellm-v0.3-protocol,synthetic_jump_tail_c0_v0_3,C0,E1,paper stress execution,realistic,signal-weighted,79,0.073543,6.100932,-0.014547,0.870968,2,1660.220807,0.249285,0.208061,0.291362,0.979379,1.0,protocol-fixture,Default paper-execution stress assumptions used for comparable leaderboard rows.
trellm-v0.3-protocol,synthetic_jump_tail_c0_v0_3,C0,E1,paper stress execution,realistic,signal-weighted,83,0.111109,8.348954,-0.015525,0.916667,1,1633.820638,0.295852,0.18981,0.389019,0.998831,1.0,protocol-fixture,Default paper-execution stress assumptions used for comparable leaderboard rows.
trellm-v0.3-protocol,synthetic_jump_tail_c0_v0_3,C0,E1,paper stress execution,realistic,signal-weighted,89,0.030941,1.825736,-0.033095,0.909091,1,922.121873,0.228166,0.15577,0.312271,0.84398,1.0,protocol-fixture,Default paper-execution stress assumptions used for comparable leaderboard rows.
trellm-v0.3-protocol,synthetic_jump_tail_c0_v0_3,C0,E1,paper stress execution,realistic,signal-weighted,97,0.037455,1.317255,-0.090862,0.941176,0,1152.457173,0.310445,0.137876,0.346889,1.196982,1.0,protocol-fixture,Default paper-execution stress assumptions used for comparable leaderboard rows.
trellm-v0.3-protocol,synthetic_jump_tail_c0_v0_3,C0,E1,paper stress execution,realistic,signal-weighted,101,0.030363,1.471857,-0.064767,0.866667,2,2202.518127,0.200234,0.218168,0.302806,0.815274,1.0,protocol-fixture,Default paper-execution stress assumptions used for comparable leaderboard rows.
trellm-v0.3-protocol,synthetic_jump_tail_c0_v0_3,C0,E1,paper stress execution,realistic,signal-weighted,103,0.156956,5.316344,-0.057693,0.941176,0,1613.727671,0.476731,0.132733,0.503082,1.315038,1.0,protocol-fixture,Default paper-execution stress assumptions used for comparable leaderboard rows.
trellm-v0.3-protocol,synthetic_jump_tail_c0_v0_3,C0,E1,paper stress execution,realistic,signal-weighted,107,0.087712,3.314187,-0.040713,0.888889,2,2112.980585,0.395725,0.20534,0.495732,1.329416,1.0,protocol-fixture,Default paper-execution stress assumptions used for comparable leaderboard rows.
trellm-v0.3-protocol,synthetic_jump_tail_c0_v0_3,C0,E1,paper stress execution,realistic,signal-weighted,109,0.06135,3.339587,-0.02238,0.871795,3,1628.291707,0.262922,0.208768,0.4141,1.095633,1.0,protocol-fixture,Default paper-execution stress assumptions used for comparable leaderboard rows.
trellm-v0.3-protocol,synthetic_jump_tail_c0_v0_3,C0,E1,paper stress execution,realistic,signal-weighted,113,0.110524,4.745641,-0.038395,0.941176,0,1240.918428,0.315379,0.130428,0.403397,1.155381,1.0,protocol-fixture,Default paper-execution stress assumptions used for comparable leaderboard rows.
trellm-v0.3-protocol,synthetic_jump_tail_c0_v0_3,C0,E1,paper stress execution,realistic,signal-weighted,127,-0.026309,-0.86653,-0.105355,0.911765,2,2035.660289,0.219174,0.227827,0.377635,1.32689,1.0,protocol-fixture,Default paper-execution stress assumptions used for comparable leaderboard rows.
trellm-v0.3-protocol,synthetic_jump_tail_c0_v0_3,C0,E1,paper stress execution,realistic,signal-weighted,131,0.014067,0.698807,-0.059582,0.888889,2,1841.993951,0.239184,0.253859,0.380479,1.148648,1.0,protocol-fixture,Default paper-execution stress assumptions used for comparable leaderboard rows.
trellm-v0.3-protocol,synthetic_jump_tail_c0_v0_3,C0,E1,paper stress execution,realistic,signal-weighted,137,0.056102,4.247937,-0.024419,0.857143,3,1406.273323,0.251067,0.223193,0.369317,1.051195,1.0,protocol-fixture,Default paper-execution stress assumptions used for comparable leaderboard rows.
trellm-v0.3-protocol,synthetic_jump_tail_c0_v0_3,C0,E1,paper stress execution,realistic,signal-weighted,139,0.050278,2.220231,-0.047129,0.857143,3,1827.734678,0.285433,0.210036,0.416627,1.226557,1.0,protocol-fixture,Default paper-execution stress assumptions used for comparable leaderboard rows.
trellm-v0.3-protocol,synthetic_jump_tail_c0_v0_3,C0,E1,paper stress execution,realistic,signal-weighted,149,0.132661,4.844009,-0.023608,0.870968,2,1885.191428,0.291396,0.153444,0.324916,0.892299,1.0,protocol-fixture,Default paper-execution stress assumptions used for comparable leaderboard rows.
trellm-v0.3-protocol,synthetic_jump_tail_c0_v0_3,C0,E1,paper stress execution,realistic,signal-weighted,151,0.194296,6.21894,-0.034683,0.9,2,2676.24219,0.167005,0.248774,0.375213,1.103893,1.0,protocol-fixture,Default paper-execution stress assumptions used for comparable leaderboard rows.
trellm-v0.3-protocol,synthetic_jump_tail_c0_v0_3,C0,E1,paper stress execution,realistic,naive-momentum,7,0.326414,7.923123,-0.023645,0.911111,2,2873.620188,0.0,0.247824,0.247824,0.510668,1.0,protocol-fixture,Default paper-execution stress assumptions used for comparable leaderboard rows.
trellm-v0.3-protocol,synthetic_jump_tail_c0_v0_3,C0,E1,paper stress execution,realistic,naive-momentum,11,0.146252,8.287991,-0.02347,0.894737,2,2219.702809,0.0,0.289632,0.289632,0.636493,1.0,protocol-fixture,Default paper-execution stress assumptions used for comparable leaderboard rows.
trellm-v0.3-protocol,synthetic_jump_tail_c0_v0_3,C0,E1,paper stress execution,realistic,naive-momentum,17,0.194449,6.536683,-0.027142,0.853659,4,2768.349344,0.0,0.316856,0.316856,0.936799,1.0,protocol-fixture,Default paper-execution stress assumptions used for comparable leaderboard rows.
trellm-v0.3-protocol,synthetic_jump_tail_c0_v0_3,C0,E1,paper stress execution,realistic,naive-momentum,23,0.138801,5.419374,-0.047334,0.883721,3,2080.224846,0.0,0.233237,0.233237,0.698943,1.0,protocol-fixture,Default paper-execution stress assumptions used for comparable leaderboard rows.
trellm-v0.3-protocol,synthetic_jump_tail_c0_v0_3,C0,E1,paper stress execution,realistic,naive-momentum,31,0.149571,8.183374,-0.037306,0.860465,4,3107.929026,0.0,0.303155,0.303155,0.671785,1.0,protocol-fixture,Default paper-execution stress assumptions used for comparable leaderboard rows.
trellm-v0.3-protocol,synthetic_jump_tail_c0_v0_3,C0,E1,paper stress execution,realistic,naive-momentum,37,0.083327,2.134787,-0.087314,0.861111,3,3361.894957,0.0,0.316396,0.316396,0.712087,1.0,protocol-fixture,Default paper-execution stress assumptions used for comparable leaderboard rows.
trellm-v0.3-protocol,synthetic_jump_tail_c0_v0_3,C0,E1,paper stress execution,realistic,naive-momentum,41,0.12047,3.721171,-0.044472,0.883721,3,2562.567946,0.0,0.278126,0.278126,0.572494,1.0,protocol-fixture,Default paper-execution stress assumptions used for comparable leaderboard rows.
trellm-v0.3-protocol,synthetic_jump_tail_c0_v0_3,C0,E1,paper stress execution,realistic,naive-momentum,43,0.076637,3.794215,-0.03711,0.763158,7,3190.190863,0.0,0.397566,0.397566,0.966751,1.0,protocol-fixture,Default paper-execution stress assumptions used for comparable leaderboard rows.
trellm-v0.3-protocol,synthetic_jump_tail_c0_v0_3,C0,E1,paper stress execution,realistic,naive-momentum,47,0.110808,3.619892,-0.058403,0.897436,2,2596.794309,0.0,0.319382,0.319382,0.7,1.0,protocol-fixture,Default paper-execution stress assumptions used for comparable leaderboard rows.
trellm-v0.3-protocol,synthetic_jump_tail_c0_v0_3,C0,E1,paper stress execution,realistic,naive-momentum,53,0.387999,8.769249,-0.003651,0.911111,2,3136.081772,0.0,0.35352,0.35352,0.622588,1.0,protocol-fixture,Default paper-execution stress assumptions used for comparable leaderboard rows.
trellm-v0.3-protocol,synthetic_jump_tail_c0_v0_3,C0,E1,paper stress execution,realistic,naive-momentum,59,-0.046076,-1.605885,-0.109229,0.861111,4,2622.881138,0.0,0.264696,0.264696,0.624901,1.0,protocol-fixture,Default paper-execution stress assumptions used for comparable leaderboard rows.
trellm-v0.3-protocol,synthetic_jump_tail_c0_v0_3,C0,E1,paper stress execution,realistic,naive-momentum,61,0.092671,2.352255,-0.089322,0.782609,3,3731.941557,0.0,0.256675,0.256675,0.96956,1.0,protocol-fixture,Default paper-execution stress assumptions used for comparable leaderboard rows.
trellm-v0.3-protocol,synthetic_jump_tail_c0_v0_3,C0,E1,paper stress execution,realistic,naive-momentum,67,0.22795,7.793197,-0.022623,0.95122,1,2620.614723,0.0,0.253669,0.253669,0.476977,1.0,protocol-fixture,Default paper-execution stress assumptions used for comparable leaderboard rows.
trellm-v0.3-protocol,synthetic_jump_tail_c0_v0_3,C0,E1,paper stress execution,realistic,naive-momentum,71,0.241839,5.099612,-0.026449,0.857143,4,2849.746528,0.0,0.318598,0.318598,0.706531,1.0,protocol-fixture,Default paper-execution stress assumptions used for comparable leaderboard rows.
trellm-v0.3-protocol,synthetic_jump_tail_c0_v0_3,C0,E1,paper stress execution,realistic,naive-momentum,73,0.326546,11.987961,-0.027701,0.878049,3,2173.201436,0.0,0.27275,0.27275,0.7,1.0,protocol-fixture,Default paper-execution stress assumptions used for comparable leaderboard rows.
trellm-v0.3-protocol,synthetic_jump_tail_c0_v0_3,C0,E1,paper stress execution,realistic,naive-momentum,79,-0.152287,-1.957464,-0.253119,0.868421,3,2623.431444,0.029167,0.257406,0.286572,0.7,1.0,protocol-fixture,Default paper-execution stress assumptions used for comparable leaderboard rows.
trellm-v0.3-protocol,synthetic_jump_tail_c0_v0_3,C0,E1,paper stress execution,realistic,naive-momentum,83,0.133904,7.000694,-0.027233,0.897436,2,2241.566188,0.0,0.268519,0.268519,0.652773,1.0,protocol-fixture,Default paper-execution stress assumptions used for comparable leaderboard rows.
trellm-v0.3-protocol,synthetic_jump_tail_c0_v0_3,C0,E1,paper stress execution,realistic,naive-momentum,89,0.137243,5.136828,-0.033605,0.861111,4,2279.22043,0.0,0.262365,0.262365,0.628172,1.0,protocol-fixture,Default paper-execution stress assumptions used for comparable leaderboard rows.
trellm-v0.3-protocol,synthetic_jump_tail_c0_v0_3,C0,E1,paper stress execution,realistic,naive-momentum,97,0.136315,5.486315,-0.057626,0.930233,3,1801.271167,0.0,0.237755,0.237755,0.7322,1.0,protocol-fixture,Default paper-execution stress assumptions used for comparable leaderboard rows.
trellm-v0.3-protocol,synthetic_jump_tail_c0_v0_3,C0,E1,paper stress execution,realistic,naive-momentum,101,0.007169,0.422971,-0.08467,0.741935,6,3031.647102,0.0,0.285675,0.285675,0.67912,1.0,protocol-fixture,Default paper-execution stress assumptions used for comparable leaderboard rows.
trellm-v0.3-protocol,synthetic_jump_tail_c0_v0_3,C0,E1,paper stress execution,realistic,naive-momentum,103,0.485976,12.536868,-0.00594,0.911111,2,4676.410315,0.0,0.396678,0.396678,0.59723,1.0,protocol-fixture,Default paper-execution stress assumptions used for comparable leaderboard rows.
trellm-v0.3-protocol,synthetic_jump_tail_c0_v0_3,C0,E1,paper stress execution,realistic,naive-momentum,107,0.322675,7.608834,-0.038366,0.853659,4,4646.005609,0.0,0.352991,0.352991,1.022701,1.0,protocol-fixture,Default paper-execution stress assumptions used for comparable leaderboard rows.
trellm-v0.3-protocol,synthetic_jump_tail_c0_v0_3,C0,E1,paper stress execution,realistic,naive-momentum,109,0.230308,5.881273,-0.020638,0.885714,3,2569.55358,0.0,0.28716,0.28716,0.713669,1.0,protocol-fixture,Default paper-execution stress assumptions used for comparable leaderboard rows.
trellm-v0.3-protocol,synthetic_jump_tail_c0_v0_3,C0,E1,paper stress execution,realistic,naive-momentum,113,0.164133,8.001778,-0.033977,0.926829,1,2616.656046,0.0,0.283674,0.283674,0.636323,1.0,protocol-fixture,Default paper-execution stress assumptions used for comparable leaderboard rows.
trellm-v0.3-protocol,synthetic_jump_tail_c0_v0_3,C0,E1,paper stress execution,realistic,naive-momentum,127,0.233924,7.328541,-0.023181,0.846154,4,2624.264021,0.0,0.315833,0.315833,0.685479,1.0,protocol-fixture,Default paper-execution stress assumptions used for comparable leaderboard rows.
trellm-v0.3-protocol,synthetic_jump_tail_c0_v0_3,C0,E1,paper stress execution,realistic,naive-momentum,131,0.011495,0.525628,-0.083449,0.820513,5,3986.873643,0.0,0.359106,0.359106,0.772036,1.0,protocol-fixture,Default paper-execution stress assumptions used for comparable leaderboard rows.
trellm-v0.3-protocol,synthetic_jump_tail_c0_v0_3,C0,E1,paper stress execution,realistic,naive-momentum,137,-0.016742,-0.730493,-0.084639,0.794872,7,1613.722394,0.0,0.274089,0.274089,0.602711,1.0,protocol-fixture,Default paper-execution stress assumptions used for comparable leaderboard rows.
trellm-v0.3-protocol,synthetic_jump_tail_c0_v0_3,C0,E1,paper stress execution,realistic,naive-momentum,139,0.070835,2.128997,-0.093595,0.904762,3,2704.340232,0.0,0.283379,0.283379,0.6061,1.0,protocol-fixture,Default paper-execution stress assumptions used for comparable leaderboard rows.
trellm-v0.3-protocol,synthetic_jump_tail_c0_v0_3,C0,E1,paper stress execution,realistic,naive-momentum,149,0.22605,5.972906,-0.04948,0.878049,3,3897.237335,0.0,0.343272,0.343272,0.757056,1.0,protocol-fixture,Default paper-execution stress assumptions used for comparable leaderboard rows.
trellm-v0.3-protocol,synthetic_jump_tail_c0_v0_3,C0,E1,paper stress execution,realistic,naive-momentum,151,0.107774,2.109637,-0.129633,0.883721,3,3646.181651,0.0,0.332925,0.332925,1.018904,1.0,protocol-fixture,Default paper-execution stress assumptions used for comparable leaderboard rows.
trellm-v0.3-protocol,synthetic_jump_tail_c0_v0_3,C0,E1,paper stress execution,realistic,mean-reversion,7,0.061264,6.074561,-0.000966,0.75,2,810.639475,0.0,0.103358,0.103358,0.70851,1.0,protocol-fixture,Default paper-execution stress assumptions used for comparable leaderboard rows.
trellm-v0.3-protocol,synthetic_jump_tail_c0_v0_3,C0,E1,paper stress execution,realistic,mean-reversion,11,0.060049,5.826054,-0.004961,0.8,3,1052.170097,0.0,0.118379,0.118379,0.610648,1.0,protocol-fixture,Default paper-execution stress assumptions used for comparable leaderboard rows.
trellm-v0.3-protocol,synthetic_jump_tail_c0_v0_3,C0,E1,paper stress execution,realistic,mean-reversion,17,-0.006407,-0.111033,-0.074823,0.705882,5,1747.0448,0.0,0.206789,0.206789,0.7,1.0,protocol-fixture,Default paper-execution stress assumptions used for comparable leaderboard rows.
trellm-v0.3-protocol,synthetic_jump_tail_c0_v0_3,C0,E1,paper stress execution,realistic,mean-reversion,23,0.074897,5.588939,-0.012559,0.75,4,1238.798831,0.0,0.195025,0.195025,0.71539,1.0,protocol-fixture,Default paper-execution stress assumptions used for comparable leaderboard rows.
trellm-v0.3-protocol,synthetic_jump_tail_c0_v0_3,C0,E1,paper stress execution,realistic,mean-reversion,31,0.097174,5.970371,-0.001805,0.777778,2,1273.745123,0.0,0.089409,0.089409,0.366093,1.0,protocol-fixture,Default paper-execution stress assumptions used for comparable leaderboard rows.
trellm-v0.3-protocol,synthetic_jump_tail_c0_v0_3,C0,E1,paper stress execution,realistic,mean-reversion,37,0.105757,7.700224,-0.007276,0.789474,4,1610.937784,0.0,0.201004,0.201004,1.058994,1.0,protocol-fixture,Default paper-execution stress assumptions used for comparable leaderboard rows.
trellm-v0.3-protocol,synthetic_jump_tail_c0_v0_3,C0,E1,paper stress execution,realistic,mean-reversion,41,0.066478,4.369663,-0.004052,0.75,1,914.599465,0.0,0.061705,0.061705,0.355458,1.0,protocol-fixture,Default paper-execution stress assumptions used for comparable leaderboard rows.
trellm-v0.3-protocol,synthetic_jump_tail_c0_v0_3,C0,E1,paper stress execution,realistic,mean-reversion,43,0.058153,2.426049,-0.043072,0.789474,4,1855.318259,0.0,0.225786,0.225786,0.724968,1.0,protocol-fixture,Default paper-execution stress assumptions used for comparable leaderboard rows.
trellm-v0.3-protocol,synthetic_jump_tail_c0_v0_3,C0,E1,paper stress execution,realistic,mean-reversion,47,0.050424,4.990313,-0.006325,0.75,4,1250.23758,0.0,0.17005,0.17005,0.7,1.0,protocol-fixture,Default paper-execution stress assumptions used for comparable leaderboard rows.
trellm-v0.3-protocol,synthetic_jump_tail_c0_v0_3,C0,E1,paper stress execution,realistic,mean-reversion,53,0.072709,4.651846,-0.004446,0.777778,2,1011.672752,0.0,0.10528,0.10528,0.382306,1.0,protocol-fixture,Default paper-execution stress assumptions used for comparable leaderboard rows.
trellm-v0.3-protocol,synthetic_jump_tail_c0_v0_3,C0,E1,paper stress execution,realistic,mean-reversion,59,0.121496,8.623001,-0.008214,0.791667,3,1430.927544,0.0,0.199901,0.199901,0.713782,1.0,protocol-fixture,Default paper-execution stress assumptions used for comparable leaderboard rows.
trellm-v0.3-protocol,synthetic_jump_tail_c0_v0_3,C0,E1,paper stress execution,realistic,mean-reversion,61,-0.060025,-2.091629,-0.072806,0.885714,2,2201.212998,0.0,0.273602,0.273602,0.7,1.0,protocol-fixture,Default paper-execution stress assumptions used for comparable leaderboard rows.
trellm-v0.3-protocol,synthetic_jump_tail_c0_v0_3,C0,E1,paper stress execution,realistic,mean-reversion,67,0.017356,2.789758,-0.002852,0.714286,1,200.468817,0.0,0.087694,0.087694,0.707394,1.0,protocol-fixture,Default paper-execution stress assumptions used for comparable leaderboard rows.
trellm-v0.3-protocol,synthetic_jump_tail_c0_v0_3,C0,E1,paper stress execution,realistic,mean-reversion,71,0.047998,3.672139,-0.016899,0.8125,3,1192.396121,0.0,0.172944,0.172944,0.788282,1.0,protocol-fixture,Default paper-execution stress assumptions used for comparable leaderboard rows.
trellm-v0.3-protocol,synthetic_jump_tail_c0_v0_3,C0,E1,paper stress execution,realistic,mean-reversion,73,0.012427,2.555035,-0.007767,0.777778,1,598.34366,0.0,0.07565,0.07565,0.36514,1.0,protocol-fixture,Default paper-execution stress assumptions used for comparable leaderboard rows.
trellm-v0.3-protocol,synthetic_jump_tail_c0_v0_3,C0,E1,paper stress execution,realistic,mean-reversion,79,0.040827,3.331088,-0.024823,0.769231,2,825.531775,0.0,0.116391,0.116391,0.868209,1.0,protocol-fixture,Default paper-execution stress assumptions used for comparable leaderboard rows.
trellm-v0.3-protocol,synthetic_jump_tail_c0_v0_3,C0,E1,paper stress execution,realistic,mean-reversion,83,0.086183,4.936819,-0.0158,0.789474,3,1768.890998,0.0,0.202733,0.202733,0.920408,1.0,protocol-fixture,Default paper-execution stress assumptions used for comparable leaderboard rows.
trellm-v0.3-protocol,synthetic_jump_tail_c0_v0_3,C0,E1,paper stress execution,realistic,mean-reversion,89,0.123778,6.090312,-0.033419,0.772727,4,2930.871686,0.0,0.234126,0.234126,1.0,1.0,protocol-fixture,Default paper-execution stress assumptions used for comparable leaderboard rows.
trellm-v0.3-protocol,synthetic_jump_tail_c0_v0_3,C0,E1,paper stress execution,realistic,mean-reversion,97,0.002211,0.786866,-0.004346,0.75,0,235.833335,0.0,0.069595,0.069595,0.573738,1.0,protocol-fixture,Default paper-execution stress assumptions used for comparable leaderboard rows.
trellm-v0.3-protocol,synthetic_jump_tail_c0_v0_3,C0,E1,paper stress execution,realistic,mean-reversion,101,0.129815,4.831385,-0.02909,0.903226,3,2138.422769,0.0,0.23076,0.23076,0.788822,1.0,protocol-fixture,Default paper-execution stress assumptions used for comparable leaderboard rows.
trellm-v0.3-protocol,synthetic_jump_tail_c0_v0_3,C0,E1,paper stress execution,realistic,mean-reversion,103,0.042273,2.456343,-0.017907,0.8,1,760.509748,0.0,0.060205,0.060205,0.721382,1.0,protocol-fixture,Default paper-execution stress assumptions used for comparable leaderboard rows.
trellm-v0.3-protocol,synthetic_jump_tail_c0_v0_3,C0,E1,paper stress execution,realistic,mean-reversion,107,-0.003566,-0.11607,-0.032153,0.733333,3,2353.250667,0.0,0.189239,0.189239,0.743268,1.0,protocol-fixture,Default paper-execution stress assumptions used for comparable leaderboard rows.
trellm-v0.3-protocol,synthetic_jump_tail_c0_v0_3,C0,E1,paper stress execution,realistic,mean-reversion,109,-0.010437,-0.646845,-0.053232,0.818182,3,1920.966133,0.0,0.221848,0.221848,0.859819,1.0,protocol-fixture,Default paper-execution stress assumptions used for comparable leaderboard rows.
trellm-v0.3-protocol,synthetic_jump_tail_c0_v0_3,C0,E1,paper stress execution,realistic,mean-reversion,113,0.026239,4.482065,-0.006623,0.769231,2,695.80166,0.0,0.118074,0.118074,0.705952,1.0,protocol-fixture,Default paper-execution stress assumptions used for comparable leaderboard rows.
trellm-v0.3-protocol,synthetic_jump_tail_c0_v0_3,C0,E1,paper stress execution,realistic,mean-reversion,127,-0.011831,-0.297791,-0.082813,0.761905,3,2587.53422,0.0,0.208814,0.208814,0.729821,1.0,protocol-fixture,Default paper-execution stress assumptions used for comparable leaderboard rows.
trellm-v0.3-protocol,synthetic_jump_tail_c0_v0_3,C0,E1,paper stress execution,realistic,mean-reversion,131,0.147532,4.874974,-0.030946,0.807692,3,1974.371226,0.0,0.297826,0.297826,0.714248,1.0,protocol-fixture,Default paper-execution stress assumptions used for comparable leaderboard rows.
trellm-v0.3-protocol,synthetic_jump_tail_c0_v0_3,C0,E1,paper stress execution,realistic,mean-reversion,137,0.018879,0.963831,-0.064124,0.8,3,899.865415,0.0,0.128079,0.128079,0.763528,1.0,protocol-fixture,Default paper-execution stress assumptions used for comparable leaderboard rows.
trellm-v0.3-protocol,synthetic_jump_tail_c0_v0_3,C0,E1,paper stress execution,realistic,mean-reversion,139,0.046809,3.870804,-0.009076,0.75,3,1411.825363,0.0,0.12996,0.12996,0.415473,1.0,protocol-fixture,Default paper-execution stress assumptions used for comparable leaderboard rows.
trellm-v0.3-protocol,synthetic_jump_tail_c0_v0_3,C0,E1,paper stress execution,realistic,mean-reversion,149,0.084694,6.379717,-0.00999,0.833333,2,1012.084144,0.0,0.091702,0.091702,0.384678,1.0,protocol-fixture,Default paper-execution stress assumptions used for comparable leaderboard rows.
trellm-v0.3-protocol,synthetic_jump_tail_c0_v0_3,C0,E1,paper stress execution,realistic,mean-reversion,151,0.075502,7.360834,-0.015769,0.75,4,1277.927921,0.0,0.236911,0.236911,0.720458,1.0,protocol-fixture,Default paper-execution stress assumptions used for comparable leaderboard rows.
trellm-v0.3-protocol,synthetic_jump_tail_c0_v0_3,C0,E1,paper stress execution,realistic,risk-parity,7,0.346327,11.487871,-0.019701,0.9375,1,2669.764188,0.0,0.249476,0.249476,0.7,1.0,protocol-fixture,Default paper-execution stress assumptions used for comparable leaderboard rows.
trellm-v0.3-protocol,synthetic_jump_tail_c0_v0_3,C0,E1,paper stress execution,realistic,risk-parity,11,0.54215,10.43162,-0.005117,0.916667,2,2743.548776,0.0,0.293632,0.293632,0.7,1.0,protocol-fixture,Default paper-execution stress assumptions used for comparable leaderboard rows.
trellm-v0.3-protocol,synthetic_jump_tail_c0_v0_3,C0,E1,paper stress execution,realistic,risk-parity,17,0.30244,9.656381,-0.047739,0.916667,2,2514.86903,0.0,0.235258,0.235258,0.7,1.0,protocol-fixture,Default paper-execution stress assumptions used for comparable leaderboard rows.
trellm-v0.3-protocol,synthetic_jump_tail_c0_v0_3,C0,E1,paper stress execution,realistic,risk-parity,23,0.208681,5.56309,-0.083676,0.916667,2,1932.140019,0.0,0.241964,0.241964,0.7,1.0,protocol-fixture,Default paper-execution stress assumptions used for comparable leaderboard rows.
trellm-v0.3-protocol,synthetic_jump_tail_c0_v0_3,C0,E1,paper stress execution,realistic,risk-parity,31,0.397178,7.547107,-0.008818,0.895833,3,2371.461727,0.0,0.297152,0.297152,0.7,1.0,protocol-fixture,Default paper-execution stress assumptions used for comparable leaderboard rows.
trellm-v0.3-protocol,synthetic_jump_tail_c0_v0_3,C0,E1,paper stress execution,realistic,risk-parity,37,0.251239,7.730707,-0.03472,0.893617,3,2972.01276,0.0,0.259953,0.259953,0.7,1.0,protocol-fixture,Default paper-execution stress assumptions used for comparable leaderboard rows.
trellm-v0.3-protocol,synthetic_jump_tail_c0_v0_3,C0,E1,paper stress execution,realistic,risk-parity,41,0.108023,3.27085,-0.080523,0.9375,1,2472.714886,0.0,0.222986,0.222986,0.7,1.0,protocol-fixture,Default paper-execution stress assumptions used for comparable leaderboard rows.
trellm-v0.3-protocol,synthetic_jump_tail_c0_v0_3,C0,E1,paper stress execution,realistic,risk-parity,43,0.17524,4.855808,-0.037721,0.916667,2,3599.555607,0.0,0.266176,0.266176,0.7,1.0,protocol-fixture,Default paper-execution stress assumptions used for comparable leaderboard rows.
trellm-v0.3-protocol,synthetic_jump_tail_c0_v0_3,C0,E1,paper stress execution,realistic,risk-parity,47,0.189163,6.289962,-0.04547,0.9375,1,1843.324733,0.0,0.217376,0.217376,0.7,1.0,protocol-fixture,Default paper-execution stress assumptions used for comparable leaderboard rows.
trellm-v0.3-protocol,synthetic_jump_tail_c0_v0_3,C0,E1,paper stress execution,realistic,risk-parity,53,0.259743,7.64089,-0.055072,0.875,4,3234.919709,0.0,0.273814,0.273814,0.7,1.0,protocol-fixture,Default paper-execution stress assumptions used for comparable leaderboard rows.
trellm-v0.3-protocol,synthetic_jump_tail_c0_v0_3,C0,E1,paper stress execution,realistic,risk-parity,59,0.042093,1.636638,-0.074604,0.916667,2,2863.103507,0.0,0.290445,0.290445,0.7,1.0,protocol-fixture,Default paper-execution stress assumptions used for comparable leaderboard rows.
trellm-v0.3-protocol,synthetic_jump_tail_c0_v0_3,C0,E1,paper stress execution,realistic,risk-parity,61,-0.135958,-2.861933,-0.164868,0.851064,5,3075.419822,0.0,0.28842,0.28842,0.7,1.0,protocol-fixture,Default paper-execution stress assumptions used for comparable leaderboard rows.
trellm-v0.3-protocol,synthetic_jump_tail_c0_v0_3,C0,E1,paper stress execution,realistic,risk-parity,67,0.395608,11.378722,-0.01767,0.916667,2,2206.336044,0.0,0.194766,0.194766,0.707189,1.0,protocol-fixture,Default paper-execution stress assumptions used for comparable leaderboard rows.
trellm-v0.3-protocol,synthetic_jump_tail_c0_v0_3,C0,E1,paper stress execution,realistic,risk-parity,71,0.144445,5.048289,-0.065621,0.895833,3,3260.768161,0.0,0.392266,0.392266,0.72572,1.0,protocol-fixture,Default paper-execution stress assumptions used for comparable leaderboard rows.
trellm-v0.3-protocol,synthetic_jump_tail_c0_v0_3,C0,E1,paper stress execution,realistic,risk-parity,73,0.383687,12.399339,-0.034149,0.93617,1,2034.627413,0.0,0.221549,0.221549,0.7,1.0,protocol-fixture,Default paper-execution stress assumptions used for comparable leaderboard rows.
trellm-v0.3-protocol,synthetic_jump_tail_c0_v0_3,C0,E1,paper stress execution,realistic,risk-parity,79,-0.029622,-0.25134,-0.208116,0.958333,0,3137.8056,0.024852,0.309498,0.284645,0.7,1.0,protocol-fixture,Default paper-execution stress assumptions used for comparable leaderboard rows.
trellm-v0.3-protocol,synthetic_jump_tail_c0_v0_3,C0,E1,paper stress execution,realistic,risk-parity,83,0.218632,7.082555,-0.030259,0.916667,2,3221.501053,0.0,0.314079,0.314079,0.7,1.0,protocol-fixture,Default paper-execution stress assumptions used for comparable leaderboard rows.
trellm-v0.3-protocol,synthetic_jump_tail_c0_v0_3,C0,E1,paper stress execution,realistic,risk-parity,89,0.140404,3.410386,-0.111623,0.875,4,2972.856661,0.0,0.258051,0.258051,0.7,1.0,protocol-fixture,Default paper-execution stress assumptions used for comparable leaderboard rows.
trellm-v0.3-protocol,synthetic_jump_tail_c0_v0_3,C0,E1,paper stress execution,realistic,risk-parity,97,0.166794,5.883456,-0.067598,0.916667,2,957.942665,0.0,0.109687,0.109687,0.7,1.0,protocol-fixture,Default paper-execution stress assumptions used for comparable leaderboard rows.
trellm-v0.3-protocol,synthetic_jump_tail_c0_v0_3,C0,E1,paper stress execution,realistic,risk-parity,101,0.026568,0.760864,-0.180378,0.9375,1,2645.631574,0.0,0.298314,0.298314,0.7,1.0,protocol-fixture,Default paper-execution stress assumptions used for comparable leaderboard rows.
trellm-v0.3-protocol,synthetic_jump_tail_c0_v0_3,C0,E1,paper stress execution,realistic,risk-parity,103,0.404124,8.873864,-0.038261,0.916667,2,2775.603258,0.0,0.269612,0.269612,0.7,1.0,protocol-fixture,Default paper-execution stress assumptions used for comparable leaderboard rows.
trellm-v0.3-protocol,synthetic_jump_tail_c0_v0_3,C0,E1,paper stress execution,realistic,risk-parity,107,0.388822,8.99472,-0.034102,0.895833,3,3130.106527,0.0,0.263431,0.263431,0.7,1.0,protocol-fixture,Default paper-execution stress assumptions used for comparable leaderboard rows.
trellm-v0.3-protocol,synthetic_jump_tail_c0_v0_3,C0,E1,paper stress execution,realistic,risk-parity,109,0.247646,5.725373,-0.041699,0.958333,0,2570.768558,0.0,0.247787,0.247787,0.7,1.0,protocol-fixture,Default paper-execution stress assumptions used for comparable leaderboard rows.
trellm-v0.3-protocol,synthetic_jump_tail_c0_v0_3,C0,E1,paper stress execution,realistic,risk-parity,113,0.238651,7.761025,-0.039654,0.93617,1,2485.5645,0.0,0.298757,0.298757,0.7,1.0,protocol-fixture,Default paper-execution stress assumptions used for comparable leaderboard rows.
trellm-v0.3-protocol,synthetic_jump_tail_c0_v0_3,C0,E1,paper stress execution,realistic,risk-parity,127,0.203418,5.714204,-0.059657,0.895833,3,3000.850637,0.0,0.311295,0.311295,0.7,1.0,protocol-fixture,Default paper-execution stress assumptions used for comparable leaderboard rows.
trellm-v0.3-protocol,synthetic_jump_tail_c0_v0_3,C0,E1,paper stress execution,realistic,risk-parity,131,0.204331,5.969863,-0.027987,0.9375,1,2198.34589,0.0,0.239039,0.239039,0.7,1.0,protocol-fixture,Default paper-execution stress assumptions used for comparable leaderboard rows.
trellm-v0.3-protocol,synthetic_jump_tail_c0_v0_3,C0,E1,paper stress execution,realistic,risk-parity,137,0.045862,1.402928,-0.102804,0.916667,2,2272.198867,0.0,0.265891,0.265891,0.7,1.0,protocol-fixture,Default paper-execution stress assumptions used for comparable leaderboard rows.
trellm-v0.3-protocol,synthetic_jump_tail_c0_v0_3,C0,E1,paper stress execution,realistic,risk-parity,139,0.185963,3.444915,-0.092661,0.833333,6,3627.182897,0.0,0.269855,0.269855,0.7,1.0,protocol-fixture,Default paper-execution stress assumptions used for comparable leaderboard rows.
trellm-v0.3-protocol,synthetic_jump_tail_c0_v0_3,C0,E1,paper stress execution,realistic,risk-parity,149,0.166956,3.31953,-0.102625,0.916667,2,2687.644806,0.0,0.24859,0.24859,0.7,1.0,protocol-fixture,Default paper-execution stress assumptions used for comparable leaderboard rows.
trellm-v0.3-protocol,synthetic_jump_tail_c0_v0_3,C0,E1,paper stress execution,realistic,risk-parity,151,0.190818,3.530573,-0.082795,0.916667,2,3742.812494,0.0,0.258653,0.258653,0.7,1.0,protocol-fixture,Default paper-execution stress assumptions used for comparable leaderboard rows.
trellm-v0.3-protocol,synthetic_jump_tail_c0_v0_3,C0,E1,paper stress execution,realistic,minimum-variance,7,0.379723,10.936673,-0.022958,0.93617,1,2499.664756,0.0,0.224483,0.224483,0.7,1.0,protocol-fixture,Default paper-execution stress assumptions used for comparable leaderboard rows.
trellm-v0.3-protocol,synthetic_jump_tail_c0_v0_3,C0,E1,paper stress execution,realistic,minimum-variance,11,0.53405,9.798874,-0.003705,0.893617,3,3617.039878,0.0,0.422908,0.422908,1.051664,1.0,protocol-fixture,Default paper-execution stress assumptions used for comparable leaderboard rows.
trellm-v0.3-protocol,synthetic_jump_tail_c0_v0_3,C0,E1,paper stress execution,realistic,minimum-variance,17,0.268469,8.098655,-0.042069,0.913043,2,2940.224106,0.0,0.309182,0.309182,0.7,1.0,protocol-fixture,Default paper-execution stress assumptions used for comparable leaderboard rows.
trellm-v0.3-protocol,synthetic_jump_tail_c0_v0_3,C0,E1,paper stress execution,realistic,minimum-variance,23,0.107197,3.13465,-0.084602,0.866667,4,2797.11198,0.0,0.361967,0.361967,0.968928,1.0,protocol-fixture,Default paper-execution stress assumptions used for comparable leaderboard rows.
trellm-v0.3-protocol,synthetic_jump_tail_c0_v0_3,C0,E1,paper stress execution,realistic,minimum-variance,31,0.384944,10.19336,-0.021185,0.914894,2,2610.642189,0.0,0.261694,0.261694,0.7,1.0,protocol-fixture,Default paper-execution stress assumptions used for comparable leaderboard rows.
trellm-v0.3-protocol,synthetic_jump_tail_c0_v0_3,C0,E1,paper stress execution,realistic,minimum-variance,37,0.199363,6.361774,-0.037671,0.93617,1,3462.849466,0.0,0.32042,0.32042,0.7,1.0,protocol-fixture,Default paper-execution stress assumptions used for comparable leaderboard rows.
trellm-v0.3-protocol,synthetic_jump_tail_c0_v0_3,C0,E1,paper stress execution,realistic,minimum-variance,41,0.108746,3.18888,-0.079758,0.916667,2,2318.269573,0.0,0.217628,0.217628,0.7,1.0,protocol-fixture,Default paper-execution stress assumptions used for comparable leaderboard rows.
trellm-v0.3-protocol,synthetic_jump_tail_c0_v0_3,C0,E1,paper stress execution,realistic,minimum-variance,43,0.169789,5.323353,-0.036666,0.916667,2,2529.789539,0.0,0.232334,0.232334,0.7,1.0,protocol-fixture,Default paper-execution stress assumptions used for comparable leaderboard rows.
trellm-v0.3-protocol,synthetic_jump_tail_c0_v0_3,C0,E1,paper stress execution,realistic,minimum-variance,47,0.195314,5.080568,-0.064343,0.9375,1,2346.241965,0.0,0.23554,0.23554,0.7,1.0,protocol-fixture,Default paper-execution stress assumptions used for comparable leaderboard rows.
trellm-v0.3-protocol,synthetic_jump_tail_c0_v0_3,C0,E1,paper stress execution,realistic,minimum-variance,53,0.33785,10.161099,-0.033185,0.957447,0,2089.230889,0.0,0.218861,0.218861,0.7,1.0,protocol-fixture,Default paper-execution stress assumptions used for comparable leaderboard rows.
trellm-v0.3-protocol,synthetic_jump_tail_c0_v0_3,C0,E1,paper stress execution,realistic,minimum-variance,59,0.075663,2.738185,-0.040275,0.875,4,2638.340193,0.0,0.274635,0.274635,0.7,1.0,protocol-fixture,Default paper-execution stress assumptions used for comparable leaderboard rows.
trellm-v0.3-protocol,synthetic_jump_tail_c0_v0_3,C0,E1,paper stress execution,realistic,minimum-variance,61,-0.211283,-4.148463,-0.21197,0.87234,4,2863.884251,0.0,0.24406,0.24406,0.7,1.0,protocol-fixture,Default paper-execution stress assumptions used for comparable leaderboard rows.
trellm-v0.3-protocol,synthetic_jump_tail_c0_v0_3,C0,E1,paper stress execution,realistic,minimum-variance,67,0.441924,12.123902,-0.014971,0.916667,2,2641.552152,0.0,0.240397,0.240397,0.7,1.0,protocol-fixture,Default paper-execution stress assumptions used for comparable leaderboard rows.
trellm-v0.3-protocol,synthetic_jump_tail_c0_v0_3,C0,E1,paper stress execution,realistic,minimum-variance,71,0.165324,4.913119,-0.065233,0.895833,3,3369.246162,0.0,0.425366,0.425366,0.860598,1.0,protocol-fixture,Default paper-execution stress assumptions used for comparable leaderboard rows.
trellm-v0.3-protocol,synthetic_jump_tail_c0_v0_3,C0,E1,paper stress execution,realistic,minimum-variance,73,0.401769,12.295434,-0.03232,0.916667,2,1988.243401,0.0,0.217841,0.217841,0.7,1.0,protocol-fixture,Default paper-execution stress assumptions used for comparable leaderboard rows.
trellm-v0.3-protocol,synthetic_jump_tail_c0_v0_3,C0,E1,paper stress execution,realistic,minimum-variance,79,-0.004128,0.219752,-0.199654,0.916667,2,2217.187392,0.0,0.26422,0.26422,0.7,1.0,protocol-fixture,Default paper-execution stress assumptions used for comparable leaderboard rows.
trellm-v0.3-protocol,synthetic_jump_tail_c0_v0_3,C0,E1,paper stress execution,realistic,minimum-variance,83,0.228954,7.027972,-0.030938,0.875,4,3172.629531,0.0,0.313564,0.313564,0.7,1.0,protocol-fixture,Default paper-execution stress assumptions used for comparable leaderboard rows.
trellm-v0.3-protocol,synthetic_jump_tail_c0_v0_3,C0,E1,paper stress execution,realistic,minimum-variance,89,0.131467,2.994828,-0.089515,0.895833,3,3992.501284,0.0,0.329385,0.329385,0.7,1.0,protocol-fixture,Default paper-execution stress assumptions used for comparable leaderboard rows.
trellm-v0.3-protocol,synthetic_jump_tail_c0_v0_3,C0,E1,paper stress execution,realistic,minimum-variance,97,0.172866,6.296481,-0.062713,0.916667,2,2141.721648,0.0,0.205507,0.205507,0.7,1.0,protocol-fixture,Default paper-execution stress assumptions used for comparable leaderboard rows.
trellm-v0.3-protocol,synthetic_jump_tail_c0_v0_3,C0,E1,paper stress execution,realistic,minimum-variance,101,0.042594,1.032066,-0.175368,0.9375,1,2774.966344,0.0,0.304982,0.304982,0.7,1.0,protocol-fixture,Default paper-execution stress assumptions used for comparable leaderboard rows.
trellm-v0.3-protocol,synthetic_jump_tail_c0_v0_3,C0,E1,paper stress execution,realistic,minimum-variance,103,0.40766,8.950371,-0.038318,0.916667,2,2796.375397,0.0,0.276763,0.276763,0.7,1.0,protocol-fixture,Default paper-execution stress assumptions used for comparable leaderboard rows.
trellm-v0.3-protocol,synthetic_jump_tail_c0_v0_3,C0,E1,paper stress execution,realistic,minimum-variance,107,0.394165,8.844986,-0.033154,0.914894,2,2579.224848,0.0,0.234671,0.234671,0.7,1.0,protocol-fixture,Default paper-execution stress assumptions used for comparable leaderboard rows.
trellm-v0.3-protocol,synthetic_jump_tail_c0_v0_3,C0,E1,paper stress execution,realistic,minimum-variance,109,0.276909,5.823451,-0.039327,0.9375,1,2636.019945,0.0,0.239266,0.239266,0.7,1.0,protocol-fixture,Default paper-execution stress assumptions used for comparable leaderboard rows.
trellm-v0.3-protocol,synthetic_jump_tail_c0_v0_3,C0,E1,paper stress execution,realistic,minimum-variance,113,0.277269,8.121012,-0.039498,0.9375,1,2024.256041,0.0,0.273873,0.273873,0.7,1.0,protocol-fixture,Default paper-execution stress assumptions used for comparable leaderboard rows.
trellm-v0.3-protocol,synthetic_jump_tail_c0_v0_3,C0,E1,paper stress execution,realistic,minimum-variance,127,0.196337,5.514648,-0.059501,0.875,4,3065.536155,0.0,0.314799,0.314799,0.7,1.0,protocol-fixture,Default paper-execution stress assumptions used for comparable leaderboard rows.
trellm-v0.3-protocol,synthetic_jump_tail_c0_v0_3,C0,E1,paper stress execution,realistic,minimum-variance,131,0.146512,4.921842,-0.04785,0.916667,2,3672.238089,0.0,0.368562,0.368562,0.7,1.0,protocol-fixture,Default paper-execution stress assumptions used for comparable leaderboard rows.
trellm-v0.3-protocol,synthetic_jump_tail_c0_v0_3,C0,E1,paper stress execution,realistic,minimum-variance,137,0.032072,1.090027,-0.103712,0.883721,3,2244.843119,0.0,0.225911,0.225911,0.7,1.0,protocol-fixture,Default paper-execution stress assumptions used for comparable leaderboard rows.
trellm-v0.3-protocol,synthetic_jump_tail_c0_v0_3,C0,E1,paper stress execution,realistic,minimum-variance,139,0.185632,3.221893,-0.09727,0.895833,3,4353.06143,0.0,0.345381,0.345381,0.7,1.0,protocol-fixture,Default paper-execution stress assumptions used for comparable leaderboard rows.
trellm-v0.3-protocol,synthetic_jump_tail_c0_v0_3,C0,E1,paper stress execution,realistic,minimum-variance,149,0.203596,4.009905,-0.085806,0.895833,3,1756.421541,0.0,0.225586,0.225586,0.7,1.0,protocol-fixture,Default paper-execution stress assumptions used for comparable leaderboard rows.
trellm-v0.3-protocol,synthetic_jump_tail_c0_v0_3,C0,E1,paper stress execution,realistic,minimum-variance,151,0.211681,3.988261,-0.064442,0.914894,2,3788.025593,0.0,0.264501,0.264501,0.893925,1.0,protocol-fixture,Default paper-execution stress assumptions used for comparable leaderboard rows.
trellm-v0.3-protocol,synthetic_jump_tail_c0_v0_3,C0,E1,paper stress execution,realistic,random,7,0.295363,7.850825,-0.029172,0.888889,3,3575.053655,0.0,0.411953,0.411953,1.0,1.0,protocol-fixture,Default paper-execution stress assumptions used for comparable leaderboard rows.
trellm-v0.3-protocol,synthetic_jump_tail_c0_v0_3,C0,E1,paper stress execution,realistic,random,11,0.311083,7.9559,-0.007266,0.893617,3,3256.170538,0.0,0.402368,0.402368,1.0,1.0,protocol-fixture,Default paper-execution stress assumptions used for comparable leaderboard rows.
trellm-v0.3-protocol,synthetic_jump_tail_c0_v0_3,C0,E1,paper stress execution,realistic,random,17,0.16145,6.843638,-0.043949,0.840909,5,3614.454906,0.0,0.432669,0.432669,0.703756,1.0,protocol-fixture,Default paper-execution stress assumptions used for comparable leaderboard rows.
trellm-v0.3-protocol,synthetic_jump_tail_c0_v0_3,C0,E1,paper stress execution,realistic,random,23,0.075215,3.087929,-0.049932,0.833333,5,2302.682434,0.0,0.391752,0.391752,0.70133,1.0,protocol-fixture,Default paper-execution stress assumptions used for comparable leaderboard rows.
trellm-v0.3-protocol,synthetic_jump_tail_c0_v0_3,C0,E1,paper stress execution,realistic,random,31,0.324038,11.63558,-0.008456,0.926829,1,2174.86039,0.0,0.246602,0.246602,0.652912,1.0,protocol-fixture,Default paper-execution stress assumptions used for comparable leaderboard rows.
trellm-v0.3-protocol,synthetic_jump_tail_c0_v0_3,C0,E1,paper stress execution,realistic,random,37,0.246812,8.751276,-0.024657,0.847826,5,4105.963905,0.0,0.434197,0.434197,1.0,1.0,protocol-fixture,Default paper-execution stress assumptions used for comparable leaderboard rows.
trellm-v0.3-protocol,synthetic_jump_tail_c0_v0_3,C0,E1,paper stress execution,realistic,random,41,0.002339,0.228138,-0.079758,0.893617,3,3046.606964,0.0,0.429632,0.429632,1.0,1.0,protocol-fixture,Default paper-execution stress assumptions used for comparable leaderboard rows.
trellm-v0.3-protocol,synthetic_jump_tail_c0_v0_3,C0,E1,paper stress execution,realistic,random,43,0.076307,2.935829,-0.071249,0.888889,3,3628.685539,0.0,0.365482,0.365482,0.742854,1.0,protocol-fixture,Default paper-execution stress assumptions used for comparable leaderboard rows.
trellm-v0.3-protocol,synthetic_jump_tail_c0_v0_3,C0,E1,paper stress execution,realistic,random,47,0.175162,6.095713,-0.053003,0.895833,3,2158.419813,0.0,0.299392,0.299392,1.0,1.0,protocol-fixture,Default paper-execution stress assumptions used for comparable leaderboard rows.
trellm-v0.3-protocol,synthetic_jump_tail_c0_v0_3,C0,E1,paper stress execution,realistic,random,53,0.305568,8.822107,-0.017069,0.791667,8,3571.945688,0.0,0.37085,0.37085,0.991299,1.0,protocol-fixture,Default paper-execution stress assumptions used for comparable leaderboard rows.
trellm-v0.3-protocol,synthetic_jump_tail_c0_v0_3,C0,E1,paper stress execution,realistic,random,59,0.112405,7.026359,-0.01219,0.869565,4,3472.042327,0.0,0.463101,0.463101,0.787424,1.0,protocol-fixture,Default paper-execution stress assumptions used for comparable leaderboard rows.
trellm-v0.3-protocol,synthetic_jump_tail_c0_v0_3,C0,E1,paper stress execution,realistic,random,61,-0.135313,-3.861277,-0.136775,0.857143,4,2710.875247,0.0,0.374479,0.374479,1.0,1.0,protocol-fixture,Default paper-execution stress assumptions used for comparable leaderboard rows.
trellm-v0.3-protocol,synthetic_jump_tail_c0_v0_3,C0,E1,paper stress execution,realistic,random,67,0.170098,6.911626,-0.009931,0.744186,9,4152.633308,0.0,0.376586,0.376586,1.0,1.0,protocol-fixture,Default paper-execution stress assumptions used for comparable leaderboard rows.
trellm-v0.3-protocol,synthetic_jump_tail_c0_v0_3,C0,E1,paper stress execution,realistic,random,71,0.080316,4.87186,-0.035822,0.8125,7,3420.441514,0.0,0.455607,0.455607,1.0,1.0,protocol-fixture,Default paper-execution stress assumptions used for comparable leaderboard rows.
trellm-v0.3-protocol,synthetic_jump_tail_c0_v0_3,C0,E1,paper stress execution,realistic,random,73,0.114127,5.934283,-0.051352,0.822222,6,3323.500056,0.0,0.38268,0.38268,0.7,1.0,protocol-fixture,Default paper-execution stress assumptions used for comparable leaderboard rows.
trellm-v0.3-protocol,synthetic_jump_tail_c0_v0_3,C0,E1,paper stress execution,realistic,random,79,-0.053482,-1.118934,-0.1518,0.804348,7,2826.151182,0.0,0.3964,0.3964,1.0,1.0,protocol-fixture,Default paper-execution stress assumptions used for comparable leaderboard rows.
trellm-v0.3-protocol,synthetic_jump_tail_c0_v0_3,C0,E1,paper stress execution,realistic,random,83,0.089967,5.377231,-0.022954,0.8,7,3116.136728,0.0,0.462836,0.462836,0.981059,1.0,protocol-fixture,Default paper-execution stress assumptions used for comparable leaderboard rows.
trellm-v0.3-protocol,synthetic_jump_tail_c0_v0_3,C0,E1,paper stress execution,realistic,random,89,0.122341,3.059297,-0.100174,0.883721,3,2886.130899,0.0,0.308349,0.308349,1.0,1.0,protocol-fixture,Default paper-execution stress assumptions used for comparable leaderboard rows.
trellm-v0.3-protocol,synthetic_jump_tail_c0_v0_3,C0,E1,paper stress execution,realistic,random,97,0.107831,4.928828,-0.058237,0.860465,4,2268.862513,0.0,0.370421,0.370421,1.0,1.0,protocol-fixture,Default paper-execution stress assumptions used for comparable leaderboard rows.
trellm-v0.3-protocol,synthetic_jump_tail_c0_v0_3,C0,E1,paper stress execution,realistic,random,101,-0.200483,-5.916206,-0.200483,0.666667,11,2819.128169,0.0,0.365073,0.365073,1.0,1.0,protocol-fixture,Default paper-execution stress assumptions used for comparable leaderboard rows.
trellm-v0.3-protocol,synthetic_jump_tail_c0_v0_3,C0,E1,paper stress execution,realistic,random,103,0.391911,9.567395,-0.022942,0.875,4,3606.075859,0.0,0.315212,0.315212,0.7,1.0,protocol-fixture,Default paper-execution stress assumptions used for comparable leaderboard rows.
trellm-v0.3-protocol,synthetic_jump_tail_c0_v0_3,C0,E1,paper stress execution,realistic,random,107,0.03368,1.341489,-0.063187,0.791667,8,3402.465316,0.0,0.390695,0.390695,1.0,1.0,protocol-fixture,Default paper-execution stress assumptions used for comparable leaderboard rows.
trellm-v0.3-protocol,synthetic_jump_tail_c0_v0_3,C0,E1,paper stress execution,realistic,random,109,0.229883,5.480471,-0.024141,0.860465,4,2314.254873,0.0,0.411719,0.411719,0.811008,1.0,protocol-fixture,Default paper-execution stress assumptions used for comparable leaderboard rows.
trellm-v0.3-protocol,synthetic_jump_tail_c0_v0_3,C0,E1,paper stress execution,realistic,random,113,0.133337,6.502877,-0.042318,0.934783,1,2687.523613,0.0,0.358655,0.358655,0.912084,1.0,protocol-fixture,Default paper-execution stress assumptions used for comparable leaderboard rows.
trellm-v0.3-protocol,synthetic_jump_tail_c0_v0_3,C0,E1,paper stress execution,realistic,random,127,0.069325,2.572462,-0.087011,0.904762,2,2810.348786,0.0,0.321098,0.321098,0.7,1.0,protocol-fixture,Default paper-execution stress assumptions used for comparable leaderboard rows.
trellm-v0.3-protocol,synthetic_jump_tail_c0_v0_3,C0,E1,paper stress execution,realistic,random,131,0.055457,2.036561,-0.065162,0.756098,8,2470.897137,0.0,0.390762,0.390762,1.0,1.0,protocol-fixture,Default paper-execution stress assumptions used for comparable leaderboard rows.
trellm-v0.3-protocol,synthetic_jump_tail_c0_v0_3,C0,E1,paper stress execution,realistic,random,137,0.009564,0.5094,-0.084992,0.818182,6,2360.855437,0.0,0.329391,0.329391,0.870776,1.0,protocol-fixture,Default paper-execution stress assumptions used for comparable leaderboard rows.
trellm-v0.3-protocol,synthetic_jump_tail_c0_v0_3,C0,E1,paper stress execution,realistic,random,139,0.069844,1.673507,-0.120608,0.906977,2,2577.122956,0.0,0.392434,0.392434,0.829651,1.0,protocol-fixture,Default paper-execution stress assumptions used for comparable leaderboard rows.
trellm-v0.3-protocol,synthetic_jump_tail_c0_v0_3,C0,E1,paper stress execution,realistic,random,149,0.120737,3.109788,-0.07238,0.880952,3,4597.804362,0.0,0.451565,0.451565,1.0,1.0,protocol-fixture,Default paper-execution stress assumptions used for comparable leaderboard rows.
trellm-v0.3-protocol,synthetic_jump_tail_c0_v0_3,C0,E1,paper stress execution,realistic,random,151,0.19422,3.812125,-0.091751,0.854167,5,4610.4327,0.0,0.464898,0.464898,0.849764,1.0,protocol-fixture,Default paper-execution stress assumptions used for comparable leaderboard rows.
trellm-v0.3-protocol,synthetic_jump_tail_c0_v0_3,C0,E2,harsh friction sweep corner,realistic,buy-and-hold,7,0.439092,7.36241,-0.018769,0.604167,13,1832.864571,0.3,0.366982,0.504413,1.0,1.0,protocol-fixture,Stress corner for execution-friction sensitivity; not calibrated cost prediction.
trellm-v0.3-protocol,synthetic_jump_tail_c0_v0_3,C0,E2,harsh friction sweep corner,realistic,buy-and-hold,11,0.224262,10.310778,-0.008665,0.541667,16,2343.257596,0.3,0.357067,0.513462,1.0,1.0,protocol-fixture,Stress corner for execution-friction sensitivity; not calibrated cost prediction.
trellm-v0.3-protocol,synthetic_jump_tail_c0_v0_3,C0,E2,harsh friction sweep corner,realistic,buy-and-hold,17,0.167676,5.826859,-0.050269,0.708333,8,2084.966247,0.3,0.37126,0.505176,1.0,1.0,protocol-fixture,Stress corner for execution-friction sensitivity; not calibrated cost prediction.
trellm-v0.3-protocol,synthetic_jump_tail_c0_v0_3,C0,E2,harsh friction sweep corner,realistic,buy-and-hold,23,0.2965,9.591361,-0.014165,0.6875,9,3079.38196,0.3,0.491833,0.594498,1.0,1.0,protocol-fixture,Stress corner for execution-friction sensitivity; not calibrated cost prediction.
trellm-v0.3-protocol,synthetic_jump_tail_c0_v0_3,C0,E2,harsh friction sweep corner,realistic,buy-and-hold,31,0.198066,8.024244,-0.032956,0.604167,13,2084.306746,0.3,0.376008,0.50023,1.0,1.0,protocol-fixture,Stress corner for execution-friction sensitivity; not calibrated cost prediction.
trellm-v0.3-protocol,synthetic_jump_tail_c0_v0_3,C0,E2,harsh friction sweep corner,realistic,buy-and-hold,37,0.072336,2.185698,-0.125354,0.625,12,1881.377908,0.3,0.401493,0.52245,1.0,1.0,protocol-fixture,Stress corner for execution-friction sensitivity; not calibrated cost prediction.
trellm-v0.3-protocol,synthetic_jump_tail_c0_v0_3,C0,E2,harsh friction sweep corner,realistic,buy-and-hold,41,0.312617,6.579477,-0.058469,0.645833,11,2828.414965,0.3,0.556351,0.630209,1.0,1.0,protocol-fixture,Stress corner for execution-friction sensitivity; not calibrated cost prediction.
trellm-v0.3-protocol,synthetic_jump_tail_c0_v0_3,C0,E2,harsh friction sweep corner,realistic,buy-and-hold,43,0.165203,4.093018,-0.086735,0.645833,11,2673.246179,0.3,0.467801,0.573321,1.0,1.0,protocol-fixture,Stress corner for execution-friction sensitivity; not calibrated cost prediction.
trellm-v0.3-protocol,synthetic_jump_tail_c0_v0_3,C0,E2,harsh friction sweep corner,realistic,buy-and-hold,47,0.271192,5.680134,-0.071551,0.6875,9,2570.609925,0.3,0.429823,0.553576,1.0,1.0,protocol-fixture,Stress corner for execution-friction sensitivity; not calibrated cost prediction.
trellm-v0.3-protocol,synthetic_jump_tail_c0_v0_3,C0,E2,harsh friction sweep corner,realistic,buy-and-hold,53,0.376409,6.857087,-0.054689,0.645833,11,2857.644129,0.3,0.454591,0.566485,1.0,1.0,protocol-fixture,Stress corner for execution-friction sensitivity; not calibrated cost prediction.
trellm-v0.3-protocol,synthetic_jump_tail_c0_v0_3,C0,E2,harsh friction sweep corner,realistic,buy-and-hold,59,0.014209,0.757611,-0.051563,0.5625,15,1954.666133,0.3,0.327619,0.513236,1.0,1.0,protocol-fixture,Stress corner for execution-friction sensitivity; not calibrated cost prediction.
trellm-v0.3-protocol,synthetic_jump_tail_c0_v0_3,C0,E2,harsh friction sweep corner,realistic,buy-and-hold,61,-0.039362,-0.325449,-0.151271,0.666667,10,2533.546972,0.3,0.516467,0.622189,1.0,1.0,protocol-fixture,Stress corner for execution-friction sensitivity; not calibrated cost prediction.
trellm-v0.3-protocol,synthetic_jump_tail_c0_v0_3,C0,E2,harsh friction sweep corner,realistic,buy-and-hold,67,0.313649,9.726711,-0.011167,0.574468,14,2183.52661,0.3,0.360018,0.508369,1.0,1.0,protocol-fixture,Stress corner for execution-friction sensitivity; not calibrated cost prediction.
trellm-v0.3-protocol,synthetic_jump_tail_c0_v0_3,C0,E2,harsh friction sweep corner,realistic,buy-and-hold,71,0.187852,3.899601,-0.043161,0.645833,11,1673.451598,0.3,0.359549,0.510887,1.0,1.0,protocol-fixture,Stress corner for execution-friction sensitivity; not calibrated cost prediction.
trellm-v0.3-protocol,synthetic_jump_tail_c0_v0_3,C0,E2,harsh friction sweep corner,realistic,buy-and-hold,73,0.399608,14.327742,-0.008251,0.708333,8,2016.943978,0.3,0.380514,0.518153,1.0,1.0,protocol-fixture,Stress corner for execution-friction sensitivity; not calibrated cost prediction.
trellm-v0.3-protocol,synthetic_jump_tail_c0_v0_3,C0,E2,harsh friction sweep corner,realistic,buy-and-hold,79,-0.221898,-2.148386,-0.298305,0.510638,17,1611.732081,0.445833,0.442894,0.56622,1.0,1.0,protocol-fixture,Stress corner for execution-friction sensitivity; not calibrated cost prediction.
trellm-v0.3-protocol,synthetic_jump_tail_c0_v0_3,C0,E2,harsh friction sweep corner,realistic,buy-and-hold,83,0.152329,7.157335,-0.029037,0.604167,13,1945.086398,0.3,0.36881,0.511545,1.0,1.0,protocol-fixture,Stress corner for execution-friction sensitivity; not calibrated cost prediction.
trellm-v0.3-protocol,synthetic_jump_tail_c0_v0_3,C0,E2,harsh friction sweep corner,realistic,buy-and-hold,89,0.048606,1.398734,-0.105646,0.666667,10,2354.881363,0.3,0.388521,0.516648,1.0,1.0,protocol-fixture,Stress corner for execution-friction sensitivity; not calibrated cost prediction.
trellm-v0.3-protocol,synthetic_jump_tail_c0_v0_3,C0,E2,harsh friction sweep corner,realistic,buy-and-hold,97,0.184667,7.639636,-0.037732,0.583333,14,1426.931829,0.3,0.339987,0.511296,1.0,1.0,protocol-fixture,Stress corner for execution-friction sensitivity; not calibrated cost prediction.
trellm-v0.3-protocol,synthetic_jump_tail_c0_v0_3,C0,E2,harsh friction sweep corner,realistic,buy-and-hold,101,0.067494,1.509311,-0.157343,0.604167,13,1669.757926,0.3,0.368445,0.500371,1.0,1.0,protocol-fixture,Stress corner for execution-friction sensitivity; not calibrated cost prediction.
trellm-v0.3-protocol,synthetic_jump_tail_c0_v0_3,C0,E2,harsh friction sweep corner,realistic,buy-and-hold,103,0.424987,6.90074,-0.049162,0.6875,9,3042.671729,0.3,0.475156,0.581908,1.0,1.0,protocol-fixture,Stress corner for execution-friction sensitivity; not calibrated cost prediction.
trellm-v0.3-protocol,synthetic_jump_tail_c0_v0_3,C0,E2,harsh friction sweep corner,realistic,buy-and-hold,107,0.139159,3.035363,-0.069965,0.625,12,2800.298899,0.3,0.426416,0.549561,1.0,1.0,protocol-fixture,Stress corner for execution-friction sensitivity; not calibrated cost prediction.
trellm-v0.3-protocol,synthetic_jump_tail_c0_v0_3,C0,E2,harsh friction sweep corner,realistic,buy-and-hold,109,0.253907,6.245051,-0.053021,0.583333,14,1637.185036,0.3,0.355675,0.499377,1.0,1.0,protocol-fixture,Stress corner for execution-friction sensitivity; not calibrated cost prediction.
trellm-v0.3-protocol,synthetic_jump_tail_c0_v0_3,C0,E2,harsh friction sweep corner,realistic,buy-and-hold,113,0.291673,12.779419,-0.003577,0.617021,12,1885.899633,0.3,0.370561,0.522347,1.0,1.0,protocol-fixture,Stress corner for execution-friction sensitivity; not calibrated cost prediction.
trellm-v0.3-protocol,synthetic_jump_tail_c0_v0_3,C0,E2,harsh friction sweep corner,realistic,buy-and-hold,127,0.013845,0.642172,-0.097249,0.583333,14,2172.397469,0.3,0.338114,0.508226,1.0,1.0,protocol-fixture,Stress corner for execution-friction sensitivity; not calibrated cost prediction.
trellm-v0.3-protocol,synthetic_jump_tail_c0_v0_3,C0,E2,harsh friction sweep corner,realistic,buy-and-hold,131,0.327411,5.850232,-0.030374,0.666667,10,3070.589964,0.3,0.427803,0.539586,1.0,1.0,protocol-fixture,Stress corner for execution-friction sensitivity; not calibrated cost prediction.
trellm-v0.3-protocol,synthetic_jump_tail_c0_v0_3,C0,E2,harsh friction sweep corner,realistic,buy-and-hold,137,0.177634,4.775785,-0.056036,0.604167,13,1489.476053,0.3,0.326907,0.501607,1.0,1.0,protocol-fixture,Stress corner for execution-friction sensitivity; not calibrated cost prediction.
trellm-v0.3-protocol,synthetic_jump_tail_c0_v0_3,C0,E2,harsh friction sweep corner,realistic,buy-and-hold,139,0.026806,0.783438,-0.183922,0.583333,14,1828.976483,0.3,0.412219,0.537757,1.0,1.0,protocol-fixture,Stress corner for execution-friction sensitivity; not calibrated cost prediction.
trellm-v0.3-protocol,synthetic_jump_tail_c0_v0_3,C0,E2,harsh friction sweep corner,realistic,buy-and-hold,149,0.35415,5.772718,-0.072483,0.645833,11,3321.385217,0.3,0.512449,0.600674,1.0,1.0,protocol-fixture,Stress corner for execution-friction sensitivity; not calibrated cost prediction.
trellm-v0.3-protocol,synthetic_jump_tail_c0_v0_3,C0,E2,harsh friction sweep corner,realistic,buy-and-hold,151,0.110893,3.580181,-0.031147,0.595745,13,2429.633017,0.3,0.389568,0.528554,1.0,1.0,protocol-fixture,Stress corner for execution-friction sensitivity; not calibrated cost prediction.
trellm-v0.3-protocol,synthetic_jump_tail_c0_v0_3,C0,E2,harsh friction sweep corner,realistic,signal-weighted,7,0.167424,4.394973,-0.019137,0.578947,10,2276.840647,0.367945,0.325374,0.583198,1.442535,1.0,protocol-fixture,Stress corner for execution-friction sensitivity; not calibrated cost prediction.
trellm-v0.3-protocol,synthetic_jump_tail_c0_v0_3,C0,E2,harsh friction sweep corner,realistic,signal-weighted,11,0.158398,9.216312,-0.001794,0.588235,8,1039.648132,0.391807,0.205997,0.478239,1.339599,1.0,protocol-fixture,Stress corner for execution-friction sensitivity; not calibrated cost prediction.
trellm-v0.3-protocol,synthetic_jump_tail_c0_v0_3,C0,E2,harsh friction sweep corner,realistic,signal-weighted,17,0.077554,5.948937,-0.011448,0.578947,10,1589.028246,0.254144,0.331856,0.491146,1.085641,1.0,protocol-fixture,Stress corner for execution-friction sensitivity; not calibrated cost prediction.
trellm-v0.3-protocol,synthetic_jump_tail_c0_v0_3,C0,E2,harsh friction sweep corner,realistic,signal-weighted,23,0.31367,6.686106,-0.036646,0.525,13,2743.259556,0.262075,0.523309,0.632492,1.607253,1.0,protocol-fixture,Stress corner for execution-friction sensitivity; not calibrated cost prediction.
trellm-v0.3-protocol,synthetic_jump_tail_c0_v0_3,C0,E2,harsh friction sweep corner,realistic,signal-weighted,31,0.372179,8.227893,-0.004531,0.606061,7,2051.989907,0.427263,0.362046,0.492657,1.176448,1.0,protocol-fixture,Stress corner for execution-friction sensitivity; not calibrated cost prediction.
trellm-v0.3-protocol,synthetic_jump_tail_c0_v0_3,C0,E2,harsh friction sweep corner,realistic,signal-weighted,37,0.011128,0.604193,-0.073709,0.588235,8,1206.135077,0.251355,0.26225,0.43595,1.288072,1.0,protocol-fixture,Stress corner for execution-friction sensitivity; not calibrated cost prediction.
trellm-v0.3-protocol,synthetic_jump_tail_c0_v0_3,C0,E2,harsh friction sweep corner,realistic,signal-weighted,41,0.272394,8.993138,-0.026937,0.55,12,2900.71481,0.336841,0.474964,0.606354,1.14513,1.0,protocol-fixture,Stress corner for execution-friction sensitivity; not calibrated cost prediction.
trellm-v0.3-protocol,synthetic_jump_tail_c0_v0_3,C0,E2,harsh friction sweep corner,realistic,signal-weighted,43,0.084196,3.091686,-0.033399,0.638889,7,2293.134584,0.204031,0.342333,0.424013,0.973859,1.0,protocol-fixture,Stress corner for execution-friction sensitivity; not calibrated cost prediction.
trellm-v0.3-protocol,synthetic_jump_tail_c0_v0_3,C0,E2,harsh friction sweep corner,realistic,signal-weighted,47,0.065722,2.194331,-0.06886,0.578947,10,1945.283768,0.372638,0.322341,0.595796,1.262693,1.0,protocol-fixture,Stress corner for execution-friction sensitivity; not calibrated cost prediction.
trellm-v0.3-protocol,synthetic_jump_tail_c0_v0_3,C0,E2,harsh friction sweep corner,realistic,signal-weighted,53,0.234268,7.499709,-0.003336,0.552632,11,1733.806151,0.401671,0.315656,0.593317,1.35617,1.0,protocol-fixture,Stress corner for execution-friction sensitivity; not calibrated cost prediction.
trellm-v0.3-protocol,synthetic_jump_tail_c0_v0_3,C0,E2,harsh friction sweep corner,realistic,signal-weighted,59,0.034489,1.996595,-0.043984,0.606061,7,1547.94968,0.216238,0.249868,0.338941,0.805928,1.0,protocol-fixture,Stress corner for execution-friction sensitivity; not calibrated cost prediction.
trellm-v0.3-protocol,synthetic_jump_tail_c0_v0_3,C0,E2,harsh friction sweep corner,realistic,signal-weighted,61,0.073816,5.039077,-0.015473,0.708333,5,914.51453,0.177469,0.142952,0.202605,0.8,1.0,protocol-fixture,Stress corner for execution-friction sensitivity; not calibrated cost prediction.
trellm-v0.3-protocol,synthetic_jump_tail_c0_v0_3,C0,E2,harsh friction sweep corner,realistic,signal-weighted,67,0.24163,9.552296,-0.008864,0.560976,12,2126.350205,0.405476,0.389052,0.674685,1.25538,1.0,protocol-fixture,Stress corner for execution-friction sensitivity; not calibrated cost prediction.
trellm-v0.3-protocol,synthetic_jump_tail_c0_v0_3,C0,E2,harsh friction sweep corner,realistic,signal-weighted,71,0.08634,6.55279,-0.002832,0.617647,7,1197.940063,0.242897,0.259061,0.393689,1.369453,1.0,protocol-fixture,Stress corner for execution-friction sensitivity; not calibrated cost prediction.
trellm-v0.3-protocol,synthetic_jump_tail_c0_v0_3,C0,E2,harsh friction sweep corner,realistic,signal-weighted,73,0.21905,9.603364,-0.004671,0.536585,13,1945.777861,0.491433,0.399046,0.770018,1.44191,1.0,protocol-fixture,Stress corner for execution-friction sensitivity; not calibrated cost prediction.
trellm-v0.3-protocol,synthetic_jump_tail_c0_v0_3,C0,E2,harsh friction sweep corner,realistic,signal-weighted,79,0.124006,6.886516,-0.013823,0.59375,7,858.276668,0.249285,0.217646,0.359724,1.305651,1.0,protocol-fixture,Stress corner for execution-friction sensitivity; not calibrated cost prediction.
trellm-v0.3-protocol,synthetic_jump_tail_c0_v0_3,C0,E2,harsh friction sweep corner,realistic,signal-weighted,83,0.026226,1.643672,-0.037218,0.555556,11,1806.312615,0.295852,0.29735,0.489397,1.323343,1.0,protocol-fixture,Stress corner for execution-friction sensitivity; not calibrated cost prediction.
trellm-v0.3-protocol,synthetic_jump_tail_c0_v0_3,C0,E2,harsh friction sweep corner,realistic,signal-weighted,89,0.030595,2.777955,-0.02508,0.709677,5,1198.849063,0.228166,0.268761,0.349579,1.037664,1.0,protocol-fixture,Stress corner for execution-friction sensitivity; not calibrated cost prediction.
trellm-v0.3-protocol,synthetic_jump_tail_c0_v0_3,C0,E2,harsh friction sweep corner,realistic,signal-weighted,97,0.105797,5.622439,-0.022387,0.588235,8,1184.093558,0.310445,0.238027,0.442804,1.414939,1.0,protocol-fixture,Stress corner for execution-friction sensitivity; not calibrated cost prediction.
trellm-v0.3-protocol,synthetic_jump_tail_c0_v0_3,C0,E2,harsh friction sweep corner,realistic,signal-weighted,101,0.122059,4.415148,-0.027075,0.566667,7,1595.133354,0.200234,0.274061,0.334011,1.6,1.0,protocol-fixture,Stress corner for execution-friction sensitivity; not calibrated cost prediction.
trellm-v0.3-protocol,synthetic_jump_tail_c0_v0_3,C0,E2,harsh friction sweep corner,realistic,signal-weighted,103,0.167028,7.740573,-0.013707,0.588235,8,1649.838784,0.476731,0.215891,0.568296,1.475868,1.0,protocol-fixture,Stress corner for execution-friction sensitivity; not calibrated cost prediction.
trellm-v0.3-protocol,synthetic_jump_tail_c0_v0_3,C0,E2,harsh friction sweep corner,realistic,signal-weighted,107,0.01353,0.994287,-0.028687,0.5,13,1747.513732,0.395725,0.321029,0.592697,1.534442,1.0,protocol-fixture,Stress corner for execution-friction sensitivity; not calibrated cost prediction.
trellm-v0.3-protocol,synthetic_jump_tail_c0_v0_3,C0,E2,harsh friction sweep corner,realistic,signal-weighted,109,0.035147,1.27,-0.066009,0.538462,12,2098.83355,0.262922,0.543512,0.659632,1.640714,1.0,protocol-fixture,Stress corner for execution-friction sensitivity; not calibrated cost prediction.
trellm-v0.3-protocol,synthetic_jump_tail_c0_v0_3,C0,E2,harsh friction sweep corner,realistic,signal-weighted,113,0.126659,6.165481,-0.013699,0.558824,9,1520.550624,0.315379,0.255143,0.490889,1.22134,1.0,protocol-fixture,Stress corner for execution-friction sensitivity; not calibrated cost prediction.
trellm-v0.3-protocol,synthetic_jump_tail_c0_v0_3,C0,E2,harsh friction sweep corner,realistic,signal-weighted,127,0.003824,0.309979,-0.041187,0.514286,14,1869.253348,0.219174,0.312996,0.445063,1.546423,1.0,protocol-fixture,Stress corner for execution-friction sensitivity; not calibrated cost prediction.
trellm-v0.3-protocol,synthetic_jump_tail_c0_v0_3,C0,E2,harsh friction sweep corner,realistic,signal-weighted,131,0.187845,6.366911,-0.036029,0.647059,6,1668.47781,0.239184,0.329845,0.332461,0.760317,1.0,protocol-fixture,Stress corner for execution-friction sensitivity; not calibrated cost prediction.
trellm-v0.3-protocol,synthetic_jump_tail_c0_v0_3,C0,E2,harsh friction sweep corner,realistic,signal-weighted,137,0.094664,5.016268,-0.022855,0.657143,6,1457.263052,0.251067,0.294755,0.445187,1.413061,1.0,protocol-fixture,Stress corner for execution-friction sensitivity; not calibrated cost prediction.
trellm-v0.3-protocol,synthetic_jump_tail_c0_v0_3,C0,E2,harsh friction sweep corner,realistic,signal-weighted,139,0.156669,3.09028,-0.103322,0.611111,8,1427.62568,0.285433,0.450088,0.491997,1.168599,1.0,protocol-fixture,Stress corner for execution-friction sensitivity; not calibrated cost prediction.
trellm-v0.3-protocol,synthetic_jump_tail_c0_v0_3,C0,E2,harsh friction sweep corner,realistic,signal-weighted,149,0.213593,4.937584,-0.012237,0.645161,5,1918.549483,0.291396,0.270028,0.397947,1.408611,1.0,protocol-fixture,Stress corner for execution-friction sensitivity; not calibrated cost prediction.
trellm-v0.3-protocol,synthetic_jump_tail_c0_v0_3,C0,E2,harsh friction sweep corner,realistic,signal-weighted,151,0.00605,0.363964,-0.067307,0.575,12,2995.656426,0.167005,0.423017,0.56212,1.355883,1.0,protocol-fixture,Stress corner for execution-friction sensitivity; not calibrated cost prediction.
trellm-v0.3-protocol,synthetic_jump_tail_c0_v0_3,C0,E2,harsh friction sweep corner,realistic,naive-momentum,7,0.356563,5.980731,-0.036674,0.577778,13,3638.216914,0.0,0.575381,0.575381,0.88312,1.0,protocol-fixture,Stress corner for execution-friction sensitivity; not calibrated cost prediction.
trellm-v0.3-protocol,synthetic_jump_tail_c0_v0_3,C0,E2,harsh friction sweep corner,realistic,naive-momentum,11,0.406556,8.395787,-0.001891,0.615385,9,3282.712368,0.0,0.614956,0.614956,1.35,1.0,protocol-fixture,Stress corner for execution-friction sensitivity; not calibrated cost prediction.
trellm-v0.3-protocol,synthetic_jump_tail_c0_v0_3,C0,E2,harsh friction sweep corner,realistic,naive-momentum,17,0.117303,5.868307,-0.023015,0.615385,9,2208.536283,0.0,0.477341,0.477341,1.018016,1.0,protocol-fixture,Stress corner for execution-friction sensitivity; not calibrated cost prediction.
trellm-v0.3-protocol,synthetic_jump_tail_c0_v0_3,C0,E2,harsh friction sweep corner,realistic,naive-momentum,23,0.171311,5.537776,-0.041825,0.595238,11,2857.064567,0.0,0.636858,0.636858,1.35,1.0,protocol-fixture,Stress corner for execution-friction sensitivity; not calibrated cost prediction.
trellm-v0.3-protocol,synthetic_jump_tail_c0_v0_3,C0,E2,harsh friction sweep corner,realistic,naive-momentum,31,0.256752,13.040954,-0.008915,0.555556,14,3168.189362,0.0,0.580838,0.580838,1.078317,1.0,protocol-fixture,Stress corner for execution-friction sensitivity; not calibrated cost prediction.
trellm-v0.3-protocol,synthetic_jump_tail_c0_v0_3,C0,E2,harsh friction sweep corner,realistic,naive-momentum,37,0.135768,3.071154,-0.09677,0.583333,9,3131.793523,0.0,0.463537,0.463537,0.983526,1.0,protocol-fixture,Stress corner for execution-friction sensitivity; not calibrated cost prediction.
trellm-v0.3-protocol,synthetic_jump_tail_c0_v0_3,C0,E2,harsh friction sweep corner,realistic,naive-momentum,41,0.102214,3.60583,-0.051932,0.581395,12,3458.59613,0.0,0.637344,0.637344,1.195169,1.0,protocol-fixture,Stress corner for execution-friction sensitivity; not calibrated cost prediction.
trellm-v0.3-protocol,synthetic_jump_tail_c0_v0_3,C0,E2,harsh friction sweep corner,realistic,naive-momentum,43,0.086977,2.165725,-0.086235,0.527778,11,3027.292808,0.0,0.55784,0.55784,1.077948,1.0,protocol-fixture,Stress corner for execution-friction sensitivity; not calibrated cost prediction.
trellm-v0.3-protocol,synthetic_jump_tail_c0_v0_3,C0,E2,harsh friction sweep corner,realistic,naive-momentum,47,0.25917,5.89347,-0.068053,0.567568,10,4114.515041,0.0,0.564906,0.564906,1.0,1.0,protocol-fixture,Stress corner for execution-friction sensitivity; not calibrated cost prediction.
trellm-v0.3-protocol,synthetic_jump_tail_c0_v0_3,C0,E2,harsh friction sweep corner,realistic,naive-momentum,53,0.267122,6.175686,-0.064943,0.590909,12,2953.794839,0.0,0.509376,0.509376,0.95864,1.0,protocol-fixture,Stress corner for execution-friction sensitivity; not calibrated cost prediction.
trellm-v0.3-protocol,synthetic_jump_tail_c0_v0_3,C0,E2,harsh friction sweep corner,realistic,naive-momentum,59,0.035248,1.308103,-0.095313,0.676471,9,2115.584733,0.0,0.419496,0.419496,0.990279,1.0,protocol-fixture,Stress corner for execution-friction sensitivity; not calibrated cost prediction.
trellm-v0.3-protocol,synthetic_jump_tail_c0_v0_3,C0,E2,harsh friction sweep corner,realistic,naive-momentum,61,0.039963,1.495942,-0.063818,0.5,7,3089.966058,0.0,0.374968,0.374968,1.0,1.0,protocol-fixture,Stress corner for execution-friction sensitivity; not calibrated cost prediction.
trellm-v0.3-protocol,synthetic_jump_tail_c0_v0_3,C0,E2,harsh friction sweep corner,realistic,naive-momentum,67,0.43561,8.682034,-0.019786,0.609756,11,4263.560398,0.0,0.633484,0.633484,1.324691,1.0,protocol-fixture,Stress corner for execution-friction sensitivity; not calibrated cost prediction.
trellm-v0.3-protocol,synthetic_jump_tail_c0_v0_3,C0,E2,harsh friction sweep corner,realistic,naive-momentum,71,0.121363,3.08258,-0.103999,0.560976,12,3130.51484,0.0,0.63238,0.63238,1.212013,1.0,protocol-fixture,Stress corner for execution-friction sensitivity; not calibrated cost prediction.
trellm-v0.3-protocol,synthetic_jump_tail_c0_v0_3,C0,E2,harsh friction sweep corner,realistic,naive-momentum,73,0.385325,9.682182,-0.059146,0.641026,10,4779.410672,0.0,0.581095,0.581095,1.0,1.0,protocol-fixture,Stress corner for execution-friction sensitivity; not calibrated cost prediction.
trellm-v0.3-protocol,synthetic_jump_tail_c0_v0_3,C0,E2,harsh friction sweep corner,realistic,naive-momentum,79,-0.095131,-1.63585,-0.173182,0.545455,14,2024.91761,0.0,0.550868,0.550868,1.0,1.0,protocol-fixture,Stress corner for execution-friction sensitivity; not calibrated cost prediction.
trellm-v0.3-protocol,synthetic_jump_tail_c0_v0_3,C0,E2,harsh friction sweep corner,realistic,naive-momentum,83,0.142406,5.623414,-0.029765,0.488372,16,1623.935905,0.0,0.460365,0.460365,0.710776,1.0,protocol-fixture,Stress corner for execution-friction sensitivity; not calibrated cost prediction.
trellm-v0.3-protocol,synthetic_jump_tail_c0_v0_3,C0,E2,harsh friction sweep corner,realistic,naive-momentum,89,0.002725,0.264486,-0.091599,0.55,12,1854.663171,0.0,0.369911,0.369911,0.7,1.0,protocol-fixture,Stress corner for execution-friction sensitivity; not calibrated cost prediction.
trellm-v0.3-protocol,synthetic_jump_tail_c0_v0_3,C0,E2,harsh friction sweep corner,realistic,naive-momentum,97,0.086809,2.19397,-0.12277,0.681818,10,3207.138535,0.0,0.589741,0.589741,1.004557,1.0,protocol-fixture,Stress corner for execution-friction sensitivity; not calibrated cost prediction.
trellm-v0.3-protocol,synthetic_jump_tail_c0_v0_3,C0,E2,harsh friction sweep corner,realistic,naive-momentum,101,0.093273,3.04232,-0.056541,0.517241,8,1999.910251,0.0,0.449817,0.449817,0.992582,1.0,protocol-fixture,Stress corner for execution-friction sensitivity; not calibrated cost prediction.
trellm-v0.3-protocol,synthetic_jump_tail_c0_v0_3,C0,E2,harsh friction sweep corner,realistic,naive-momentum,103,0.215387,6.866325,-0.054533,0.55814,13,3513.359937,0.0,0.530114,0.530114,0.97529,1.0,protocol-fixture,Stress corner for execution-friction sensitivity; not calibrated cost prediction.
trellm-v0.3-protocol,synthetic_jump_tail_c0_v0_3,C0,E2,harsh friction sweep corner,realistic,naive-momentum,107,0.186273,6.49297,-0.039085,0.613636,11,2619.941356,0.0,0.474794,0.474794,0.7,1.0,protocol-fixture,Stress corner for execution-friction sensitivity; not calibrated cost prediction.
trellm-v0.3-protocol,synthetic_jump_tail_c0_v0_3,C0,E2,harsh friction sweep corner,realistic,naive-momentum,109,0.244949,7.618077,-0.017217,0.540541,11,2708.668965,0.0,0.477747,0.477747,1.0,1.0,protocol-fixture,Stress corner for execution-friction sensitivity; not calibrated cost prediction.
trellm-v0.3-protocol,synthetic_jump_tail_c0_v0_3,C0,E2,harsh friction sweep corner,realistic,naive-momentum,113,0.092775,2.582611,-0.105895,0.609756,11,2772.567928,0.0,0.646807,0.646807,1.35,1.0,protocol-fixture,Stress corner for execution-friction sensitivity; not calibrated cost prediction.
trellm-v0.3-protocol,synthetic_jump_tail_c0_v0_3,C0,E2,harsh friction sweep corner,realistic,naive-momentum,127,-0.005618,-0.102378,-0.08678,0.52381,16,2260.168732,0.0,0.465198,0.465198,1.077898,1.0,protocol-fixture,Stress corner for execution-friction sensitivity; not calibrated cost prediction.
trellm-v0.3-protocol,synthetic_jump_tail_c0_v0_3,C0,E2,harsh friction sweep corner,realistic,naive-momentum,131,0.300452,6.473424,-0.02197,0.605263,11,3069.617831,0.0,0.471097,0.471097,1.076425,1.0,protocol-fixture,Stress corner for execution-friction sensitivity; not calibrated cost prediction.
trellm-v0.3-protocol,synthetic_jump_tail_c0_v0_3,C0,E2,harsh friction sweep corner,realistic,naive-momentum,137,0.092966,3.426265,-0.072579,0.414634,18,2367.50769,0.0,0.640431,0.640431,1.35,1.0,protocol-fixture,Stress corner for execution-friction sensitivity; not calibrated cost prediction.
trellm-v0.3-protocol,synthetic_jump_tail_c0_v0_3,C0,E2,harsh friction sweep corner,realistic,naive-momentum,139,0.246205,5.065627,-0.092527,0.6,13,2953.214782,0.0,0.47097,0.47097,1.0,1.0,protocol-fixture,Stress corner for execution-friction sensitivity; not calibrated cost prediction.
trellm-v0.3-protocol,synthetic_jump_tail_c0_v0_3,C0,E2,harsh friction sweep corner,realistic,naive-momentum,149,0.333627,8.08407,-0.040572,0.642857,9,3313.312582,0.0,0.567993,0.567993,1.0,1.0,protocol-fixture,Stress corner for execution-friction sensitivity; not calibrated cost prediction.
trellm-v0.3-protocol,synthetic_jump_tail_c0_v0_3,C0,E2,harsh friction sweep corner,realistic,naive-momentum,151,-0.084024,-1.123018,-0.160255,0.7,6,2777.630378,0.0,0.462177,0.462177,0.994796,1.0,protocol-fixture,Stress corner for execution-friction sensitivity; not calibrated cost prediction.
trellm-v0.3-protocol,synthetic_jump_tail_c0_v0_3,C0,E2,harsh friction sweep corner,realistic,mean-reversion,7,0.183342,5.985856,-0.005272,0.5,3,1647.208141,0.0,0.2356,0.2356,0.781091,1.0,protocol-fixture,Stress corner for execution-friction sensitivity; not calibrated cost prediction.
trellm-v0.3-protocol,synthetic_jump_tail_c0_v0_3,C0,E2,harsh friction sweep corner,realistic,mean-reversion,11,0.039141,3.158306,-0.015171,0.5,10,823.056459,0.0,0.274479,0.274479,1.0,1.0,protocol-fixture,Stress corner for execution-friction sensitivity; not calibrated cost prediction.
trellm-v0.3-protocol,synthetic_jump_tail_c0_v0_3,C0,E2,harsh friction sweep corner,realistic,mean-reversion,17,0.079595,3.183824,-0.054062,0.5,7,1537.673506,0.0,0.302594,0.302594,1.0,1.0,protocol-fixture,Stress corner for execution-friction sensitivity; not calibrated cost prediction.
trellm-v0.3-protocol,synthetic_jump_tail_c0_v0_3,C0,E2,harsh friction sweep corner,realistic,mean-reversion,23,0.180781,5.75917,-0.028707,0.565217,7,1832.676389,0.0,0.403442,0.403442,0.984868,1.0,protocol-fixture,Stress corner for execution-friction sensitivity; not calibrated cost prediction.
trellm-v0.3-protocol,synthetic_jump_tail_c0_v0_3,C0,E2,harsh friction sweep corner,realistic,mean-reversion,31,0.152026,4.247827,-0.023402,0.583333,4,1368.425154,0.0,0.240642,0.240642,1.0,1.0,protocol-fixture,Stress corner for execution-friction sensitivity; not calibrated cost prediction.
trellm-v0.3-protocol,synthetic_jump_tail_c0_v0_3,C0,E2,harsh friction sweep corner,realistic,mean-reversion,37,0.209903,7.258963,-0.018629,0.482759,11,2554.536969,0.0,0.593117,0.593117,1.35,1.0,protocol-fixture,Stress corner for execution-friction sensitivity; not calibrated cost prediction.
trellm-v0.3-protocol,synthetic_jump_tail_c0_v0_3,C0,E2,harsh friction sweep corner,realistic,mean-reversion,41,0.075554,6.428339,-0.003459,0.454545,5,844.451399,0.0,0.211449,0.211449,1.0,1.0,protocol-fixture,Stress corner for execution-friction sensitivity; not calibrated cost prediction.
trellm-v0.3-protocol,synthetic_jump_tail_c0_v0_3,C0,E2,harsh friction sweep corner,realistic,mean-reversion,43,0.003503,0.309025,-0.0846,0.611111,6,2033.776031,0.0,0.304757,0.304757,1.0,1.0,protocol-fixture,Stress corner for execution-friction sensitivity; not calibrated cost prediction.
trellm-v0.3-protocol,synthetic_jump_tail_c0_v0_3,C0,E2,harsh friction sweep corner,realistic,mean-reversion,47,0.130861,4.542148,-0.03542,0.478261,6,1763.528797,0.0,0.424607,0.424607,1.0,1.0,protocol-fixture,Stress corner for execution-friction sensitivity; not calibrated cost prediction.
trellm-v0.3-protocol,synthetic_jump_tail_c0_v0_3,C0,E2,harsh friction sweep corner,realistic,mean-reversion,53,0.295953,5.987306,-0.010841,0.5,7,1737.56612,0.0,0.267637,0.267637,1.0,1.0,protocol-fixture,Stress corner for execution-friction sensitivity; not calibrated cost prediction.
trellm-v0.3-protocol,synthetic_jump_tail_c0_v0_3,C0,E2,harsh friction sweep corner,realistic,mean-reversion,59,-0.134991,-3.270547,-0.144569,0.44,8,1123.434487,0.0,0.353346,0.353346,1.012657,1.0,protocol-fixture,Stress corner for execution-friction sensitivity; not calibrated cost prediction.
trellm-v0.3-protocol,synthetic_jump_tail_c0_v0_3,C0,E2,harsh friction sweep corner,realistic,mean-reversion,61,0.033205,1.182914,-0.063299,0.513514,13,2407.273222,0.0,0.437845,0.437845,0.995605,1.0,protocol-fixture,Stress corner for execution-friction sensitivity; not calibrated cost prediction.
trellm-v0.3-protocol,synthetic_jump_tail_c0_v0_3,C0,E2,harsh friction sweep corner,realistic,mean-reversion,67,0.076693,6.03289,-0.003502,0.6,3,673.259698,0.0,0.224538,0.224538,1.0,1.0,protocol-fixture,Stress corner for execution-friction sensitivity; not calibrated cost prediction.
trellm-v0.3-protocol,synthetic_jump_tail_c0_v0_3,C0,E2,harsh friction sweep corner,realistic,mean-reversion,71,0.149673,3.039102,-0.039115,0.526316,9,1292.154264,0.0,0.380973,0.380973,1.0,1.0,protocol-fixture,Stress corner for execution-friction sensitivity; not calibrated cost prediction.
trellm-v0.3-protocol,synthetic_jump_tail_c0_v0_3,C0,E2,harsh friction sweep corner,realistic,mean-reversion,73,0.061871,6.307509,-0.005839,0.461538,4,719.488796,0.0,0.238732,0.238732,1.0,1.0,protocol-fixture,Stress corner for execution-friction sensitivity; not calibrated cost prediction.
trellm-v0.3-protocol,synthetic_jump_tail_c0_v0_3,C0,E2,harsh friction sweep corner,realistic,mean-reversion,79,0.122906,4.845136,-0.014457,0.590909,8,1923.231457,0.0,0.432459,0.432459,1.35,1.0,protocol-fixture,Stress corner for execution-friction sensitivity; not calibrated cost prediction.
trellm-v0.3-protocol,synthetic_jump_tail_c0_v0_3,C0,E2,harsh friction sweep corner,realistic,mean-reversion,83,-0.041541,-2.13587,-0.062734,0.5,9,2027.695904,0.0,0.457347,0.457347,0.997038,1.0,protocol-fixture,Stress corner for execution-friction sensitivity; not calibrated cost prediction.
trellm-v0.3-protocol,synthetic_jump_tail_c0_v0_3,C0,E2,harsh friction sweep corner,realistic,mean-reversion,89,0.163744,6.490536,-0.017568,0.466667,13,2212.468462,0.0,0.495718,0.495718,1.35,1.0,protocol-fixture,Stress corner for execution-friction sensitivity; not calibrated cost prediction.
trellm-v0.3-protocol,synthetic_jump_tail_c0_v0_3,C0,E2,harsh friction sweep corner,realistic,mean-reversion,97,-0.001234,-3.310064,-0.001234,0.25,0,117.472754,0.0,0.068963,0.068963,0.573738,1.0,protocol-fixture,Stress corner for execution-friction sensitivity; not calibrated cost prediction.
trellm-v0.3-protocol,synthetic_jump_tail_c0_v0_3,C0,E2,harsh friction sweep corner,realistic,mean-reversion,101,-0.103399,-2.935164,-0.165702,0.588235,12,2448.05357,0.0,0.401348,0.401348,1.194113,1.0,protocol-fixture,Stress corner for execution-friction sensitivity; not calibrated cost prediction.
trellm-v0.3-protocol,synthetic_jump_tail_c0_v0_3,C0,E2,harsh friction sweep corner,realistic,mean-reversion,103,0.092537,2.862822,-0.024578,0.571429,3,1482.689832,0.0,0.158086,0.158086,0.76773,1.0,protocol-fixture,Stress corner for execution-friction sensitivity; not calibrated cost prediction.
trellm-v0.3-protocol,synthetic_jump_tail_c0_v0_3,C0,E2,harsh friction sweep corner,realistic,mean-reversion,107,0.207377,4.373968,-0.029099,0.444444,6,2279.95141,0.0,0.328359,0.328359,1.35,1.0,protocol-fixture,Stress corner for execution-friction sensitivity; not calibrated cost prediction.
trellm-v0.3-protocol,synthetic_jump_tail_c0_v0_3,C0,E2,harsh friction sweep corner,realistic,mean-reversion,109,0.172786,3.477452,-0.080041,0.541667,5,2126.977088,0.0,0.3737,0.3737,1.024349,1.0,protocol-fixture,Stress corner for execution-friction sensitivity; not calibrated cost prediction.
trellm-v0.3-protocol,synthetic_jump_tail_c0_v0_3,C0,E2,harsh friction sweep corner,realistic,mean-reversion,113,0.180247,5.522971,-0.018971,0.55,6,1612.365618,0.0,0.423196,0.423196,1.0,1.0,protocol-fixture,Stress corner for execution-friction sensitivity; not calibrated cost prediction.
trellm-v0.3-protocol,synthetic_jump_tail_c0_v0_3,C0,E2,harsh friction sweep corner,realistic,mean-reversion,127,0.214784,8.471789,-0.007225,0.428571,11,2420.021562,0.0,0.453512,0.453512,1.35,1.0,protocol-fixture,Stress corner for execution-friction sensitivity; not calibrated cost prediction.
trellm-v0.3-protocol,synthetic_jump_tail_c0_v0_3,C0,E2,harsh friction sweep corner,realistic,mean-reversion,131,-0.014292,-0.181353,-0.117388,0.676471,7,3463.563869,0.0,0.657224,0.657224,1.35,1.0,protocol-fixture,Stress corner for execution-friction sensitivity; not calibrated cost prediction.
trellm-v0.3-protocol,synthetic_jump_tail_c0_v0_3,C0,E2,harsh friction sweep corner,realistic,mean-reversion,137,0.117864,4.769357,-0.038,0.5,9,1437.577435,0.0,0.335718,0.335718,0.838554,1.0,protocol-fixture,Stress corner for execution-friction sensitivity; not calibrated cost prediction.
trellm-v0.3-protocol,synthetic_jump_tail_c0_v0_3,C0,E2,harsh friction sweep corner,realistic,mean-reversion,139,-0.011489,-0.30905,-0.074298,0.409091,10,1639.257536,0.0,0.32723,0.32723,1.0,1.0,protocol-fixture,Stress corner for execution-friction sensitivity; not calibrated cost prediction.
trellm-v0.3-protocol,synthetic_jump_tail_c0_v0_3,C0,E2,harsh friction sweep corner,realistic,mean-reversion,149,-0.154743,-2.826323,-0.187559,0.666667,5,1513.244435,0.0,0.369478,0.369478,1.0,1.0,protocol-fixture,Stress corner for execution-friction sensitivity; not calibrated cost prediction.
trellm-v0.3-protocol,synthetic_jump_tail_c0_v0_3,C0,E2,harsh friction sweep corner,realistic,mean-reversion,151,0.046933,2.184285,-0.052708,0.48,9,1830.198104,0.0,0.394974,0.394974,1.0,1.0,protocol-fixture,Stress corner for execution-friction sensitivity; not calibrated cost prediction.
trellm-v0.3-protocol,synthetic_jump_tail_c0_v0_3,C0,E2,harsh friction sweep corner,realistic,risk-parity,7,0.42465,7.967523,-0.012368,0.583333,14,2989.517808,0.0,0.409672,0.409672,0.7,1.0,protocol-fixture,Stress corner for execution-friction sensitivity; not calibrated cost prediction.
trellm-v0.3-protocol,synthetic_jump_tail_c0_v0_3,C0,E2,harsh friction sweep corner,realistic,risk-parity,11,0.238646,11.207827,-0.018637,0.708333,8,2304.072311,0.0,0.43186,0.43186,0.775763,1.0,protocol-fixture,Stress corner for execution-friction sensitivity; not calibrated cost prediction.
trellm-v0.3-protocol,synthetic_jump_tail_c0_v0_3,C0,E2,harsh friction sweep corner,realistic,risk-parity,17,0.20874,5.728831,-0.07435,0.583333,14,1645.135928,0.0,0.332449,0.332449,0.7,1.0,protocol-fixture,Stress corner for execution-friction sensitivity; not calibrated cost prediction.
trellm-v0.3-protocol,synthetic_jump_tail_c0_v0_3,C0,E2,harsh friction sweep corner,realistic,risk-parity,23,0.167906,8.235989,-0.015104,0.583333,14,2232.748852,0.0,0.32866,0.32866,0.7,1.0,protocol-fixture,Stress corner for execution-friction sensitivity; not calibrated cost prediction.
trellm-v0.3-protocol,synthetic_jump_tail_c0_v0_3,C0,E2,harsh friction sweep corner,realistic,risk-parity,31,0.354023,10.942092,-0.002366,0.645833,11,2448.156895,0.0,0.414341,0.414341,0.787322,1.0,protocol-fixture,Stress corner for execution-friction sensitivity; not calibrated cost prediction.
trellm-v0.3-protocol,synthetic_jump_tail_c0_v0_3,C0,E2,harsh friction sweep corner,realistic,risk-parity,37,0.370519,8.877411,-0.040591,0.666667,10,3338.356076,0.0,0.44107,0.44107,0.931166,1.0,protocol-fixture,Stress corner for execution-friction sensitivity; not calibrated cost prediction.
trellm-v0.3-protocol,synthetic_jump_tail_c0_v0_3,C0,E2,harsh friction sweep corner,realistic,risk-parity,41,0.201063,7.763699,-0.027456,0.5625,15,2162.767671,0.0,0.34832,0.34832,0.7,1.0,protocol-fixture,Stress corner for execution-friction sensitivity; not calibrated cost prediction.
trellm-v0.3-protocol,synthetic_jump_tail_c0_v0_3,C0,E2,harsh friction sweep corner,realistic,risk-parity,43,0.072931,2.215211,-0.038633,0.583333,14,1633.212194,0.0,0.346505,0.346505,0.7,1.0,protocol-fixture,Stress corner for execution-friction sensitivity; not calibrated cost prediction.
trellm-v0.3-protocol,synthetic_jump_tail_c0_v0_3,C0,E2,harsh friction sweep corner,realistic,risk-parity,47,0.167997,4.944474,-0.066288,0.604167,13,1626.191674,0.0,0.316483,0.316483,0.7,1.0,protocol-fixture,Stress corner for execution-friction sensitivity; not calibrated cost prediction.
trellm-v0.3-protocol,synthetic_jump_tail_c0_v0_3,C0,E2,harsh friction sweep corner,realistic,risk-parity,53,0.429524,8.605196,-0.024453,0.625,12,2200.153632,0.0,0.378371,0.378371,0.7,1.0,protocol-fixture,Stress corner for execution-friction sensitivity; not calibrated cost prediction.
trellm-v0.3-protocol,synthetic_jump_tail_c0_v0_3,C0,E2,harsh friction sweep corner,realistic,risk-parity,59,-0.045852,-0.853913,-0.129573,0.583333,14,2590.008967,0.0,0.423223,0.423223,0.739093,1.0,protocol-fixture,Stress corner for execution-friction sensitivity; not calibrated cost prediction.
trellm-v0.3-protocol,synthetic_jump_tail_c0_v0_3,C0,E2,harsh friction sweep corner,realistic,risk-parity,61,-0.02837,-0.456848,-0.090991,0.604167,13,2973.287428,0.0,0.377725,0.377725,0.7,1.0,protocol-fixture,Stress corner for execution-friction sensitivity; not calibrated cost prediction.
trellm-v0.3-protocol,synthetic_jump_tail_c0_v0_3,C0,E2,harsh friction sweep corner,realistic,risk-parity,67,0.284931,10.901055,-0.011894,0.659574,10,1390.68687,0.0,0.306623,0.306623,0.7,1.0,protocol-fixture,Stress corner for execution-friction sensitivity; not calibrated cost prediction.
trellm-v0.3-protocol,synthetic_jump_tail_c0_v0_3,C0,E2,harsh friction sweep corner,realistic,risk-parity,71,0.18209,5.377723,-0.03527,0.541667,16,2053.266296,0.0,0.418892,0.418892,0.7,1.0,protocol-fixture,Stress corner for execution-friction sensitivity; not calibrated cost prediction.
trellm-v0.3-protocol,synthetic_jump_tail_c0_v0_3,C0,E2,harsh friction sweep corner,realistic,risk-parity,73,0.259053,9.752477,-0.032102,0.5625,15,1560.116397,0.0,0.323434,0.323434,0.7,1.0,protocol-fixture,Stress corner for execution-friction sensitivity; not calibrated cost prediction.
trellm-v0.3-protocol,synthetic_jump_tail_c0_v0_3,C0,E2,harsh friction sweep corner,realistic,risk-parity,79,-0.103068,-1.670218,-0.184346,0.520833,17,2163.372778,0.0,0.411302,0.411302,0.7,1.0,protocol-fixture,Stress corner for execution-friction sensitivity; not calibrated cost prediction.
trellm-v0.3-protocol,synthetic_jump_tail_c0_v0_3,C0,E2,harsh friction sweep corner,realistic,risk-parity,83,0.12877,4.741336,-0.05882,0.666667,10,2235.555576,0.0,0.399075,0.399075,0.708196,1.0,protocol-fixture,Stress corner for execution-friction sensitivity; not calibrated cost prediction.
trellm-v0.3-protocol,synthetic_jump_tail_c0_v0_3,C0,E2,harsh friction sweep corner,realistic,risk-parity,89,0.255463,6.667353,-0.023202,0.666667,10,2093.102732,0.0,0.398142,0.398142,0.796955,1.0,protocol-fixture,Stress corner for execution-friction sensitivity; not calibrated cost prediction.
trellm-v0.3-protocol,synthetic_jump_tail_c0_v0_3,C0,E2,harsh friction sweep corner,realistic,risk-parity,97,0.18322,8.020845,-0.039373,0.5625,15,1729.599157,0.0,0.350212,0.350212,0.7,1.0,protocol-fixture,Stress corner for execution-friction sensitivity; not calibrated cost prediction.
trellm-v0.3-protocol,synthetic_jump_tail_c0_v0_3,C0,E2,harsh friction sweep corner,realistic,risk-parity,101,0.111817,3.84741,-0.048536,0.666667,10,2188.934642,0.0,0.387552,0.387552,0.7,1.0,protocol-fixture,Stress corner for execution-friction sensitivity; not calibrated cost prediction.
trellm-v0.3-protocol,synthetic_jump_tail_c0_v0_3,C0,E2,harsh friction sweep corner,realistic,risk-parity,103,0.302314,7.428672,-0.037983,0.604167,13,1998.21926,0.0,0.357815,0.357815,0.7,1.0,protocol-fixture,Stress corner for execution-friction sensitivity; not calibrated cost prediction.
trellm-v0.3-protocol,synthetic_jump_tail_c0_v0_3,C0,E2,harsh friction sweep corner,realistic,risk-parity,107,0.255665,11.312415,-0.021465,0.6875,9,2875.492416,0.0,0.386287,0.386287,0.7,1.0,protocol-fixture,Stress corner for execution-friction sensitivity; not calibrated cost prediction.
trellm-v0.3-protocol,synthetic_jump_tail_c0_v0_3,C0,E2,harsh friction sweep corner,realistic,risk-parity,109,0.099284,3.257355,-0.063724,0.666667,10,2352.877728,0.0,0.507946,0.507946,0.991071,1.0,protocol-fixture,Stress corner for execution-friction sensitivity; not calibrated cost prediction.
trellm-v0.3-protocol,synthetic_jump_tail_c0_v0_3,C0,E2,harsh friction sweep corner,realistic,risk-parity,113,0.309033,10.475005,-0.045507,0.680851,9,2092.572649,0.0,0.470938,0.470938,1.0,1.0,protocol-fixture,Stress corner for execution-friction sensitivity; not calibrated cost prediction.
trellm-v0.3-protocol,synthetic_jump_tail_c0_v0_3,C0,E2,harsh friction sweep corner,realistic,risk-parity,127,0.12198,3.704905,-0.046924,0.645833,11,2214.668925,0.0,0.390734,0.390734,0.7,1.0,protocol-fixture,Stress corner for execution-friction sensitivity; not calibrated cost prediction.
trellm-v0.3-protocol,synthetic_jump_tail_c0_v0_3,C0,E2,harsh friction sweep corner,realistic,risk-parity,131,0.080738,2.091177,-0.048603,0.5625,15,2206.81153,0.0,0.42528,0.42528,0.763065,1.0,protocol-fixture,Stress corner for execution-friction sensitivity; not calibrated cost prediction.
trellm-v0.3-protocol,synthetic_jump_tail_c0_v0_3,C0,E2,harsh friction sweep corner,realistic,risk-parity,137,0.116564,3.373824,-0.058653,0.583333,14,1886.70178,0.0,0.38487,0.38487,0.7,1.0,protocol-fixture,Stress corner for execution-friction sensitivity; not calibrated cost prediction.
trellm-v0.3-protocol,synthetic_jump_tail_c0_v0_3,C0,E2,harsh friction sweep corner,realistic,risk-parity,139,0.151418,3.294958,-0.142552,0.645833,11,2350.145619,0.0,0.472863,0.472863,0.896649,1.0,protocol-fixture,Stress corner for execution-friction sensitivity; not calibrated cost prediction.
trellm-v0.3-protocol,synthetic_jump_tail_c0_v0_3,C0,E2,harsh friction sweep corner,realistic,risk-parity,149,0.306143,8.23376,-0.01125,0.625,12,2902.542595,0.0,0.380208,0.380208,0.7,1.0,protocol-fixture,Stress corner for execution-friction sensitivity; not calibrated cost prediction.
trellm-v0.3-protocol,synthetic_jump_tail_c0_v0_3,C0,E2,harsh friction sweep corner,realistic,risk-parity,151,0.200173,5.987523,-0.046389,0.625,12,3627.859792,0.0,0.467704,0.467704,0.845586,1.0,protocol-fixture,Stress corner for execution-friction sensitivity; not calibrated cost prediction.
trellm-v0.3-protocol,synthetic_jump_tail_c0_v0_3,C0,E2,harsh friction sweep corner,realistic,minimum-variance,7,0.316703,8.638973,-0.023386,0.604167,13,2187.053097,0.0,0.346896,0.346896,0.7,1.0,protocol-fixture,Stress corner for execution-friction sensitivity; not calibrated cost prediction.
trellm-v0.3-protocol,synthetic_jump_tail_c0_v0_3,C0,E2,harsh friction sweep corner,realistic,minimum-variance,11,0.227827,10.657359,-0.018637,0.73913,6,2391.718212,0.0,0.448869,0.448869,0.715242,1.0,protocol-fixture,Stress corner for execution-friction sensitivity; not calibrated cost prediction.
trellm-v0.3-protocol,synthetic_jump_tail_c0_v0_3,C0,E2,harsh friction sweep corner,realistic,minimum-variance,17,0.193409,5.272767,-0.07435,0.574468,14,1822.717545,0.0,0.348453,0.348453,0.7,1.0,protocol-fixture,Stress corner for execution-friction sensitivity; not calibrated cost prediction.
trellm-v0.3-protocol,synthetic_jump_tail_c0_v0_3,C0,E2,harsh friction sweep corner,realistic,minimum-variance,23,0.151422,7.683626,-0.015994,0.630435,11,2239.074768,0.0,0.374437,0.374437,0.7,1.0,protocol-fixture,Stress corner for execution-friction sensitivity; not calibrated cost prediction.
trellm-v0.3-protocol,synthetic_jump_tail_c0_v0_3,C0,E2,harsh friction sweep corner,realistic,minimum-variance,31,0.334534,10.367798,-0.002366,0.666667,10,2372.096067,0.0,0.395796,0.395796,0.7,1.0,protocol-fixture,Stress corner for execution-friction sensitivity; not calibrated cost prediction.
trellm-v0.3-protocol,synthetic_jump_tail_c0_v0_3,C0,E2,harsh friction sweep corner,realistic,minimum-variance,37,0.374295,8.889576,-0.040358,0.702128,8,3347.343109,0.0,0.454543,0.454543,0.982197,1.0,protocol-fixture,Stress corner for execution-friction sensitivity; not calibrated cost prediction.
trellm-v0.3-protocol,synthetic_jump_tail_c0_v0_3,C0,E2,harsh friction sweep corner,realistic,minimum-variance,41,0.201377,7.860253,-0.026355,0.583333,14,2150.574314,0.0,0.358171,0.358171,0.7,1.0,protocol-fixture,Stress corner for execution-friction sensitivity; not calibrated cost prediction.
trellm-v0.3-protocol,synthetic_jump_tail_c0_v0_3,C0,E2,harsh friction sweep corner,realistic,minimum-variance,43,0.074685,2.26156,-0.038633,0.583333,14,1572.862499,0.0,0.340867,0.340867,0.7,1.0,protocol-fixture,Stress corner for execution-friction sensitivity; not calibrated cost prediction.
trellm-v0.3-protocol,synthetic_jump_tail_c0_v0_3,C0,E2,harsh friction sweep corner,realistic,minimum-variance,47,0.169555,4.981854,-0.066303,0.583333,14,1637.593385,0.0,0.332408,0.332408,0.7,1.0,protocol-fixture,Stress corner for execution-friction sensitivity; not calibrated cost prediction.
trellm-v0.3-protocol,synthetic_jump_tail_c0_v0_3,C0,E2,harsh friction sweep corner,realistic,minimum-variance,53,0.427371,8.55837,-0.024453,0.625,12,2300.660192,0.0,0.385925,0.385925,0.7,1.0,protocol-fixture,Stress corner for execution-friction sensitivity; not calibrated cost prediction.
trellm-v0.3-protocol,synthetic_jump_tail_c0_v0_3,C0,E2,harsh friction sweep corner,realistic,minimum-variance,59,-0.102406,-1.392175,-0.210693,0.688889,9,2543.318571,0.029167,0.510234,0.510234,1.0,1.0,protocol-fixture,Stress corner for execution-friction sensitivity; not calibrated cost prediction.
trellm-v0.3-protocol,synthetic_jump_tail_c0_v0_3,C0,E2,harsh friction sweep corner,realistic,minimum-variance,61,-0.029803,-0.427036,-0.101739,0.583333,14,2996.914143,0.0,0.394799,0.394799,0.7,1.0,protocol-fixture,Stress corner for execution-friction sensitivity; not calibrated cost prediction.
trellm-v0.3-protocol,synthetic_jump_tail_c0_v0_3,C0,E2,harsh friction sweep corner,realistic,minimum-variance,67,0.296435,11.000409,-0.010925,0.680851,9,1495.764233,0.0,0.314574,0.314574,0.7,1.0,protocol-fixture,Stress corner for execution-friction sensitivity; not calibrated cost prediction.
trellm-v0.3-protocol,synthetic_jump_tail_c0_v0_3,C0,E2,harsh friction sweep corner,realistic,minimum-variance,71,0.171332,5.086803,-0.034459,0.541667,16,1932.258336,0.0,0.400903,0.400903,0.7,1.0,protocol-fixture,Stress corner for execution-friction sensitivity; not calibrated cost prediction.
trellm-v0.3-protocol,synthetic_jump_tail_c0_v0_3,C0,E2,harsh friction sweep corner,realistic,minimum-variance,73,0.259053,9.752477,-0.032102,0.5625,15,1560.116397,0.0,0.327464,0.327464,0.7,1.0,protocol-fixture,Stress corner for execution-friction sensitivity; not calibrated cost prediction.
trellm-v0.3-protocol,synthetic_jump_tail_c0_v0_3,C0,E2,harsh friction sweep corner,realistic,minimum-variance,79,-0.097809,-1.565587,-0.184346,0.5625,15,2060.380211,0.0,0.395544,0.395544,0.7,1.0,protocol-fixture,Stress corner for execution-friction sensitivity; not calibrated cost prediction.
trellm-v0.3-protocol,synthetic_jump_tail_c0_v0_3,C0,E2,harsh friction sweep corner,realistic,minimum-variance,83,0.12877,4.741336,-0.05882,0.695652,8,2235.555576,0.0,0.401851,0.401851,0.708196,1.0,protocol-fixture,Stress corner for execution-friction sensitivity; not calibrated cost prediction.
trellm-v0.3-protocol,synthetic_jump_tail_c0_v0_3,C0,E2,harsh friction sweep corner,realistic,minimum-variance,89,0.253361,6.577314,-0.024899,0.702128,8,2319.114588,0.0,0.400534,0.400534,0.7,1.0,protocol-fixture,Stress corner for execution-friction sensitivity; not calibrated cost prediction.
trellm-v0.3-protocol,synthetic_jump_tail_c0_v0_3,C0,E2,harsh friction sweep corner,realistic,minimum-variance,97,0.17952,7.979156,-0.038659,0.583333,14,1702.686357,0.0,0.335582,0.335582,0.7,1.0,protocol-fixture,Stress corner for execution-friction sensitivity; not calibrated cost prediction.
trellm-v0.3-protocol,synthetic_jump_tail_c0_v0_3,C0,E2,harsh friction sweep corner,realistic,minimum-variance,101,0.111112,3.82175,-0.048487,0.666667,10,2228.312954,0.0,0.388201,0.388201,0.7,1.0,protocol-fixture,Stress corner for execution-friction sensitivity; not calibrated cost prediction.
trellm-v0.3-protocol,synthetic_jump_tail_c0_v0_3,C0,E2,harsh friction sweep corner,realistic,minimum-variance,103,0.301317,7.413594,-0.037944,0.617021,12,1984.983805,0.0,0.366551,0.366551,0.7,1.0,protocol-fixture,Stress corner for execution-friction sensitivity; not calibrated cost prediction.
trellm-v0.3-protocol,synthetic_jump_tail_c0_v0_3,C0,E2,harsh friction sweep corner,realistic,minimum-variance,107,0.222835,10.348491,-0.022685,0.6875,9,2949.729964,0.0,0.383361,0.383361,0.7,1.0,protocol-fixture,Stress corner for execution-friction sensitivity; not calibrated cost prediction.
trellm-v0.3-protocol,synthetic_jump_tail_c0_v0_3,C0,E2,harsh friction sweep corner,realistic,minimum-variance,109,0.096996,3.141932,-0.065703,0.645833,11,2359.188321,0.0,0.518745,0.518745,1.0,1.0,protocol-fixture,Stress corner for execution-friction sensitivity; not calibrated cost prediction.
trellm-v0.3-protocol,synthetic_jump_tail_c0_v0_3,C0,E2,harsh friction sweep corner,realistic,minimum-variance,113,0.29705,10.663668,-0.045371,0.73913,6,2055.896059,0.0,0.410672,0.410672,0.836329,1.0,protocol-fixture,Stress corner for execution-friction sensitivity; not calibrated cost prediction.
trellm-v0.3-protocol,synthetic_jump_tail_c0_v0_3,C0,E2,harsh friction sweep corner,realistic,minimum-variance,127,0.121082,3.625471,-0.050335,0.659574,10,2240.654694,0.0,0.413612,0.413612,0.7,1.0,protocol-fixture,Stress corner for execution-friction sensitivity; not calibrated cost prediction.
trellm-v0.3-protocol,synthetic_jump_tail_c0_v0_3,C0,E2,harsh friction sweep corner,realistic,minimum-variance,131,0.151262,3.996213,-0.047035,0.520833,17,2761.086386,0.0,0.413629,0.413629,0.7,1.0,protocol-fixture,Stress corner for execution-friction sensitivity; not calibrated cost prediction.
trellm-v0.3-protocol,synthetic_jump_tail_c0_v0_3,C0,E2,harsh friction sweep corner,realistic,minimum-variance,137,0.089154,2.782315,-0.064581,0.6,12,1803.154346,0.0,0.367398,0.367398,0.7,1.0,protocol-fixture,Stress corner for execution-friction sensitivity; not calibrated cost prediction.
trellm-v0.3-protocol,synthetic_jump_tail_c0_v0_3,C0,E2,harsh friction sweep corner,realistic,minimum-variance,139,0.083151,2.017163,-0.142552,0.608696,12,2095.788246,0.0,0.415935,0.415935,0.7,1.0,protocol-fixture,Stress corner for execution-friction sensitivity; not calibrated cost prediction.
trellm-v0.3-protocol,synthetic_jump_tail_c0_v0_3,C0,E2,harsh friction sweep corner,realistic,minimum-variance,149,0.287547,7.598201,-0.01125,0.638298,11,2637.509487,0.0,0.415947,0.415947,0.7,1.0,protocol-fixture,Stress corner for execution-friction sensitivity; not calibrated cost prediction.
trellm-v0.3-protocol,synthetic_jump_tail_c0_v0_3,C0,E2,harsh friction sweep corner,realistic,minimum-variance,151,0.227666,7.34357,-0.023345,0.680851,9,3751.373352,0.0,0.449527,0.449527,0.724478,1.0,protocol-fixture,Stress corner for execution-friction sensitivity; not calibrated cost prediction.
trellm-v0.3-protocol,synthetic_jump_tail_c0_v0_3,C0,E2,harsh friction sweep corner,realistic,random,7,0.34516,8.095561,-0.012577,0.604651,11,3214.272801,0.0,0.411195,0.411195,1.0,1.0,protocol-fixture,Stress corner for execution-friction sensitivity; not calibrated cost prediction.
trellm-v0.3-protocol,synthetic_jump_tail_c0_v0_3,C0,E2,harsh friction sweep corner,realistic,random,11,0.148338,7.665234,-0.018637,0.613636,11,2664.893965,0.0,0.418297,0.418297,1.0,1.0,protocol-fixture,Stress corner for execution-friction sensitivity; not calibrated cost prediction.
trellm-v0.3-protocol,synthetic_jump_tail_c0_v0_3,C0,E2,harsh friction sweep corner,realistic,random,17,0.199502,4.668925,-0.07435,0.555556,14,2590.321954,0.0,0.500345,0.500345,1.0,1.0,protocol-fixture,Stress corner for execution-friction sensitivity; not calibrated cost prediction.
trellm-v0.3-protocol,synthetic_jump_tail_c0_v0_3,C0,E2,harsh friction sweep corner,realistic,random,23,0.139099,5.833819,-0.023588,0.512195,14,2006.986608,0.0,0.466924,0.466924,1.0,1.0,protocol-fixture,Stress corner for execution-friction sensitivity; not calibrated cost prediction.
trellm-v0.3-protocol,synthetic_jump_tail_c0_v0_3,C0,E2,harsh friction sweep corner,realistic,random,31,0.324777,11.396352,-0.017656,0.666667,8,2989.959356,0.0,0.499691,0.499691,1.129641,1.0,protocol-fixture,Stress corner for execution-friction sensitivity; not calibrated cost prediction.
trellm-v0.3-protocol,synthetic_jump_tail_c0_v0_3,C0,E2,harsh friction sweep corner,realistic,random,37,0.139861,4.199816,-0.082663,0.630435,11,2472.187907,0.0,0.504245,0.504245,1.0,1.0,protocol-fixture,Stress corner for execution-friction sensitivity; not calibrated cost prediction.
trellm-v0.3-protocol,synthetic_jump_tail_c0_v0_3,C0,E2,harsh friction sweep corner,realistic,random,41,0.131924,4.423379,-0.033532,0.456522,19,2257.550961,0.0,0.520347,0.520347,1.0,1.0,protocol-fixture,Stress corner for execution-friction sensitivity; not calibrated cost prediction.
trellm-v0.3-protocol,synthetic_jump_tail_c0_v0_3,C0,E2,harsh friction sweep corner,realistic,random,43,0.038047,1.58203,-0.041075,0.521739,16,1858.100727,0.0,0.430344,0.430344,1.0,1.0,protocol-fixture,Stress corner for execution-friction sensitivity; not calibrated cost prediction.
trellm-v0.3-protocol,synthetic_jump_tail_c0_v0_3,C0,E2,harsh friction sweep corner,realistic,random,47,0.128072,3.922322,-0.068042,0.586957,13,2169.634935,0.0,0.420299,0.420299,0.7,1.0,protocol-fixture,Stress corner for execution-friction sensitivity; not calibrated cost prediction.
trellm-v0.3-protocol,synthetic_jump_tail_c0_v0_3,C0,E2,harsh friction sweep corner,realistic,random,53,0.392049,8.546632,-0.002735,0.565217,14,3023.694724,0.0,0.501038,0.501038,1.0,1.0,protocol-fixture,Stress corner for execution-friction sensitivity; not calibrated cost prediction.
trellm-v0.3-protocol,synthetic_jump_tail_c0_v0_3,C0,E2,harsh friction sweep corner,realistic,random,59,-0.175767,-2.544644,-0.243556,0.642857,11,3002.453582,0.029167,0.561426,0.561426,1.05621,1.0,protocol-fixture,Stress corner for execution-friction sensitivity; not calibrated cost prediction.
trellm-v0.3-protocol,synthetic_jump_tail_c0_v0_3,C0,E2,harsh friction sweep corner,realistic,random,61,-0.071867,-2.170234,-0.077789,0.630435,11,3309.821762,0.0,0.402431,0.402431,0.843555,1.0,protocol-fixture,Stress corner for execution-friction sensitivity; not calibrated cost prediction.
trellm-v0.3-protocol,synthetic_jump_tail_c0_v0_3,C0,E2,harsh friction sweep corner,realistic,random,67,0.289712,9.686571,-0.009883,0.675,8,2217.721749,0.0,0.448112,0.448112,1.0,1.0,protocol-fixture,Stress corner for execution-friction sensitivity; not calibrated cost prediction.
trellm-v0.3-protocol,synthetic_jump_tail_c0_v0_3,C0,E2,harsh friction sweep corner,realistic,random,71,0.179181,6.603831,-0.021507,0.590909,12,2835.49709,0.0,0.590989,0.590989,1.122082,1.0,protocol-fixture,Stress corner for execution-friction sensitivity; not calibrated cost prediction.
trellm-v0.3-protocol,synthetic_jump_tail_c0_v0_3,C0,E2,harsh friction sweep corner,realistic,random,73,0.165143,6.841717,-0.041363,0.680851,9,2307.027472,0.0,0.372707,0.372707,0.7,1.0,protocol-fixture,Stress corner for execution-friction sensitivity; not calibrated cost prediction.
trellm-v0.3-protocol,synthetic_jump_tail_c0_v0_3,C0,E2,harsh friction sweep corner,realistic,random,79,-0.0809,-1.145286,-0.190481,0.560976,13,1459.569404,0.0,0.391225,0.391225,0.7,1.0,protocol-fixture,Stress corner for execution-friction sensitivity; not calibrated cost prediction.
trellm-v0.3-protocol,synthetic_jump_tail_c0_v0_3,C0,E2,harsh friction sweep corner,realistic,random,83,0.081532,3.535884,-0.057366,0.534884,14,2652.890132,0.0,0.387552,0.387552,1.0,1.0,protocol-fixture,Stress corner for execution-friction sensitivity; not calibrated cost prediction.
trellm-v0.3-protocol,synthetic_jump_tail_c0_v0_3,C0,E2,harsh friction sweep corner,realistic,random,89,0.162754,6.336866,-0.029326,0.666667,8,2690.965811,0.0,0.514181,0.514181,1.0,1.0,protocol-fixture,Stress corner for execution-friction sensitivity; not calibrated cost prediction.
trellm-v0.3-protocol,synthetic_jump_tail_c0_v0_3,C0,E2,harsh friction sweep corner,realistic,random,97,0.135726,6.458128,-0.026729,0.547619,15,2093.355876,0.0,0.416551,0.416551,1.0,1.0,protocol-fixture,Stress corner for execution-friction sensitivity; not calibrated cost prediction.
trellm-v0.3-protocol,synthetic_jump_tail_c0_v0_3,C0,E2,harsh friction sweep corner,realistic,random,101,0.074508,3.422886,-0.030999,0.473684,18,2555.04213,0.0,0.454409,0.454409,1.0,1.0,protocol-fixture,Stress corner for execution-friction sensitivity; not calibrated cost prediction.
trellm-v0.3-protocol,synthetic_jump_tail_c0_v0_3,C0,E2,harsh friction sweep corner,realistic,random,103,0.244647,6.743407,-0.02349,0.541667,16,2042.298681,0.0,0.489736,0.489736,1.0,1.0,protocol-fixture,Stress corner for execution-friction sensitivity; not calibrated cost prediction.
trellm-v0.3-protocol,synthetic_jump_tail_c0_v0_3,C0,E2,harsh friction sweep corner,realistic,random,107,0.231137,8.615466,-0.036696,0.586957,13,3016.343682,0.0,0.390627,0.390627,0.975271,1.0,protocol-fixture,Stress corner for execution-friction sensitivity; not calibrated cost prediction.
trellm-v0.3-protocol,synthetic_jump_tail_c0_v0_3,C0,E2,harsh friction sweep corner,realistic,random,109,0.152739,7.704693,-0.023977,0.681818,8,3723.547523,0.0,0.494656,0.494656,1.045078,1.0,protocol-fixture,Stress corner for execution-friction sensitivity; not calibrated cost prediction.
trellm-v0.3-protocol,synthetic_jump_tail_c0_v0_3,C0,E2,harsh friction sweep corner,realistic,random,113,0.210615,11.688885,-0.023966,0.613636,11,2789.813673,0.0,0.488667,0.488667,0.988302,1.0,protocol-fixture,Stress corner for execution-friction sensitivity; not calibrated cost prediction.
trellm-v0.3-protocol,synthetic_jump_tail_c0_v0_3,C0,E2,harsh friction sweep corner,realistic,random,127,0.182244,5.517394,-0.042661,0.642857,11,2738.825561,0.0,0.558463,0.558463,1.0,1.0,protocol-fixture,Stress corner for execution-friction sensitivity; not calibrated cost prediction.
trellm-v0.3-protocol,synthetic_jump_tail_c0_v0_3,C0,E2,harsh friction sweep corner,realistic,random,131,0.069081,1.902251,-0.068718,0.525,13,2061.452213,0.0,0.352604,0.352604,0.662922,1.0,protocol-fixture,Stress corner for execution-friction sensitivity; not calibrated cost prediction.
trellm-v0.3-protocol,synthetic_jump_tail_c0_v0_3,C0,E2,harsh friction sweep corner,realistic,random,137,0.057989,2.207607,-0.068507,0.555556,14,2450.42544,0.0,0.517784,0.517784,1.0,1.0,protocol-fixture,Stress corner for execution-friction sensitivity; not calibrated cost prediction.
trellm-v0.3-protocol,synthetic_jump_tail_c0_v0_3,C0,E2,harsh friction sweep corner,realistic,random,139,0.007604,0.407677,-0.145921,0.658537,10,2654.658789,0.0,0.40888,0.40888,1.0,1.0,protocol-fixture,Stress corner for execution-friction sensitivity; not calibrated cost prediction.
trellm-v0.3-protocol,synthetic_jump_tail_c0_v0_3,C0,E2,harsh friction sweep corner,realistic,random,149,0.07717,3.138342,-0.058437,0.642857,11,2688.612546,0.0,0.386737,0.386737,0.924392,1.0,protocol-fixture,Stress corner for execution-friction sensitivity; not calibrated cost prediction.
trellm-v0.3-protocol,synthetic_jump_tail_c0_v0_3,C0,E2,harsh friction sweep corner,realistic,random,151,0.091261,2.75744,-0.064776,0.608696,13,3285.939882,0.0,0.422118,0.422118,1.0,1.0,protocol-fixture,Stress corner for execution-friction sensitivity; not calibrated cost prediction.
