protocol_id,submission_path,scenario_id,provider,model_family,model_display_name,contamination_tier,execution_level,seed,sample_index,evidence_tags,total_return,max_drawdown,sharpe,provider_manifest_path,provider_manifest_sha256,provider_route,manifest_model_id,manifest_model_version_or_release,row_validation_status,threshold_eligible,blocking_reasons
trellm-v0.3-protocol,outputs/v0_3_direct_api_matrix/submissions/deepseek__deepseek_v4_flash__synthetic_calm_trend_c0_v0_3__c0__e0__seed_11__sample_0.json,synthetic_calm_trend_c0_v0_3,deepseek,deepseek-v4-flash,deepseek-v4-flash (api-pinned-2026-07-02),C0,E0,11,0,stress-only;direct-api;live-provider;redacted-prompt,0.0835,-0.00021,11.469714,outputs/v0_3_direct_api_matrix/provider_manifests/deepseek__deepseek_v4_flash__synthetic_calm_trend_c0_v0_3__c0__e0__seed_11__sample_0.json,sha256:fde05e4098ed72178bd4a14c61bc79c5e6680de0137c434e22ee84c7bfe6d8c1,direct-api,deepseek-v4-flash,api-pinned-2026-07-02,valid,true,
trellm-v0.3-protocol,outputs/v0_3_direct_api_matrix/submissions/deepseek__deepseek_v4_flash__synthetic_calm_trend_c0_v0_3__c0__e0__seed_11__sample_1.json,synthetic_calm_trend_c0_v0_3,deepseek,deepseek-v4-flash,deepseek-v4-flash (api-pinned-2026-07-02),C0,E0,11,1,stress-only;direct-api;live-provider;redacted-prompt,0.102635,-0.00021,17.251205,outputs/v0_3_direct_api_matrix/provider_manifests/deepseek__deepseek_v4_flash__synthetic_calm_trend_c0_v0_3__c0__e0__seed_11__sample_1.json,sha256:6f33b59c3d7b7e0406fa957d8afb3bca0db13ab1ab9de699a0dbcc890ee10c33,direct-api,deepseek-v4-flash,api-pinned-2026-07-02,valid,true,
trellm-v0.3-protocol,outputs/v0_3_direct_api_matrix/submissions/deepseek__deepseek_v4_flash__synthetic_calm_trend_c0_v0_3__c0__e0__seed_11__sample_2.json,synthetic_calm_trend_c0_v0_3,deepseek,deepseek-v4-flash,deepseek-v4-flash (api-pinned-2026-07-02),C0,E0,11,2,stress-only;direct-api;live-provider;redacted-prompt,0.275225,-0.00021,26.717963,outputs/v0_3_direct_api_matrix/provider_manifests/deepseek__deepseek_v4_flash__synthetic_calm_trend_c0_v0_3__c0__e0__seed_11__sample_2.json,sha256:bc9a4f6eb056a22a80d082b923731691934411f31e71c5cf9c0c061cc7041efd,direct-api,deepseek-v4-flash,api-pinned-2026-07-02,valid,true,
trellm-v0.3-protocol,outputs/v0_3_direct_api_matrix/submissions/deepseek__deepseek_v4_flash__synthetic_calm_trend_c0_v0_3__c0__e0__seed_17__sample_0.json,synthetic_calm_trend_c0_v0_3,deepseek,deepseek-v4-flash,deepseek-v4-flash (api-pinned-2026-07-02),C0,E0,17,0,stress-only;direct-api;live-provider;redacted-prompt,0.188039,-0.00021,17.550746,outputs/v0_3_direct_api_matrix/provider_manifests/deepseek__deepseek_v4_flash__synthetic_calm_trend_c0_v0_3__c0__e0__seed_17__sample_0.json,sha256:10ed46cbc26db83dd8d665428230713eb5971a68a43fd2274eed0aed96544c45,direct-api,deepseek-v4-flash,api-pinned-2026-07-02,valid,true,
trellm-v0.3-protocol,outputs/v0_3_direct_api_matrix/submissions/deepseek__deepseek_v4_flash__synthetic_calm_trend_c0_v0_3__c0__e0__seed_17__sample_1.json,synthetic_calm_trend_c0_v0_3,deepseek,deepseek-v4-flash,deepseek-v4-flash (api-pinned-2026-07-02),C0,E0,17,1,stress-only;direct-api;live-provider;redacted-prompt,0.197024,-0.000105,19.065363,outputs/v0_3_direct_api_matrix/provider_manifests/deepseek__deepseek_v4_flash__synthetic_calm_trend_c0_v0_3__c0__e0__seed_17__sample_1.json,sha256:b6673762840a756cb400244d5f9247997e02b52e1c952f58ee5ede2ca409bd70,direct-api,deepseek-v4-flash,api-pinned-2026-07-02,valid,true,
trellm-v0.3-protocol,outputs/v0_3_direct_api_matrix/submissions/deepseek__deepseek_v4_flash__synthetic_calm_trend_c0_v0_3__c0__e0__seed_17__sample_2.json,synthetic_calm_trend_c0_v0_3,deepseek,deepseek-v4-flash,deepseek-v4-flash (api-pinned-2026-07-02),C0,E0,17,2,stress-only;direct-api;live-provider;redacted-prompt,0.213199,-0.000637,21.557395,outputs/v0_3_direct_api_matrix/provider_manifests/deepseek__deepseek_v4_flash__synthetic_calm_trend_c0_v0_3__c0__e0__seed_17__sample_2.json,sha256:bd6ae1b644b0994012be47245cbdf01a72a6f6eb88f847defcc417a10808e766,direct-api,deepseek-v4-flash,api-pinned-2026-07-02,valid,true,
trellm-v0.3-protocol,outputs/v0_3_direct_api_matrix/submissions/deepseek__deepseek_v4_flash__synthetic_calm_trend_c0_v0_3__c0__e0__seed_23__sample_0.json,synthetic_calm_trend_c0_v0_3,deepseek,deepseek-v4-flash,deepseek-v4-flash (api-pinned-2026-07-02),C0,E0,23,0,stress-only;direct-api;live-provider;redacted-prompt,0.263814,0.0,29.062289,outputs/v0_3_direct_api_matrix/provider_manifests/deepseek__deepseek_v4_flash__synthetic_calm_trend_c0_v0_3__c0__e0__seed_23__sample_0.json,sha256:20fcb0e4f2abb98f6ed92e1c50b945fa0bbc55eebdd1d4c4d44dda87cd7ecb5a,direct-api,deepseek-v4-flash,api-pinned-2026-07-02,valid,true,
trellm-v0.3-protocol,outputs/v0_3_direct_api_matrix/submissions/deepseek__deepseek_v4_flash__synthetic_calm_trend_c0_v0_3__c0__e0__seed_23__sample_1.json,synthetic_calm_trend_c0_v0_3,deepseek,deepseek-v4-flash,deepseek-v4-flash (api-pinned-2026-07-02),C0,E0,23,1,stress-only;direct-api;live-provider;redacted-prompt,0.262289,0.0,29.211532,outputs/v0_3_direct_api_matrix/provider_manifests/deepseek__deepseek_v4_flash__synthetic_calm_trend_c0_v0_3__c0__e0__seed_23__sample_1.json,sha256:4dfe36b9ec508db82b556c06da3e1e46176722e4d8cc91576817fd7d05dfe4e9,direct-api,deepseek-v4-flash,api-pinned-2026-07-02,valid,true,
trellm-v0.3-protocol,outputs/v0_3_direct_api_matrix/submissions/deepseek__deepseek_v4_flash__synthetic_calm_trend_c0_v0_3__c0__e0__seed_23__sample_2.json,synthetic_calm_trend_c0_v0_3,deepseek,deepseek-v4-flash,deepseek-v4-flash (api-pinned-2026-07-02),C0,E0,23,2,stress-only;direct-api;live-provider;redacted-prompt,0.263814,0.0,29.062289,outputs/v0_3_direct_api_matrix/provider_manifests/deepseek__deepseek_v4_flash__synthetic_calm_trend_c0_v0_3__c0__e0__seed_23__sample_2.json,sha256:cad5b1c019bc8a979831bc5bccd0eff8c4eb30fd2e8182b40bfd96caf11ecedb,direct-api,deepseek-v4-flash,api-pinned-2026-07-02,valid,true,
trellm-v0.3-protocol,outputs/v0_3_direct_api_matrix/submissions/deepseek__deepseek_v4_flash__synthetic_calm_trend_c0_v0_3__c0__e0__seed_31__sample_0.json,synthetic_calm_trend_c0_v0_3,deepseek,deepseek-v4-flash,deepseek-v4-flash (api-pinned-2026-07-02),C0,E0,31,0,stress-only;direct-api;live-provider;redacted-prompt,0.235928,0.0,32.144277,outputs/v0_3_direct_api_matrix/provider_manifests/deepseek__deepseek_v4_flash__synthetic_calm_trend_c0_v0_3__c0__e0__seed_31__sample_0.json,sha256:0a15678bc6e530b5ba484b043b1de610233bced418a5a9308f819e5a7f794337,direct-api,deepseek-v4-flash,api-pinned-2026-07-02,valid,true,
trellm-v0.3-protocol,outputs/v0_3_direct_api_matrix/submissions/deepseek__deepseek_v4_flash__synthetic_calm_trend_c0_v0_3__c0__e0__seed_31__sample_1.json,synthetic_calm_trend_c0_v0_3,deepseek,deepseek-v4-flash,deepseek-v4-flash (api-pinned-2026-07-02),C0,E0,31,1,stress-only;direct-api;live-provider;redacted-prompt,0.23442,0.0,32.106911,outputs/v0_3_direct_api_matrix/provider_manifests/deepseek__deepseek_v4_flash__synthetic_calm_trend_c0_v0_3__c0__e0__seed_31__sample_1.json,sha256:e8d73f67c28ac56dfbd273921736a76692e5d3a9330292ca88f022b71692002e,direct-api,deepseek-v4-flash,api-pinned-2026-07-02,valid,true,
trellm-v0.3-protocol,outputs/v0_3_direct_api_matrix/submissions/deepseek__deepseek_v4_flash__synthetic_calm_trend_c0_v0_3__c0__e0__seed_31__sample_2.json,synthetic_calm_trend_c0_v0_3,deepseek,deepseek-v4-flash,deepseek-v4-flash (api-pinned-2026-07-02),C0,E0,31,2,stress-only;direct-api;live-provider;redacted-prompt,0.233853,0.0,31.921397,outputs/v0_3_direct_api_matrix/provider_manifests/deepseek__deepseek_v4_flash__synthetic_calm_trend_c0_v0_3__c0__e0__seed_31__sample_2.json,sha256:10bace5f9642205d5c00ae9a955365a13efa9e76f66224907252e92f2fd5e61f,direct-api,deepseek-v4-flash,api-pinned-2026-07-02,valid,true,
trellm-v0.3-protocol,outputs/v0_3_direct_api_matrix/submissions/deepseek__deepseek_v4_flash__synthetic_calm_trend_c0_v0_3__c0__e0__seed_37__sample_0.json,synthetic_calm_trend_c0_v0_3,deepseek,deepseek-v4-flash,deepseek-v4-flash (api-pinned-2026-07-02),C0,E0,37,0,stress-only;direct-api;live-provider;redacted-prompt,0.302449,0.0,34.211903,outputs/v0_3_direct_api_matrix/provider_manifests/deepseek__deepseek_v4_flash__synthetic_calm_trend_c0_v0_3__c0__e0__seed_37__sample_0.json,sha256:7ec0556709eb764dac0856df467d0c906b65265848b640ac90d19ba94d8fd400,direct-api,deepseek-v4-flash,api-pinned-2026-07-02,valid,true,
trellm-v0.3-protocol,outputs/v0_3_direct_api_matrix/submissions/deepseek__deepseek_v4_flash__synthetic_calm_trend_c0_v0_3__c0__e0__seed_37__sample_1.json,synthetic_calm_trend_c0_v0_3,deepseek,deepseek-v4-flash,deepseek-v4-flash (api-pinned-2026-07-02),C0,E0,37,1,stress-only;direct-api;live-provider;redacted-prompt,0.015617,-0.000105,6.704952,outputs/v0_3_direct_api_matrix/provider_manifests/deepseek__deepseek_v4_flash__synthetic_calm_trend_c0_v0_3__c0__e0__seed_37__sample_1.json,sha256:24abc221b05809ba29e84746e07dee43d649067ac202b90db64233455f4c997c,direct-api,deepseek-v4-flash,api-pinned-2026-07-02,valid,true,
trellm-v0.3-protocol,outputs/v0_3_direct_api_matrix/submissions/deepseek__deepseek_v4_flash__synthetic_calm_trend_c0_v0_3__c0__e0__seed_37__sample_2.json,synthetic_calm_trend_c0_v0_3,deepseek,deepseek-v4-flash,deepseek-v4-flash (api-pinned-2026-07-02),C0,E0,37,2,stress-only;direct-api;live-provider;redacted-prompt,0.302449,0.0,34.211903,outputs/v0_3_direct_api_matrix/provider_manifests/deepseek__deepseek_v4_flash__synthetic_calm_trend_c0_v0_3__c0__e0__seed_37__sample_2.json,sha256:794c0c1acff3d56a1b90f4569a9aaa8598966a73c7bf5cedaa1b5996124954f9,direct-api,deepseek-v4-flash,api-pinned-2026-07-02,valid,true,
trellm-v0.3-protocol,outputs/v0_3_direct_api_matrix/submissions/deepseek__deepseek_v4_flash__synthetic_calm_trend_c0_v0_3__c0__e0__seed_41__sample_0.json,synthetic_calm_trend_c0_v0_3,deepseek,deepseek-v4-flash,deepseek-v4-flash (api-pinned-2026-07-02),C0,E0,41,0,stress-only;direct-api;live-provider;redacted-prompt,0.191172,-0.00021,21.466366,outputs/v0_3_direct_api_matrix/provider_manifests/deepseek__deepseek_v4_flash__synthetic_calm_trend_c0_v0_3__c0__e0__seed_41__sample_0.json,sha256:ad5bb3e8f236d3f26df65061b20228564a3eb47dca3265f8c7f578608a1d73cc,direct-api,deepseek-v4-flash,api-pinned-2026-07-02,valid,true,
trellm-v0.3-protocol,outputs/v0_3_direct_api_matrix/submissions/deepseek__deepseek_v4_flash__synthetic_calm_trend_c0_v0_3__c0__e0__seed_41__sample_1.json,synthetic_calm_trend_c0_v0_3,deepseek,deepseek-v4-flash,deepseek-v4-flash (api-pinned-2026-07-02),C0,E0,41,1,stress-only;direct-api;live-provider;redacted-prompt,0.1982,-0.00021,21.906826,outputs/v0_3_direct_api_matrix/provider_manifests/deepseek__deepseek_v4_flash__synthetic_calm_trend_c0_v0_3__c0__e0__seed_41__sample_1.json,sha256:d09d17fb590e33ebb0eab2d2cc499a0914330c1bedba85fed3776ecfa0aa5520,direct-api,deepseek-v4-flash,api-pinned-2026-07-02,valid,true,
trellm-v0.3-protocol,outputs/v0_3_direct_api_matrix/submissions/deepseek__deepseek_v4_flash__synthetic_calm_trend_c0_v0_3__c0__e0__seed_41__sample_2.json,synthetic_calm_trend_c0_v0_3,deepseek,deepseek-v4-flash,deepseek-v4-flash (api-pinned-2026-07-02),C0,E0,41,2,stress-only;direct-api;live-provider;redacted-prompt,0.187977,-0.00021,21.042698,outputs/v0_3_direct_api_matrix/provider_manifests/deepseek__deepseek_v4_flash__synthetic_calm_trend_c0_v0_3__c0__e0__seed_41__sample_2.json,sha256:1eb39fbde771f0d858d0044a5303fcc55ff20819943f13871b2b266b974386d1,direct-api,deepseek-v4-flash,api-pinned-2026-07-02,valid,true,
trellm-v0.3-protocol,outputs/v0_3_direct_api_matrix/submissions/deepseek__deepseek_v4_flash__synthetic_calm_trend_c0_v0_3__c0__e0__seed_43__sample_0.json,synthetic_calm_trend_c0_v0_3,deepseek,deepseek-v4-flash,deepseek-v4-flash (api-pinned-2026-07-02),C0,E0,43,0,stress-only;direct-api;live-provider;redacted-prompt,0.25984,0.0,29.604551,outputs/v0_3_direct_api_matrix/provider_manifests/deepseek__deepseek_v4_flash__synthetic_calm_trend_c0_v0_3__c0__e0__seed_43__sample_0.json,sha256:76f09b74a5b0eff84cbe92fca001f047ebccd38a525e9c7253d26004e99aca46,direct-api,deepseek-v4-flash,api-pinned-2026-07-02,valid,true,
trellm-v0.3-protocol,outputs/v0_3_direct_api_matrix/submissions/deepseek__deepseek_v4_flash__synthetic_calm_trend_c0_v0_3__c0__e0__seed_43__sample_1.json,synthetic_calm_trend_c0_v0_3,deepseek,deepseek-v4-flash,deepseek-v4-flash (api-pinned-2026-07-02),C0,E0,43,1,stress-only;direct-api;live-provider;redacted-prompt,0.255799,0.0,28.889306,outputs/v0_3_direct_api_matrix/provider_manifests/deepseek__deepseek_v4_flash__synthetic_calm_trend_c0_v0_3__c0__e0__seed_43__sample_1.json,sha256:a2905bc6f755f248a2d5b31975baa94029b5c4a71cabb0b76e4b590e3f107fa8,direct-api,deepseek-v4-flash,api-pinned-2026-07-02,valid,true,
trellm-v0.3-protocol,outputs/v0_3_direct_api_matrix/submissions/deepseek__deepseek_v4_flash__synthetic_calm_trend_c0_v0_3__c0__e0__seed_43__sample_2.json,synthetic_calm_trend_c0_v0_3,deepseek,deepseek-v4-flash,deepseek-v4-flash (api-pinned-2026-07-02),C0,E0,43,2,stress-only;direct-api;live-provider;redacted-prompt,0.255782,0.0,28.886719,outputs/v0_3_direct_api_matrix/provider_manifests/deepseek__deepseek_v4_flash__synthetic_calm_trend_c0_v0_3__c0__e0__seed_43__sample_2.json,sha256:26bd537b5b9c60f6c54eef8648e0862f898af8c349e37b99789a394fa3e7cab1,direct-api,deepseek-v4-flash,api-pinned-2026-07-02,valid,true,
trellm-v0.3-protocol,outputs/v0_3_direct_api_matrix/submissions/deepseek__deepseek_v4_flash__synthetic_calm_trend_c0_v0_3__c0__e0__seed_47__sample_0.json,synthetic_calm_trend_c0_v0_3,deepseek,deepseek-v4-flash,deepseek-v4-flash (api-pinned-2026-07-02),C0,E0,47,0,stress-only;direct-api;live-provider;redacted-prompt,0.237561,0.0,27.840713,outputs/v0_3_direct_api_matrix/provider_manifests/deepseek__deepseek_v4_flash__synthetic_calm_trend_c0_v0_3__c0__e0__seed_47__sample_0.json,sha256:2b26372da3d00e14e5406cdbe34b0d2a0a1cc147f614678a9933273d27eb8cd7,direct-api,deepseek-v4-flash,api-pinned-2026-07-02,valid,true,
trellm-v0.3-protocol,outputs/v0_3_direct_api_matrix/submissions/deepseek__deepseek_v4_flash__synthetic_calm_trend_c0_v0_3__c0__e0__seed_47__sample_1.json,synthetic_calm_trend_c0_v0_3,deepseek,deepseek-v4-flash,deepseek-v4-flash (api-pinned-2026-07-02),C0,E0,47,1,stress-only;direct-api;live-provider;redacted-prompt,0.237389,0.0,27.84522,outputs/v0_3_direct_api_matrix/provider_manifests/deepseek__deepseek_v4_flash__synthetic_calm_trend_c0_v0_3__c0__e0__seed_47__sample_1.json,sha256:050bee12b70855ef75da0ee42e7dc82b6cbf3bbb628eb1e3e45947222f61567e,direct-api,deepseek-v4-flash,api-pinned-2026-07-02,valid,true,
trellm-v0.3-protocol,outputs/v0_3_direct_api_matrix/submissions/deepseek__deepseek_v4_flash__synthetic_calm_trend_c0_v0_3__c0__e0__seed_47__sample_2.json,synthetic_calm_trend_c0_v0_3,deepseek,deepseek-v4-flash,deepseek-v4-flash (api-pinned-2026-07-02),C0,E0,47,2,stress-only;direct-api;live-provider;redacted-prompt,0.236791,0.0,27.632045,outputs/v0_3_direct_api_matrix/provider_manifests/deepseek__deepseek_v4_flash__synthetic_calm_trend_c0_v0_3__c0__e0__seed_47__sample_2.json,sha256:9f9b3ec5c3987457a4249cfcf73559d5b9a47d2b30208ff4e51b8d091ff43410,direct-api,deepseek-v4-flash,api-pinned-2026-07-02,valid,true,
trellm-v0.3-protocol,outputs/v0_3_direct_api_matrix/submissions/deepseek__deepseek_v4_flash__synthetic_calm_trend_c0_v0_3__c0__e0__seed_53__sample_0.json,synthetic_calm_trend_c0_v0_3,deepseek,deepseek-v4-flash,deepseek-v4-flash (api-pinned-2026-07-02),C0,E0,53,0,stress-only;direct-api;live-provider;redacted-prompt,0.183479,-0.001149,18.651449,outputs/v0_3_direct_api_matrix/provider_manifests/deepseek__deepseek_v4_flash__synthetic_calm_trend_c0_v0_3__c0__e0__seed_53__sample_0.json,sha256:67e11d38804934d98e553db17119bb623bcb0e67abf6eee16120c6ac47d42b42,direct-api,deepseek-v4-flash,api-pinned-2026-07-02,valid,true,
trellm-v0.3-protocol,outputs/v0_3_direct_api_matrix/submissions/deepseek__deepseek_v4_flash__synthetic_calm_trend_c0_v0_3__c0__e0__seed_53__sample_1.json,synthetic_calm_trend_c0_v0_3,deepseek,deepseek-v4-flash,deepseek-v4-flash (api-pinned-2026-07-02),C0,E0,53,1,stress-only;direct-api;live-provider;redacted-prompt,0.169997,-0.001149,22.557035,outputs/v0_3_direct_api_matrix/provider_manifests/deepseek__deepseek_v4_flash__synthetic_calm_trend_c0_v0_3__c0__e0__seed_53__sample_1.json,sha256:2ee9a4bdc4f4d5e4fadb5c6d267e7feb563720af8798ad989af51d3a20bba614,direct-api,deepseek-v4-flash,api-pinned-2026-07-02,valid,true,
trellm-v0.3-protocol,outputs/v0_3_direct_api_matrix/submissions/deepseek__deepseek_v4_flash__synthetic_calm_trend_c0_v0_3__c0__e0__seed_53__sample_2.json,synthetic_calm_trend_c0_v0_3,deepseek,deepseek-v4-flash,deepseek-v4-flash (api-pinned-2026-07-02),C0,E0,53,2,stress-only;direct-api;live-provider;redacted-prompt,0.203857,-0.001149,22.41327,outputs/v0_3_direct_api_matrix/provider_manifests/deepseek__deepseek_v4_flash__synthetic_calm_trend_c0_v0_3__c0__e0__seed_53__sample_2.json,sha256:80ec81074a030e2eaa1dd66bfcbaf9c8aa7c1d8125cf8f976bb8364daa4ce892,direct-api,deepseek-v4-flash,api-pinned-2026-07-02,valid,true,
trellm-v0.3-protocol,outputs/v0_3_direct_api_matrix/submissions/deepseek__deepseek_v4_flash__synthetic_calm_trend_c0_v0_3__c0__e0__seed_7__sample_0.json,synthetic_calm_trend_c0_v0_3,deepseek,deepseek-v4-flash,deepseek-v4-flash (api-pinned-2026-07-02),C0,E0,7,0,stress-only;direct-api;live-provider;redacted-prompt,0.109043,-0.00021,13.146196,outputs/v0_3_direct_api_matrix/provider_manifests/deepseek__deepseek_v4_flash__synthetic_calm_trend_c0_v0_3__c0__e0__seed_7__sample_0.json,sha256:496075e7ad8b59b858025063064fa4807431510de6e5e180f3e957072af22434,direct-api,deepseek-v4-flash,api-pinned-2026-07-02,valid,true,
trellm-v0.3-protocol,outputs/v0_3_direct_api_matrix/submissions/deepseek__deepseek_v4_flash__synthetic_calm_trend_c0_v0_3__c0__e0__seed_7__sample_1.json,synthetic_calm_trend_c0_v0_3,deepseek,deepseek-v4-flash,deepseek-v4-flash (api-pinned-2026-07-02),C0,E0,7,1,stress-only;direct-api;live-provider;redacted-prompt,0.123272,-0.000207,15.0719,outputs/v0_3_direct_api_matrix/provider_manifests/deepseek__deepseek_v4_flash__synthetic_calm_trend_c0_v0_3__c0__e0__seed_7__sample_1.json,sha256:8c4cd04213d9cca1bb4f2e9fccf5e6982d6db6aebca675fb0e2a6c982b39d27c,direct-api,deepseek-v4-flash,api-pinned-2026-07-02,valid,true,
trellm-v0.3-protocol,outputs/v0_3_direct_api_matrix/submissions/deepseek__deepseek_v4_flash__synthetic_calm_trend_c0_v0_3__c0__e0__seed_7__sample_2.json,synthetic_calm_trend_c0_v0_3,deepseek,deepseek-v4-flash,deepseek-v4-flash (api-pinned-2026-07-02),C0,E0,7,2,stress-only;direct-api;live-provider;redacted-prompt,0.202194,0.0,28.229227,outputs/v0_3_direct_api_matrix/provider_manifests/deepseek__deepseek_v4_flash__synthetic_calm_trend_c0_v0_3__c0__e0__seed_7__sample_2.json,sha256:f519f150301fe34be96c5c7fc8206ba21de24138efa1d2512b7a56dd3e0a4bc2,direct-api,deepseek-v4-flash,api-pinned-2026-07-02,valid,true,
trellm-v0.3-protocol,outputs/v0_3_direct_api_matrix/submissions/deepseek__deepseek_v4_flash__synthetic_calm_trend_c0_v0_3__c0__e1__seed_11__sample_0.json,synthetic_calm_trend_c0_v0_3,deepseek,deepseek-v4-flash,deepseek-v4-flash (api-pinned-2026-07-02),C0,E1,11,0,stress-only;direct-api;live-provider;redacted-prompt,0.23735,-0.001319,19.682396,outputs/v0_3_direct_api_matrix/provider_manifests/deepseek__deepseek_v4_flash__synthetic_calm_trend_c0_v0_3__c0__e1__seed_11__sample_0.json,sha256:28f977852996e02f5bb6c5799368767a22da3f40c1edbe3c410354f45962401e,direct-api,deepseek-v4-flash,api-pinned-2026-07-02,valid,true,
trellm-v0.3-protocol,outputs/v0_3_direct_api_matrix/submissions/deepseek__deepseek_v4_flash__synthetic_calm_trend_c0_v0_3__c0__e1__seed_11__sample_1.json,synthetic_calm_trend_c0_v0_3,deepseek,deepseek-v4-flash,deepseek-v4-flash (api-pinned-2026-07-02),C0,E1,11,1,stress-only;direct-api;live-provider;redacted-prompt,0.004326,-0.001024,3.654795,outputs/v0_3_direct_api_matrix/provider_manifests/deepseek__deepseek_v4_flash__synthetic_calm_trend_c0_v0_3__c0__e1__seed_11__sample_1.json,sha256:c5c2c64d6de77d400b953b4ef1181af506dc383841f97e705323d4a578deb129,direct-api,deepseek-v4-flash,api-pinned-2026-07-02,valid,true,
trellm-v0.3-protocol,outputs/v0_3_direct_api_matrix/submissions/deepseek__deepseek_v4_flash__synthetic_calm_trend_c0_v0_3__c0__e1__seed_11__sample_2.json,synthetic_calm_trend_c0_v0_3,deepseek,deepseek-v4-flash,deepseek-v4-flash (api-pinned-2026-07-02),C0,E1,11,2,stress-only;direct-api;live-provider;redacted-prompt,0.257974,-0.001038,21.592169,outputs/v0_3_direct_api_matrix/provider_manifests/deepseek__deepseek_v4_flash__synthetic_calm_trend_c0_v0_3__c0__e1__seed_11__sample_2.json,sha256:f63b3a826ca4af2ebe3eb922ea409163f86293b25a8656881d71df6261f30893,direct-api,deepseek-v4-flash,api-pinned-2026-07-02,valid,true,
trellm-v0.3-protocol,outputs/v0_3_direct_api_matrix/submissions/deepseek__deepseek_v4_flash__synthetic_calm_trend_c0_v0_3__c0__e1__seed_17__sample_0.json,synthetic_calm_trend_c0_v0_3,deepseek,deepseek-v4-flash,deepseek-v4-flash (api-pinned-2026-07-02),C0,E1,17,0,stress-only;direct-api;live-provider;redacted-prompt,0.217614,-0.001113,16.865513,outputs/v0_3_direct_api_matrix/provider_manifests/deepseek__deepseek_v4_flash__synthetic_calm_trend_c0_v0_3__c0__e1__seed_17__sample_0.json,sha256:ee2e5eaf2c4b5db97708276839e60c059a2413e5f3127d79e62abffa2f9aae11,direct-api,deepseek-v4-flash,api-pinned-2026-07-02,valid,true,
trellm-v0.3-protocol,outputs/v0_3_direct_api_matrix/submissions/deepseek__deepseek_v4_flash__synthetic_calm_trend_c0_v0_3__c0__e1__seed_17__sample_1.json,synthetic_calm_trend_c0_v0_3,deepseek,deepseek-v4-flash,deepseek-v4-flash (api-pinned-2026-07-02),C0,E1,17,1,stress-only;direct-api;live-provider;redacted-prompt,0.214346,-0.001113,17.254979,outputs/v0_3_direct_api_matrix/provider_manifests/deepseek__deepseek_v4_flash__synthetic_calm_trend_c0_v0_3__c0__e1__seed_17__sample_1.json,sha256:4bad16be60a941607bc5780cbacbc47e52afb1782d4c3d6f8de3f82c28484a15,direct-api,deepseek-v4-flash,api-pinned-2026-07-02,valid,true,
trellm-v0.3-protocol,outputs/v0_3_direct_api_matrix/submissions/deepseek__deepseek_v4_flash__synthetic_calm_trend_c0_v0_3__c0__e1__seed_17__sample_2.json,synthetic_calm_trend_c0_v0_3,deepseek,deepseek-v4-flash,deepseek-v4-flash (api-pinned-2026-07-02),C0,E1,17,2,stress-only;direct-api;live-provider;redacted-prompt,0.216699,-0.001113,17.132921,outputs/v0_3_direct_api_matrix/provider_manifests/deepseek__deepseek_v4_flash__synthetic_calm_trend_c0_v0_3__c0__e1__seed_17__sample_2.json,sha256:43d5754775168ccf7f976d4f52249140bdf9e1393a5c677e28b0954960108c0f,direct-api,deepseek-v4-flash,api-pinned-2026-07-02,valid,true,
trellm-v0.3-protocol,outputs/v0_3_direct_api_matrix/submissions/deepseek__deepseek_v4_flash__synthetic_calm_trend_c0_v0_3__c0__e1__seed_23__sample_0.json,synthetic_calm_trend_c0_v0_3,deepseek,deepseek-v4-flash,deepseek-v4-flash (api-pinned-2026-07-02),C0,E1,23,0,stress-only;direct-api;live-provider;redacted-prompt,0.235347,-0.00111,18.859006,outputs/v0_3_direct_api_matrix/provider_manifests/deepseek__deepseek_v4_flash__synthetic_calm_trend_c0_v0_3__c0__e1__seed_23__sample_0.json,sha256:e5b35f2ebf367df984738c5bbc3b75634fc5a5f00709170729e6438ed6dda1d0,direct-api,deepseek-v4-flash,api-pinned-2026-07-02,valid,true,
trellm-v0.3-protocol,outputs/v0_3_direct_api_matrix/submissions/deepseek__deepseek_v4_flash__synthetic_calm_trend_c0_v0_3__c0__e1__seed_23__sample_1.json,synthetic_calm_trend_c0_v0_3,deepseek,deepseek-v4-flash,deepseek-v4-flash (api-pinned-2026-07-02),C0,E1,23,1,stress-only;direct-api;live-provider;redacted-prompt,0.248364,-0.00101,19.921205,outputs/v0_3_direct_api_matrix/provider_manifests/deepseek__deepseek_v4_flash__synthetic_calm_trend_c0_v0_3__c0__e1__seed_23__sample_1.json,sha256:c7598bc6b1a55cbff7266611addb33d95d88473ffc91bc46e8b9731e5192d4ae,direct-api,deepseek-v4-flash,api-pinned-2026-07-02,valid,true,
trellm-v0.3-protocol,outputs/v0_3_direct_api_matrix/submissions/deepseek__deepseek_v4_flash__synthetic_calm_trend_c0_v0_3__c0__e1__seed_23__sample_2.json,synthetic_calm_trend_c0_v0_3,deepseek,deepseek-v4-flash,deepseek-v4-flash (api-pinned-2026-07-02),C0,E1,23,2,stress-only;direct-api;live-provider;redacted-prompt,0.248364,-0.00101,19.921205,outputs/v0_3_direct_api_matrix/provider_manifests/deepseek__deepseek_v4_flash__synthetic_calm_trend_c0_v0_3__c0__e1__seed_23__sample_2.json,sha256:aa3a35fca6830e9fa821c6fdf1b9ec71e1b2b0aade928f444afcbaeccae3bc26,direct-api,deepseek-v4-flash,api-pinned-2026-07-02,valid,true,
trellm-v0.3-protocol,outputs/v0_3_direct_api_matrix/submissions/deepseek__deepseek_v4_flash__synthetic_calm_trend_c0_v0_3__c0__e1__seed_31__sample_0.json,synthetic_calm_trend_c0_v0_3,deepseek,deepseek-v4-flash,deepseek-v4-flash (api-pinned-2026-07-02),C0,E1,31,0,stress-only;direct-api;live-provider;redacted-prompt,0.232235,-0.000835,22.844353,outputs/v0_3_direct_api_matrix/provider_manifests/deepseek__deepseek_v4_flash__synthetic_calm_trend_c0_v0_3__c0__e1__seed_31__sample_0.json,sha256:4947f556e59d674396731dbe041134ac6bfc1a206e49d2dada848639248815c2,direct-api,deepseek-v4-flash,api-pinned-2026-07-02,valid,true,
trellm-v0.3-protocol,outputs/v0_3_direct_api_matrix/submissions/deepseek__deepseek_v4_flash__synthetic_calm_trend_c0_v0_3__c0__e1__seed_31__sample_1.json,synthetic_calm_trend_c0_v0_3,deepseek,deepseek-v4-flash,deepseek-v4-flash (api-pinned-2026-07-02),C0,E1,31,1,stress-only;direct-api;live-provider;redacted-prompt,0.232235,-0.000835,22.844353,outputs/v0_3_direct_api_matrix/provider_manifests/deepseek__deepseek_v4_flash__synthetic_calm_trend_c0_v0_3__c0__e1__seed_31__sample_1.json,sha256:cdeac2a9a6e32133af066c4cb6864e48dd510139b77225012139629f164843ba,direct-api,deepseek-v4-flash,api-pinned-2026-07-02,valid,true,
trellm-v0.3-protocol,outputs/v0_3_direct_api_matrix/submissions/deepseek__deepseek_v4_flash__synthetic_calm_trend_c0_v0_3__c0__e1__seed_31__sample_2.json,synthetic_calm_trend_c0_v0_3,deepseek,deepseek-v4-flash,deepseek-v4-flash (api-pinned-2026-07-02),C0,E1,31,2,stress-only;direct-api;live-provider;redacted-prompt,0.232235,-0.000835,22.844353,outputs/v0_3_direct_api_matrix/provider_manifests/deepseek__deepseek_v4_flash__synthetic_calm_trend_c0_v0_3__c0__e1__seed_31__sample_2.json,sha256:fd457badb924b4e4def6bfd141b2fa063fa38163acbfd29be7d0c004fdfbe403,direct-api,deepseek-v4-flash,api-pinned-2026-07-02,valid,true,
trellm-v0.3-protocol,outputs/v0_3_direct_api_matrix/submissions/deepseek__deepseek_v4_flash__synthetic_calm_trend_c0_v0_3__c0__e1__seed_37__sample_0.json,synthetic_calm_trend_c0_v0_3,deepseek,deepseek-v4-flash,deepseek-v4-flash (api-pinned-2026-07-02),C0,E1,37,0,stress-only;direct-api;live-provider;redacted-prompt,0.279069,-0.000795,23.662376,outputs/v0_3_direct_api_matrix/provider_manifests/deepseek__deepseek_v4_flash__synthetic_calm_trend_c0_v0_3__c0__e1__seed_37__sample_0.json,sha256:2b8ebd230a2b02b0cea737f9fb697199a4274d6cdb13e23b22550916bdf22867,direct-api,deepseek-v4-flash,api-pinned-2026-07-02,valid,true,
trellm-v0.3-protocol,outputs/v0_3_direct_api_matrix/submissions/deepseek__deepseek_v4_flash__synthetic_calm_trend_c0_v0_3__c0__e1__seed_37__sample_1.json,synthetic_calm_trend_c0_v0_3,deepseek,deepseek-v4-flash,deepseek-v4-flash (api-pinned-2026-07-02),C0,E1,37,1,stress-only;direct-api;live-provider;redacted-prompt,0.276923,-0.000795,23.620456,outputs/v0_3_direct_api_matrix/provider_manifests/deepseek__deepseek_v4_flash__synthetic_calm_trend_c0_v0_3__c0__e1__seed_37__sample_1.json,sha256:2d1630632e29370f71bafdd0c61a87e3fa1f10a083458d0ab048308db2db70d3,direct-api,deepseek-v4-flash,api-pinned-2026-07-02,valid,true,
trellm-v0.3-protocol,outputs/v0_3_direct_api_matrix/submissions/deepseek__deepseek_v4_flash__synthetic_calm_trend_c0_v0_3__c0__e1__seed_37__sample_2.json,synthetic_calm_trend_c0_v0_3,deepseek,deepseek-v4-flash,deepseek-v4-flash (api-pinned-2026-07-02),C0,E1,37,2,stress-only;direct-api;live-provider;redacted-prompt,0.279069,-0.000795,23.662376,outputs/v0_3_direct_api_matrix/provider_manifests/deepseek__deepseek_v4_flash__synthetic_calm_trend_c0_v0_3__c0__e1__seed_37__sample_2.json,sha256:3eac540b517d7917b20c471d2c141b9c07a413bf1111909f2eae8eea6e0bacd6,direct-api,deepseek-v4-flash,api-pinned-2026-07-02,valid,true,
trellm-v0.3-protocol,outputs/v0_3_direct_api_matrix/submissions/deepseek__deepseek_v4_flash__synthetic_calm_trend_c0_v0_3__c0__e1__seed_41__sample_0.json,synthetic_calm_trend_c0_v0_3,deepseek,deepseek-v4-flash,deepseek-v4-flash (api-pinned-2026-07-02),C0,E1,41,0,stress-only;direct-api;live-provider;redacted-prompt,0.186828,-0.001348,19.463773,outputs/v0_3_direct_api_matrix/provider_manifests/deepseek__deepseek_v4_flash__synthetic_calm_trend_c0_v0_3__c0__e1__seed_41__sample_0.json,sha256:bd094a912a86927e6618eab73c49322255b21fbf6a0267dd825ad03c374cf617,direct-api,deepseek-v4-flash,api-pinned-2026-07-02,valid,true,
trellm-v0.3-protocol,outputs/v0_3_direct_api_matrix/submissions/deepseek__deepseek_v4_flash__synthetic_calm_trend_c0_v0_3__c0__e1__seed_41__sample_1.json,synthetic_calm_trend_c0_v0_3,deepseek,deepseek-v4-flash,deepseek-v4-flash (api-pinned-2026-07-02),C0,E1,41,1,stress-only;direct-api;live-provider;redacted-prompt,0.187863,-0.001348,19.846322,outputs/v0_3_direct_api_matrix/provider_manifests/deepseek__deepseek_v4_flash__synthetic_calm_trend_c0_v0_3__c0__e1__seed_41__sample_1.json,sha256:b804c93e12fba94ae7ca8e86b465ee9731ed6d08b6649bad1268f7aad235013a,direct-api,deepseek-v4-flash,api-pinned-2026-07-02,valid,true,
trellm-v0.3-protocol,outputs/v0_3_direct_api_matrix/submissions/deepseek__deepseek_v4_flash__synthetic_calm_trend_c0_v0_3__c0__e1__seed_41__sample_2.json,synthetic_calm_trend_c0_v0_3,deepseek,deepseek-v4-flash,deepseek-v4-flash (api-pinned-2026-07-02),C0,E1,41,2,stress-only;direct-api;live-provider;redacted-prompt,0.021795,-0.000279,7.637832,outputs/v0_3_direct_api_matrix/provider_manifests/deepseek__deepseek_v4_flash__synthetic_calm_trend_c0_v0_3__c0__e1__seed_41__sample_2.json,sha256:660aae06d76b6853161b278eaec7aa53a0f56f1e5320bc698380e00f89b06194,direct-api,deepseek-v4-flash,api-pinned-2026-07-02,valid,true,
trellm-v0.3-protocol,outputs/v0_3_direct_api_matrix/submissions/deepseek__deepseek_v4_flash__synthetic_calm_trend_c0_v0_3__c0__e1__seed_43__sample_0.json,synthetic_calm_trend_c0_v0_3,deepseek,deepseek-v4-flash,deepseek-v4-flash (api-pinned-2026-07-02),C0,E1,43,0,stress-only;direct-api;live-provider;redacted-prompt,0.236126,-0.000951,27.544017,outputs/v0_3_direct_api_matrix/provider_manifests/deepseek__deepseek_v4_flash__synthetic_calm_trend_c0_v0_3__c0__e1__seed_43__sample_0.json,sha256:a6f0f537804a3d4e28039e324da65216d4c42220ca7a934bc26cbcb5756ec4e6,direct-api,deepseek-v4-flash,api-pinned-2026-07-02,valid,true,
trellm-v0.3-protocol,outputs/v0_3_direct_api_matrix/submissions/deepseek__deepseek_v4_flash__synthetic_calm_trend_c0_v0_3__c0__e1__seed_43__sample_1.json,synthetic_calm_trend_c0_v0_3,deepseek,deepseek-v4-flash,deepseek-v4-flash (api-pinned-2026-07-02),C0,E1,43,1,stress-only;direct-api;live-provider;redacted-prompt,0.219351,-0.001304,20.472415,outputs/v0_3_direct_api_matrix/provider_manifests/deepseek__deepseek_v4_flash__synthetic_calm_trend_c0_v0_3__c0__e1__seed_43__sample_1.json,sha256:60539c75d0ce4d614dc7d5d42b33a8cea208daca397b42a94c11c6f00f94e4bb,direct-api,deepseek-v4-flash,api-pinned-2026-07-02,valid,true,
trellm-v0.3-protocol,outputs/v0_3_direct_api_matrix/submissions/deepseek__deepseek_v4_flash__synthetic_calm_trend_c0_v0_3__c0__e1__seed_43__sample_2.json,synthetic_calm_trend_c0_v0_3,deepseek,deepseek-v4-flash,deepseek-v4-flash (api-pinned-2026-07-02),C0,E1,43,2,stress-only;direct-api;live-provider;redacted-prompt,0.239715,-0.001186,26.801347,outputs/v0_3_direct_api_matrix/provider_manifests/deepseek__deepseek_v4_flash__synthetic_calm_trend_c0_v0_3__c0__e1__seed_43__sample_2.json,sha256:9faede04cafe05b8cd5eb21ff6cdd6f144bd17cffcaa5ef8bb61084de8b4a820,direct-api,deepseek-v4-flash,api-pinned-2026-07-02,valid,true,
trellm-v0.3-protocol,outputs/v0_3_direct_api_matrix/submissions/deepseek__deepseek_v4_flash__synthetic_calm_trend_c0_v0_3__c0__e1__seed_47__sample_0.json,synthetic_calm_trend_c0_v0_3,deepseek,deepseek-v4-flash,deepseek-v4-flash (api-pinned-2026-07-02),C0,E1,47,0,stress-only;direct-api;live-provider;redacted-prompt,0.207988,-0.001315,19.708794,outputs/v0_3_direct_api_matrix/provider_manifests/deepseek__deepseek_v4_flash__synthetic_calm_trend_c0_v0_3__c0__e1__seed_47__sample_0.json,sha256:079839c9996c486453f61804404e7e50012e141b9a6a48a5d9ddd85ee4a7f89b,direct-api,deepseek-v4-flash,api-pinned-2026-07-02,valid,true,
trellm-v0.3-protocol,outputs/v0_3_direct_api_matrix/submissions/deepseek__deepseek_v4_flash__synthetic_calm_trend_c0_v0_3__c0__e1__seed_47__sample_1.json,synthetic_calm_trend_c0_v0_3,deepseek,deepseek-v4-flash,deepseek-v4-flash (api-pinned-2026-07-02),C0,E1,47,1,stress-only;direct-api;live-provider;redacted-prompt,0.200516,-0.001315,21.291992,outputs/v0_3_direct_api_matrix/provider_manifests/deepseek__deepseek_v4_flash__synthetic_calm_trend_c0_v0_3__c0__e1__seed_47__sample_1.json,sha256:208e59b60a2cef1a2d60015199cfef26ba18ffe72377181dbbef4c29f67e07ed,direct-api,deepseek-v4-flash,api-pinned-2026-07-02,valid,true,
trellm-v0.3-protocol,outputs/v0_3_direct_api_matrix/submissions/deepseek__deepseek_v4_flash__synthetic_calm_trend_c0_v0_3__c0__e1__seed_47__sample_2.json,synthetic_calm_trend_c0_v0_3,deepseek,deepseek-v4-flash,deepseek-v4-flash (api-pinned-2026-07-02),C0,E1,47,2,stress-only;direct-api;live-provider;redacted-prompt,0.186202,-0.001315,20.466712,outputs/v0_3_direct_api_matrix/provider_manifests/deepseek__deepseek_v4_flash__synthetic_calm_trend_c0_v0_3__c0__e1__seed_47__sample_2.json,sha256:88a8c966cb3c7365e2ca9f76a6f0d8afbbab40bae06001a0ac27817ea25d1580,direct-api,deepseek-v4-flash,api-pinned-2026-07-02,valid,true,
trellm-v0.3-protocol,outputs/v0_3_direct_api_matrix/submissions/deepseek__deepseek_v4_flash__synthetic_calm_trend_c0_v0_3__c0__e1__seed_53__sample_0.json,synthetic_calm_trend_c0_v0_3,deepseek,deepseek-v4-flash,deepseek-v4-flash (api-pinned-2026-07-02),C0,E1,53,0,stress-only;direct-api;live-provider;redacted-prompt,0.176656,-0.001824,22.843531,outputs/v0_3_direct_api_matrix/provider_manifests/deepseek__deepseek_v4_flash__synthetic_calm_trend_c0_v0_3__c0__e1__seed_53__sample_0.json,sha256:757197713e87db61445abc64e7bf62e3d101cfd266e2789eeeab724922dbf02d,direct-api,deepseek-v4-flash,api-pinned-2026-07-02,valid,true,
trellm-v0.3-protocol,outputs/v0_3_direct_api_matrix/submissions/deepseek__deepseek_v4_flash__synthetic_calm_trend_c0_v0_3__c0__e1__seed_53__sample_1.json,synthetic_calm_trend_c0_v0_3,deepseek,deepseek-v4-flash,deepseek-v4-flash (api-pinned-2026-07-02),C0,E1,53,1,stress-only;direct-api;live-provider;redacted-prompt,0.168694,-0.001395,20.665617,outputs/v0_3_direct_api_matrix/provider_manifests/deepseek__deepseek_v4_flash__synthetic_calm_trend_c0_v0_3__c0__e1__seed_53__sample_1.json,sha256:a438ca65109fb1697b2d5baf6cae4613ef958fe5ac5339e13692d9dbed9f1443,direct-api,deepseek-v4-flash,api-pinned-2026-07-02,valid,true,
trellm-v0.3-protocol,outputs/v0_3_direct_api_matrix/submissions/deepseek__deepseek_v4_flash__synthetic_calm_trend_c0_v0_3__c0__e1__seed_53__sample_2.json,synthetic_calm_trend_c0_v0_3,deepseek,deepseek-v4-flash,deepseek-v4-flash (api-pinned-2026-07-02),C0,E1,53,2,stress-only;direct-api;live-provider;redacted-prompt,0.181101,-0.001456,20.488746,outputs/v0_3_direct_api_matrix/provider_manifests/deepseek__deepseek_v4_flash__synthetic_calm_trend_c0_v0_3__c0__e1__seed_53__sample_2.json,sha256:dad98652be32eb015c73e71597a250e483e65219b4f1c6e6fbe3c1e11b22d87f,direct-api,deepseek-v4-flash,api-pinned-2026-07-02,valid,true,
trellm-v0.3-protocol,outputs/v0_3_direct_api_matrix/submissions/deepseek__deepseek_v4_flash__synthetic_calm_trend_c0_v0_3__c0__e1__seed_7__sample_0.json,synthetic_calm_trend_c0_v0_3,deepseek,deepseek-v4-flash,deepseek-v4-flash (api-pinned-2026-07-02),C0,E1,7,0,stress-only;direct-api;live-provider;redacted-prompt,0.192747,-0.001611,23.542311,outputs/v0_3_direct_api_matrix/provider_manifests/deepseek__deepseek_v4_flash__synthetic_calm_trend_c0_v0_3__c0__e1__seed_7__sample_0.json,sha256:e83339860b7b31d52733f30f270cdce68d8799d2b7627cfe2295e84c0e2f0b94,direct-api,deepseek-v4-flash,api-pinned-2026-07-02,valid,true,
trellm-v0.3-protocol,outputs/v0_3_direct_api_matrix/submissions/deepseek__deepseek_v4_flash__synthetic_calm_trend_c0_v0_3__c0__e1__seed_7__sample_1.json,synthetic_calm_trend_c0_v0_3,deepseek,deepseek-v4-flash,deepseek-v4-flash (api-pinned-2026-07-02),C0,E1,7,1,stress-only;direct-api;live-provider;redacted-prompt,0.015765,-0.001721,4.558234,outputs/v0_3_direct_api_matrix/provider_manifests/deepseek__deepseek_v4_flash__synthetic_calm_trend_c0_v0_3__c0__e1__seed_7__sample_1.json,sha256:5dd589eb0ae4abdcb22ac497c6e54d245e1dd8f553581ffbcecc0b97afca64ab,direct-api,deepseek-v4-flash,api-pinned-2026-07-02,valid,true,
trellm-v0.3-protocol,outputs/v0_3_direct_api_matrix/submissions/deepseek__deepseek_v4_flash__synthetic_calm_trend_c0_v0_3__c0__e1__seed_7__sample_2.json,synthetic_calm_trend_c0_v0_3,deepseek,deepseek-v4-flash,deepseek-v4-flash (api-pinned-2026-07-02),C0,E1,7,2,stress-only;direct-api;live-provider;redacted-prompt,0.079197,-0.002068,10.859945,outputs/v0_3_direct_api_matrix/provider_manifests/deepseek__deepseek_v4_flash__synthetic_calm_trend_c0_v0_3__c0__e1__seed_7__sample_2.json,sha256:c480d1731831fec21d850e567bdfc4d5867f3ae8facd69481e5be0e49fad3bb8,direct-api,deepseek-v4-flash,api-pinned-2026-07-02,valid,true,
trellm-v0.3-protocol,outputs/v0_3_direct_api_matrix/submissions/deepseek__deepseek_v4_flash__synthetic_high_volatility_c0_v0_3__c0__e0__seed_11__sample_0.json,synthetic_high_volatility_c0_v0_3,deepseek,deepseek-v4-flash,deepseek-v4-flash (api-pinned-2026-07-02),C0,E0,11,0,stress-only;direct-api;live-provider;redacted-prompt,0.312191,-0.008174,15.521633,outputs/v0_3_direct_api_matrix/provider_manifests/deepseek__deepseek_v4_flash__synthetic_high_volatility_c0_v0_3__c0__e0__seed_11__sample_0.json,sha256:095aba6ec8459a4c220e13bffdf07fbc54ece4d0ba6c82bd406de193ba2ea231,direct-api,deepseek-v4-flash,api-pinned-2026-07-02,valid,true,
trellm-v0.3-protocol,outputs/v0_3_direct_api_matrix/submissions/deepseek__deepseek_v4_flash__synthetic_high_volatility_c0_v0_3__c0__e0__seed_11__sample_1.json,synthetic_high_volatility_c0_v0_3,deepseek,deepseek-v4-flash,deepseek-v4-flash (api-pinned-2026-07-02),C0,E0,11,1,stress-only;direct-api;live-provider;redacted-prompt,0.337403,-0.007965,16.742553,outputs/v0_3_direct_api_matrix/provider_manifests/deepseek__deepseek_v4_flash__synthetic_high_volatility_c0_v0_3__c0__e0__seed_11__sample_1.json,sha256:554c83e48e597ff1e042df284239874cd5006f7205243f96771a329a2f2b5546,direct-api,deepseek-v4-flash,api-pinned-2026-07-02,valid,true,
trellm-v0.3-protocol,outputs/v0_3_direct_api_matrix/submissions/deepseek__deepseek_v4_flash__synthetic_high_volatility_c0_v0_3__c0__e0__seed_11__sample_2.json,synthetic_high_volatility_c0_v0_3,deepseek,deepseek-v4-flash,deepseek-v4-flash (api-pinned-2026-07-02),C0,E0,11,2,stress-only;direct-api;live-provider;redacted-prompt,0.247937,-0.007876,13.095205,outputs/v0_3_direct_api_matrix/provider_manifests/deepseek__deepseek_v4_flash__synthetic_high_volatility_c0_v0_3__c0__e0__seed_11__sample_2.json,sha256:d2b647c7697e415aeafc958ac9b77fb05fae5706c83a791140b5ef8646b4c84c,direct-api,deepseek-v4-flash,api-pinned-2026-07-02,valid,true,
trellm-v0.3-protocol,outputs/v0_3_direct_api_matrix/submissions/deepseek__deepseek_v4_flash__synthetic_high_volatility_c0_v0_3__c0__e0__seed_17__sample_0.json,synthetic_high_volatility_c0_v0_3,deepseek,deepseek-v4-flash,deepseek-v4-flash (api-pinned-2026-07-02),C0,E0,17,0,stress-only;direct-api;live-provider;redacted-prompt,0.20647,-0.011371,11.0751,outputs/v0_3_direct_api_matrix/provider_manifests/deepseek__deepseek_v4_flash__synthetic_high_volatility_c0_v0_3__c0__e0__seed_17__sample_0.json,sha256:856d579c3a76e7344257804c91ff7fcf9085f9ab7f44f8023484c019c7a481be,direct-api,deepseek-v4-flash,api-pinned-2026-07-02,valid,true,
trellm-v0.3-protocol,outputs/v0_3_direct_api_matrix/submissions/deepseek__deepseek_v4_flash__synthetic_high_volatility_c0_v0_3__c0__e0__seed_17__sample_1.json,synthetic_high_volatility_c0_v0_3,deepseek,deepseek-v4-flash,deepseek-v4-flash (api-pinned-2026-07-02),C0,E0,17,1,stress-only;direct-api;live-provider;redacted-prompt,0.017925,-0.003874,4.033193,outputs/v0_3_direct_api_matrix/provider_manifests/deepseek__deepseek_v4_flash__synthetic_high_volatility_c0_v0_3__c0__e0__seed_17__sample_1.json,sha256:09bdbdfd57d8cb7c06e4e3a04dbb6a04ea87b677d350c7dcf2220b5078958b2e,direct-api,deepseek-v4-flash,api-pinned-2026-07-02,valid,true,
trellm-v0.3-protocol,outputs/v0_3_direct_api_matrix/submissions/deepseek__deepseek_v4_flash__synthetic_high_volatility_c0_v0_3__c0__e0__seed_17__sample_2.json,synthetic_high_volatility_c0_v0_3,deepseek,deepseek-v4-flash,deepseek-v4-flash (api-pinned-2026-07-02),C0,E0,17,2,stress-only;direct-api;live-provider;redacted-prompt,0.039319,-0.003874,5.901461,outputs/v0_3_direct_api_matrix/provider_manifests/deepseek__deepseek_v4_flash__synthetic_high_volatility_c0_v0_3__c0__e0__seed_17__sample_2.json,sha256:1b9882d949d68a742daf5411a90b0390a186be3ddddd0ec22e38497e2b5bc945,direct-api,deepseek-v4-flash,api-pinned-2026-07-02,valid,true,
trellm-v0.3-protocol,outputs/v0_3_direct_api_matrix/submissions/deepseek__deepseek_v4_flash__synthetic_high_volatility_c0_v0_3__c0__e0__seed_23__sample_0.json,synthetic_high_volatility_c0_v0_3,deepseek,deepseek-v4-flash,deepseek-v4-flash (api-pinned-2026-07-02),C0,E0,23,0,stress-only;direct-api;live-provider;redacted-prompt,0.302763,-0.004101,17.702948,outputs/v0_3_direct_api_matrix/provider_manifests/deepseek__deepseek_v4_flash__synthetic_high_volatility_c0_v0_3__c0__e0__seed_23__sample_0.json,sha256:11b7eb6f3a5164dccb01efd030057da7d784477e1d3b25efb6047085c251c0c8,direct-api,deepseek-v4-flash,api-pinned-2026-07-02,valid,true,
trellm-v0.3-protocol,outputs/v0_3_direct_api_matrix/submissions/deepseek__deepseek_v4_flash__synthetic_high_volatility_c0_v0_3__c0__e0__seed_23__sample_1.json,synthetic_high_volatility_c0_v0_3,deepseek,deepseek-v4-flash,deepseek-v4-flash (api-pinned-2026-07-02),C0,E0,23,1,stress-only;direct-api;live-provider;redacted-prompt,0.250363,-0.004415,13.998118,outputs/v0_3_direct_api_matrix/provider_manifests/deepseek__deepseek_v4_flash__synthetic_high_volatility_c0_v0_3__c0__e0__seed_23__sample_1.json,sha256:b1230704d2a6cb6940c28048c147158bd3eb09204dc2772a60e7eb787a223bee,direct-api,deepseek-v4-flash,api-pinned-2026-07-02,valid,true,
trellm-v0.3-protocol,outputs/v0_3_direct_api_matrix/submissions/deepseek__deepseek_v4_flash__synthetic_high_volatility_c0_v0_3__c0__e0__seed_23__sample_2.json,synthetic_high_volatility_c0_v0_3,deepseek,deepseek-v4-flash,deepseek-v4-flash (api-pinned-2026-07-02),C0,E0,23,2,stress-only;direct-api;live-provider;redacted-prompt,0.303037,-0.004564,17.46686,outputs/v0_3_direct_api_matrix/provider_manifests/deepseek__deepseek_v4_flash__synthetic_high_volatility_c0_v0_3__c0__e0__seed_23__sample_2.json,sha256:38574a5bec47dd634f5988d9810adedfd1cab7d2685b93ef14e47a21833825e8,direct-api,deepseek-v4-flash,api-pinned-2026-07-02,valid,true,
trellm-v0.3-protocol,outputs/v0_3_direct_api_matrix/submissions/deepseek__deepseek_v4_flash__synthetic_high_volatility_c0_v0_3__c0__e0__seed_31__sample_0.json,synthetic_high_volatility_c0_v0_3,deepseek,deepseek-v4-flash,deepseek-v4-flash (api-pinned-2026-07-02),C0,E0,31,0,stress-only;direct-api;live-provider;redacted-prompt,0.224465,-0.003539,15.828445,outputs/v0_3_direct_api_matrix/provider_manifests/deepseek__deepseek_v4_flash__synthetic_high_volatility_c0_v0_3__c0__e0__seed_31__sample_0.json,sha256:2da7e5f7552ee2cb7e2e8de963aceae27ef8d720d9dc0b43a37667076e37d1aa,direct-api,deepseek-v4-flash,api-pinned-2026-07-02,valid,true,
trellm-v0.3-protocol,outputs/v0_3_direct_api_matrix/submissions/deepseek__deepseek_v4_flash__synthetic_high_volatility_c0_v0_3__c0__e0__seed_31__sample_1.json,synthetic_high_volatility_c0_v0_3,deepseek,deepseek-v4-flash,deepseek-v4-flash (api-pinned-2026-07-02),C0,E0,31,1,stress-only;direct-api;live-provider;redacted-prompt,0.234825,-0.006628,16.495029,outputs/v0_3_direct_api_matrix/provider_manifests/deepseek__deepseek_v4_flash__synthetic_high_volatility_c0_v0_3__c0__e0__seed_31__sample_1.json,sha256:23205223c2fa5af13bc3d138246d0bc9d980cf55c7021e349108ed2ffa6dcc86,direct-api,deepseek-v4-flash,api-pinned-2026-07-02,valid,true,
trellm-v0.3-protocol,outputs/v0_3_direct_api_matrix/submissions/deepseek__deepseek_v4_flash__synthetic_high_volatility_c0_v0_3__c0__e0__seed_31__sample_2.json,synthetic_high_volatility_c0_v0_3,deepseek,deepseek-v4-flash,deepseek-v4-flash (api-pinned-2026-07-02),C0,E0,31,2,stress-only;direct-api;live-provider;redacted-prompt,0.223998,-0.006628,15.814603,outputs/v0_3_direct_api_matrix/provider_manifests/deepseek__deepseek_v4_flash__synthetic_high_volatility_c0_v0_3__c0__e0__seed_31__sample_2.json,sha256:e883c1f0951d2b25646fe0ddaa6c4a2f01475b85bfc06a858bfd2add2a39a3d7,direct-api,deepseek-v4-flash,api-pinned-2026-07-02,valid,true,
trellm-v0.3-protocol,outputs/v0_3_direct_api_matrix/submissions/deepseek__deepseek_v4_flash__synthetic_high_volatility_c0_v0_3__c0__e0__seed_37__sample_0.json,synthetic_high_volatility_c0_v0_3,deepseek,deepseek-v4-flash,deepseek-v4-flash (api-pinned-2026-07-02),C0,E0,37,0,stress-only;direct-api;live-provider;redacted-prompt,0.449171,-0.002588,25.992936,outputs/v0_3_direct_api_matrix/provider_manifests/deepseek__deepseek_v4_flash__synthetic_high_volatility_c0_v0_3__c0__e0__seed_37__sample_0.json,sha256:c44ebbb59785904a5270fdb38635df318a619ed01db51930616aedc922f57830,direct-api,deepseek-v4-flash,api-pinned-2026-07-02,valid,true,
trellm-v0.3-protocol,outputs/v0_3_direct_api_matrix/submissions/deepseek__deepseek_v4_flash__synthetic_high_volatility_c0_v0_3__c0__e0__seed_37__sample_1.json,synthetic_high_volatility_c0_v0_3,deepseek,deepseek-v4-flash,deepseek-v4-flash (api-pinned-2026-07-02),C0,E0,37,1,stress-only;direct-api;live-provider;redacted-prompt,0.44952,-0.002588,25.994778,outputs/v0_3_direct_api_matrix/provider_manifests/deepseek__deepseek_v4_flash__synthetic_high_volatility_c0_v0_3__c0__e0__seed_37__sample_1.json,sha256:d4866106a7ab361825cfdd6bc772c0eb144a44dcc800bf31178267d160e3cf9c,direct-api,deepseek-v4-flash,api-pinned-2026-07-02,valid,true,
trellm-v0.3-protocol,outputs/v0_3_direct_api_matrix/submissions/deepseek__deepseek_v4_flash__synthetic_high_volatility_c0_v0_3__c0__e0__seed_37__sample_2.json,synthetic_high_volatility_c0_v0_3,deepseek,deepseek-v4-flash,deepseek-v4-flash (api-pinned-2026-07-02),C0,E0,37,2,stress-only;direct-api;live-provider;redacted-prompt,0.432684,-0.002588,24.518959,outputs/v0_3_direct_api_matrix/provider_manifests/deepseek__deepseek_v4_flash__synthetic_high_volatility_c0_v0_3__c0__e0__seed_37__sample_2.json,sha256:0dc9d25257199343ab01d8fc72b5fbffda9bd363b32bd0675ffd60e64dc79887,direct-api,deepseek-v4-flash,api-pinned-2026-07-02,valid,true,
trellm-v0.3-protocol,outputs/v0_3_direct_api_matrix/submissions/deepseek__deepseek_v4_flash__synthetic_high_volatility_c0_v0_3__c0__e0__seed_41__sample_0.json,synthetic_high_volatility_c0_v0_3,deepseek,deepseek-v4-flash,deepseek-v4-flash (api-pinned-2026-07-02),C0,E0,41,0,stress-only;direct-api;live-provider;redacted-prompt,0.177201,-0.014475,11.17785,outputs/v0_3_direct_api_matrix/provider_manifests/deepseek__deepseek_v4_flash__synthetic_high_volatility_c0_v0_3__c0__e0__seed_41__sample_0.json,sha256:8f33677c8737c82f6264d50f0f3262fc2cd549729a872ad14016f02f24cf71aa,direct-api,deepseek-v4-flash,api-pinned-2026-07-02,valid,true,
trellm-v0.3-protocol,outputs/v0_3_direct_api_matrix/submissions/deepseek__deepseek_v4_flash__synthetic_high_volatility_c0_v0_3__c0__e0__seed_41__sample_1.json,synthetic_high_volatility_c0_v0_3,deepseek,deepseek-v4-flash,deepseek-v4-flash (api-pinned-2026-07-02),C0,E0,41,1,stress-only;direct-api;live-provider;redacted-prompt,0.204618,-0.014501,12.773305,outputs/v0_3_direct_api_matrix/provider_manifests/deepseek__deepseek_v4_flash__synthetic_high_volatility_c0_v0_3__c0__e0__seed_41__sample_1.json,sha256:bf2693c834b0292cc48edc9b8a84ee60bb2fa8a077aac305857997b79115466d,direct-api,deepseek-v4-flash,api-pinned-2026-07-02,valid,true,
trellm-v0.3-protocol,outputs/v0_3_direct_api_matrix/submissions/deepseek__deepseek_v4_flash__synthetic_high_volatility_c0_v0_3__c0__e0__seed_41__sample_2.json,synthetic_high_volatility_c0_v0_3,deepseek,deepseek-v4-flash,deepseek-v4-flash (api-pinned-2026-07-02),C0,E0,41,2,stress-only;direct-api;live-provider;redacted-prompt,0.166841,-0.014475,10.804348,outputs/v0_3_direct_api_matrix/provider_manifests/deepseek__deepseek_v4_flash__synthetic_high_volatility_c0_v0_3__c0__e0__seed_41__sample_2.json,sha256:687093c371618a804f9cd58bfa1781c8667f4d3c7fe9a8849f8ba479851772f2,direct-api,deepseek-v4-flash,api-pinned-2026-07-02,valid,true,
trellm-v0.3-protocol,outputs/v0_3_direct_api_matrix/submissions/deepseek__deepseek_v4_flash__synthetic_high_volatility_c0_v0_3__c0__e0__seed_43__sample_0.json,synthetic_high_volatility_c0_v0_3,deepseek,deepseek-v4-flash,deepseek-v4-flash (api-pinned-2026-07-02),C0,E0,43,0,stress-only;direct-api;live-provider;redacted-prompt,0.27645,-0.013837,15.034758,outputs/v0_3_direct_api_matrix/provider_manifests/deepseek__deepseek_v4_flash__synthetic_high_volatility_c0_v0_3__c0__e0__seed_43__sample_0.json,sha256:9e0cb9df99c5099c9782f503a9d34650e2504bd547cde7be967ac3e666c68822,direct-api,deepseek-v4-flash,api-pinned-2026-07-02,valid,true,
trellm-v0.3-protocol,outputs/v0_3_direct_api_matrix/submissions/deepseek__deepseek_v4_flash__synthetic_high_volatility_c0_v0_3__c0__e0__seed_43__sample_1.json,synthetic_high_volatility_c0_v0_3,deepseek,deepseek-v4-flash,deepseek-v4-flash (api-pinned-2026-07-02),C0,E0,43,1,stress-only;direct-api;live-provider;redacted-prompt,0.245288,-0.012395,14.066849,outputs/v0_3_direct_api_matrix/provider_manifests/deepseek__deepseek_v4_flash__synthetic_high_volatility_c0_v0_3__c0__e0__seed_43__sample_1.json,sha256:8668778924276162c434a3588ac42217bd3451ef44381aa911b0f37594b98268,direct-api,deepseek-v4-flash,api-pinned-2026-07-02,valid,true,
trellm-v0.3-protocol,outputs/v0_3_direct_api_matrix/submissions/deepseek__deepseek_v4_flash__synthetic_high_volatility_c0_v0_3__c0__e0__seed_43__sample_2.json,synthetic_high_volatility_c0_v0_3,deepseek,deepseek-v4-flash,deepseek-v4-flash (api-pinned-2026-07-02),C0,E0,43,2,stress-only;direct-api;live-provider;redacted-prompt,0.243194,-0.005826,14.255508,outputs/v0_3_direct_api_matrix/provider_manifests/deepseek__deepseek_v4_flash__synthetic_high_volatility_c0_v0_3__c0__e0__seed_43__sample_2.json,sha256:471fbc1f8fd21e3d1cdda00992faa27168e0ffd495f5d24131245be5042ee990,direct-api,deepseek-v4-flash,api-pinned-2026-07-02,valid,true,
trellm-v0.3-protocol,outputs/v0_3_direct_api_matrix/submissions/deepseek__deepseek_v4_flash__synthetic_high_volatility_c0_v0_3__c0__e0__seed_47__sample_0.json,synthetic_high_volatility_c0_v0_3,deepseek,deepseek-v4-flash,deepseek-v4-flash (api-pinned-2026-07-02),C0,E0,47,0,stress-only;direct-api;live-provider;redacted-prompt,0.238203,-0.01194,13.758456,outputs/v0_3_direct_api_matrix/provider_manifests/deepseek__deepseek_v4_flash__synthetic_high_volatility_c0_v0_3__c0__e0__seed_47__sample_0.json,sha256:15fe39e9c0c72a8f1da3c9bb42a6743a68ee6b57f20c9c2c6d39220def966ca6,direct-api,deepseek-v4-flash,api-pinned-2026-07-02,valid,true,
trellm-v0.3-protocol,outputs/v0_3_direct_api_matrix/submissions/deepseek__deepseek_v4_flash__synthetic_high_volatility_c0_v0_3__c0__e0__seed_47__sample_1.json,synthetic_high_volatility_c0_v0_3,deepseek,deepseek-v4-flash,deepseek-v4-flash (api-pinned-2026-07-02),C0,E0,47,1,stress-only;direct-api;live-provider;redacted-prompt,0.229347,-0.011569,12.651012,outputs/v0_3_direct_api_matrix/provider_manifests/deepseek__deepseek_v4_flash__synthetic_high_volatility_c0_v0_3__c0__e0__seed_47__sample_1.json,sha256:9a51ca9b8588348b99f6a12ee991c9de6ec25a2e4b86bdeaf1d2871178a53be2,direct-api,deepseek-v4-flash,api-pinned-2026-07-02,valid,true,
trellm-v0.3-protocol,outputs/v0_3_direct_api_matrix/submissions/deepseek__deepseek_v4_flash__synthetic_high_volatility_c0_v0_3__c0__e0__seed_47__sample_2.json,synthetic_high_volatility_c0_v0_3,deepseek,deepseek-v4-flash,deepseek-v4-flash (api-pinned-2026-07-02),C0,E0,47,2,stress-only;direct-api;live-provider;redacted-prompt,0.151525,-0.011978,10.263226,outputs/v0_3_direct_api_matrix/provider_manifests/deepseek__deepseek_v4_flash__synthetic_high_volatility_c0_v0_3__c0__e0__seed_47__sample_2.json,sha256:25e3d49c41664399db625186262860aee28a4397c59bfa1dee38ea86aae111dc,direct-api,deepseek-v4-flash,api-pinned-2026-07-02,valid,true,
trellm-v0.3-protocol,outputs/v0_3_direct_api_matrix/submissions/deepseek__deepseek_v4_flash__synthetic_high_volatility_c0_v0_3__c0__e0__seed_53__sample_0.json,synthetic_high_volatility_c0_v0_3,deepseek,deepseek-v4-flash,deepseek-v4-flash (api-pinned-2026-07-02),C0,E0,53,0,stress-only;direct-api;live-provider;redacted-prompt,-0.008812,-0.008812,-4.775824,outputs/v0_3_direct_api_matrix/provider_manifests/deepseek__deepseek_v4_flash__synthetic_high_volatility_c0_v0_3__c0__e0__seed_53__sample_0.json,sha256:bf50ebe0b48bd46d9869822f0a5d7b11994e1f74ab9603fae0ef45be3a064fce,direct-api,deepseek-v4-flash,api-pinned-2026-07-02,valid,true,
trellm-v0.3-protocol,outputs/v0_3_direct_api_matrix/submissions/deepseek__deepseek_v4_flash__synthetic_high_volatility_c0_v0_3__c0__e0__seed_53__sample_1.json,synthetic_high_volatility_c0_v0_3,deepseek,deepseek-v4-flash,deepseek-v4-flash (api-pinned-2026-07-02),C0,E0,53,1,stress-only;direct-api;live-provider;redacted-prompt,0.027603,-0.003506,4.030213,outputs/v0_3_direct_api_matrix/provider_manifests/deepseek__deepseek_v4_flash__synthetic_high_volatility_c0_v0_3__c0__e0__seed_53__sample_1.json,sha256:0111e166b8d2ad2ed9150b31f39a55cf7292fd93ec5bf540d09f7ca5756d7228,direct-api,deepseek-v4-flash,api-pinned-2026-07-02,valid,true,
trellm-v0.3-protocol,outputs/v0_3_direct_api_matrix/submissions/deepseek__deepseek_v4_flash__synthetic_high_volatility_c0_v0_3__c0__e0__seed_53__sample_2.json,synthetic_high_volatility_c0_v0_3,deepseek,deepseek-v4-flash,deepseek-v4-flash (api-pinned-2026-07-02),C0,E0,53,2,stress-only;direct-api;live-provider;redacted-prompt,0.017505,-0.003504,3.219367,outputs/v0_3_direct_api_matrix/provider_manifests/deepseek__deepseek_v4_flash__synthetic_high_volatility_c0_v0_3__c0__e0__seed_53__sample_2.json,sha256:f5980f2de1d25e82f987b889a378123b1bc95477027dd49f6c5c0eb90d7fd3fb,direct-api,deepseek-v4-flash,api-pinned-2026-07-02,valid,true,
trellm-v0.3-protocol,outputs/v0_3_direct_api_matrix/submissions/deepseek__deepseek_v4_flash__synthetic_high_volatility_c0_v0_3__c0__e0__seed_7__sample_0.json,synthetic_high_volatility_c0_v0_3,deepseek,deepseek-v4-flash,deepseek-v4-flash (api-pinned-2026-07-02),C0,E0,7,0,stress-only;direct-api;live-provider;redacted-prompt,-0.002938,-0.004437,-2.042674,outputs/v0_3_direct_api_matrix/provider_manifests/deepseek__deepseek_v4_flash__synthetic_high_volatility_c0_v0_3__c0__e0__seed_7__sample_0.json,sha256:569feb32b8ec44fe113536fcf20aab99b23e3e51d1d02a1dbe024db32911ae16,direct-api,deepseek-v4-flash,api-pinned-2026-07-02,valid,true,
trellm-v0.3-protocol,outputs/v0_3_direct_api_matrix/submissions/deepseek__deepseek_v4_flash__synthetic_high_volatility_c0_v0_3__c0__e0__seed_7__sample_1.json,synthetic_high_volatility_c0_v0_3,deepseek,deepseek-v4-flash,deepseek-v4-flash (api-pinned-2026-07-02),C0,E0,7,1,stress-only;direct-api;live-provider;redacted-prompt,0.009012,-0.009896,1.810859,outputs/v0_3_direct_api_matrix/provider_manifests/deepseek__deepseek_v4_flash__synthetic_high_volatility_c0_v0_3__c0__e0__seed_7__sample_1.json,sha256:8e090622a4e7fb3a3e7bf915b358edcbd5884bf88eca8f5682a174ef9c438e2a,direct-api,deepseek-v4-flash,api-pinned-2026-07-02,valid,true,
trellm-v0.3-protocol,outputs/v0_3_direct_api_matrix/submissions/deepseek__deepseek_v4_flash__synthetic_high_volatility_c0_v0_3__c0__e0__seed_7__sample_2.json,synthetic_high_volatility_c0_v0_3,deepseek,deepseek-v4-flash,deepseek-v4-flash (api-pinned-2026-07-02),C0,E0,7,2,stress-only;direct-api;live-provider;redacted-prompt,-0.000616,-0.004334,-0.382811,outputs/v0_3_direct_api_matrix/provider_manifests/deepseek__deepseek_v4_flash__synthetic_high_volatility_c0_v0_3__c0__e0__seed_7__sample_2.json,sha256:459b8fb731a7b9d41a3d2cdb8bac8ff985b340ac18d90f0c82ec3aa0a8932048,direct-api,deepseek-v4-flash,api-pinned-2026-07-02,valid,true,
trellm-v0.3-protocol,outputs/v0_3_direct_api_matrix/submissions/deepseek__deepseek_v4_flash__synthetic_high_volatility_c0_v0_3__c0__e1__seed_11__sample_0.json,synthetic_high_volatility_c0_v0_3,deepseek,deepseek-v4-flash,deepseek-v4-flash (api-pinned-2026-07-02),C0,E1,11,0,stress-only;direct-api;live-provider;redacted-prompt,0.065861,-0.00158,7.904442,outputs/v0_3_direct_api_matrix/provider_manifests/deepseek__deepseek_v4_flash__synthetic_high_volatility_c0_v0_3__c0__e1__seed_11__sample_0.json,sha256:01fbb52e4a5fd1750d085d9314eac9c746e3b722b102adc96826dd372dfc5ccd,direct-api,deepseek-v4-flash,api-pinned-2026-07-02,valid,true,
trellm-v0.3-protocol,outputs/v0_3_direct_api_matrix/submissions/deepseek__deepseek_v4_flash__synthetic_high_volatility_c0_v0_3__c0__e1__seed_11__sample_1.json,synthetic_high_volatility_c0_v0_3,deepseek,deepseek-v4-flash,deepseek-v4-flash (api-pinned-2026-07-02),C0,E1,11,1,stress-only;direct-api;live-provider;redacted-prompt,0.279915,-0.017241,12.383305,outputs/v0_3_direct_api_matrix/provider_manifests/deepseek__deepseek_v4_flash__synthetic_high_volatility_c0_v0_3__c0__e1__seed_11__sample_1.json,sha256:d56f1c5aaf33c813b4d012a5d030518e4fa7f5a3ec4f6572ca9f2aa328decd4e,direct-api,deepseek-v4-flash,api-pinned-2026-07-02,valid,true,
trellm-v0.3-protocol,outputs/v0_3_direct_api_matrix/submissions/deepseek__deepseek_v4_flash__synthetic_high_volatility_c0_v0_3__c0__e1__seed_11__sample_2.json,synthetic_high_volatility_c0_v0_3,deepseek,deepseek-v4-flash,deepseek-v4-flash (api-pinned-2026-07-02),C0,E1,11,2,stress-only;direct-api;live-provider;redacted-prompt,0.29226,-0.009406,12.259508,outputs/v0_3_direct_api_matrix/provider_manifests/deepseek__deepseek_v4_flash__synthetic_high_volatility_c0_v0_3__c0__e1__seed_11__sample_2.json,sha256:e672ab5786b08eec04a79c4986385ad7def6516e2abafb4e12d288dd85901a26,direct-api,deepseek-v4-flash,api-pinned-2026-07-02,valid,true,
trellm-v0.3-protocol,outputs/v0_3_direct_api_matrix/submissions/deepseek__deepseek_v4_flash__synthetic_high_volatility_c0_v0_3__c0__e1__seed_17__sample_0.json,synthetic_high_volatility_c0_v0_3,deepseek,deepseek-v4-flash,deepseek-v4-flash (api-pinned-2026-07-02),C0,E1,17,0,stress-only;direct-api;live-provider;redacted-prompt,0.173926,-0.010971,9.952241,outputs/v0_3_direct_api_matrix/provider_manifests/deepseek__deepseek_v4_flash__synthetic_high_volatility_c0_v0_3__c0__e1__seed_17__sample_0.json,sha256:676a0992296ec63dbb4c25dc0d2bd08e8b21d8664d447a0205f2fb2b4e5da91a,direct-api,deepseek-v4-flash,api-pinned-2026-07-02,valid,true,
trellm-v0.3-protocol,outputs/v0_3_direct_api_matrix/submissions/deepseek__deepseek_v4_flash__synthetic_high_volatility_c0_v0_3__c0__e1__seed_17__sample_1.json,synthetic_high_volatility_c0_v0_3,deepseek,deepseek-v4-flash,deepseek-v4-flash (api-pinned-2026-07-02),C0,E1,17,1,stress-only;direct-api;live-provider;redacted-prompt,0.162036,-0.007176,7.494787,outputs/v0_3_direct_api_matrix/provider_manifests/deepseek__deepseek_v4_flash__synthetic_high_volatility_c0_v0_3__c0__e1__seed_17__sample_1.json,sha256:c6f3db7a159e676957d2303a983eba1467924190256d5c2d62e637ed30a03319,direct-api,deepseek-v4-flash,api-pinned-2026-07-02,valid,true,
trellm-v0.3-protocol,outputs/v0_3_direct_api_matrix/submissions/deepseek__deepseek_v4_flash__synthetic_high_volatility_c0_v0_3__c0__e1__seed_17__sample_2.json,synthetic_high_volatility_c0_v0_3,deepseek,deepseek-v4-flash,deepseek-v4-flash (api-pinned-2026-07-02),C0,E1,17,2,stress-only;direct-api;live-provider;redacted-prompt,0.174063,-0.011438,9.071811,outputs/v0_3_direct_api_matrix/provider_manifests/deepseek__deepseek_v4_flash__synthetic_high_volatility_c0_v0_3__c0__e1__seed_17__sample_2.json,sha256:4ad59c62566c5849725508b2f11583e549b355cb45cbc9e655a9b289785f50e4,direct-api,deepseek-v4-flash,api-pinned-2026-07-02,valid,true,
trellm-v0.3-protocol,outputs/v0_3_direct_api_matrix/submissions/deepseek__deepseek_v4_flash__synthetic_high_volatility_c0_v0_3__c0__e1__seed_23__sample_0.json,synthetic_high_volatility_c0_v0_3,deepseek,deepseek-v4-flash,deepseek-v4-flash (api-pinned-2026-07-02),C0,E1,23,0,stress-only;direct-api;live-provider;redacted-prompt,0.215042,-0.007306,10.886614,outputs/v0_3_direct_api_matrix/provider_manifests/deepseek__deepseek_v4_flash__synthetic_high_volatility_c0_v0_3__c0__e1__seed_23__sample_0.json,sha256:1c344bc8df92133d391c37e03e65578047dc593344412b83f2439df722c81714,direct-api,deepseek-v4-flash,api-pinned-2026-07-02,valid,true,
trellm-v0.3-protocol,outputs/v0_3_direct_api_matrix/submissions/deepseek__deepseek_v4_flash__synthetic_high_volatility_c0_v0_3__c0__e1__seed_23__sample_1.json,synthetic_high_volatility_c0_v0_3,deepseek,deepseek-v4-flash,deepseek-v4-flash (api-pinned-2026-07-02),C0,E1,23,1,stress-only;direct-api;live-provider;redacted-prompt,0.237812,-0.005733,12.304371,outputs/v0_3_direct_api_matrix/provider_manifests/deepseek__deepseek_v4_flash__synthetic_high_volatility_c0_v0_3__c0__e1__seed_23__sample_1.json,sha256:a326168801f21236ca984b26e8aac0e4b25dfbf3a5b16c69c3dfec6a5e3b6b59,direct-api,deepseek-v4-flash,api-pinned-2026-07-02,valid,true,
trellm-v0.3-protocol,outputs/v0_3_direct_api_matrix/submissions/deepseek__deepseek_v4_flash__synthetic_high_volatility_c0_v0_3__c0__e1__seed_23__sample_2.json,synthetic_high_volatility_c0_v0_3,deepseek,deepseek-v4-flash,deepseek-v4-flash (api-pinned-2026-07-02),C0,E1,23,2,stress-only;direct-api;live-provider;redacted-prompt,0.248971,-0.005912,12.372647,outputs/v0_3_direct_api_matrix/provider_manifests/deepseek__deepseek_v4_flash__synthetic_high_volatility_c0_v0_3__c0__e1__seed_23__sample_2.json,sha256:37cee4eb41e2ffdfb55d7b5c333515a895d83b49f742d2ac31074372cd896cbd,direct-api,deepseek-v4-flash,api-pinned-2026-07-02,valid,true,
trellm-v0.3-protocol,outputs/v0_3_direct_api_matrix/submissions/deepseek__deepseek_v4_flash__synthetic_high_volatility_c0_v0_3__c0__e1__seed_31__sample_0.json,synthetic_high_volatility_c0_v0_3,deepseek,deepseek-v4-flash,deepseek-v4-flash (api-pinned-2026-07-02),C0,E1,31,0,stress-only;direct-api;live-provider;redacted-prompt,0.164595,-0.006528,14.389324,outputs/v0_3_direct_api_matrix/provider_manifests/deepseek__deepseek_v4_flash__synthetic_high_volatility_c0_v0_3__c0__e1__seed_31__sample_0.json,sha256:52c272a5e64c88a45324d7aee9831bc5870b6ceb5db74f9cd96db3df51d71191,direct-api,deepseek-v4-flash,api-pinned-2026-07-02,valid,true,
trellm-v0.3-protocol,outputs/v0_3_direct_api_matrix/submissions/deepseek__deepseek_v4_flash__synthetic_high_volatility_c0_v0_3__c0__e1__seed_31__sample_1.json,synthetic_high_volatility_c0_v0_3,deepseek,deepseek-v4-flash,deepseek-v4-flash (api-pinned-2026-07-02),C0,E1,31,1,stress-only;direct-api;live-provider;redacted-prompt,0.204481,-0.007954,14.681082,outputs/v0_3_direct_api_matrix/provider_manifests/deepseek__deepseek_v4_flash__synthetic_high_volatility_c0_v0_3__c0__e1__seed_31__sample_1.json,sha256:cb8b441d82f44a8ab3765a643cdab70e85a2d5844c3edb034c1224a657446633,direct-api,deepseek-v4-flash,api-pinned-2026-07-02,valid,true,
trellm-v0.3-protocol,outputs/v0_3_direct_api_matrix/submissions/deepseek__deepseek_v4_flash__synthetic_high_volatility_c0_v0_3__c0__e1__seed_31__sample_2.json,synthetic_high_volatility_c0_v0_3,deepseek,deepseek-v4-flash,deepseek-v4-flash (api-pinned-2026-07-02),C0,E1,31,2,stress-only;direct-api;live-provider;redacted-prompt,0.231719,-0.009607,15.27645,outputs/v0_3_direct_api_matrix/provider_manifests/deepseek__deepseek_v4_flash__synthetic_high_volatility_c0_v0_3__c0__e1__seed_31__sample_2.json,sha256:e02468b35f7a231f31b4e26467ba8d23dbe5c4dfc36e65c82ac63e9db64cb235,direct-api,deepseek-v4-flash,api-pinned-2026-07-02,valid,true,
trellm-v0.3-protocol,outputs/v0_3_direct_api_matrix/submissions/deepseek__deepseek_v4_flash__synthetic_high_volatility_c0_v0_3__c0__e1__seed_37__sample_0.json,synthetic_high_volatility_c0_v0_3,deepseek,deepseek-v4-flash,deepseek-v4-flash (api-pinned-2026-07-02),C0,E1,37,0,stress-only;direct-api;live-provider;redacted-prompt,0.339964,-0.00307,18.779278,outputs/v0_3_direct_api_matrix/provider_manifests/deepseek__deepseek_v4_flash__synthetic_high_volatility_c0_v0_3__c0__e1__seed_37__sample_0.json,sha256:e3053577b4bab90e31cefc76f44f031e1f16fd1ff10da9c7465eda431bf3f0da,direct-api,deepseek-v4-flash,api-pinned-2026-07-02,valid,true,
trellm-v0.3-protocol,outputs/v0_3_direct_api_matrix/submissions/deepseek__deepseek_v4_flash__synthetic_high_volatility_c0_v0_3__c0__e1__seed_37__sample_1.json,synthetic_high_volatility_c0_v0_3,deepseek,deepseek-v4-flash,deepseek-v4-flash (api-pinned-2026-07-02),C0,E1,37,1,stress-only;direct-api;live-provider;redacted-prompt,0.363357,-0.00307,19.222716,outputs/v0_3_direct_api_matrix/provider_manifests/deepseek__deepseek_v4_flash__synthetic_high_volatility_c0_v0_3__c0__e1__seed_37__sample_1.json,sha256:075537af5a17ee017e52e70cf0f96f96fec9b228b560ba53827cdcb4a0d502b9,direct-api,deepseek-v4-flash,api-pinned-2026-07-02,valid,true,
trellm-v0.3-protocol,outputs/v0_3_direct_api_matrix/submissions/deepseek__deepseek_v4_flash__synthetic_high_volatility_c0_v0_3__c0__e1__seed_37__sample_2.json,synthetic_high_volatility_c0_v0_3,deepseek,deepseek-v4-flash,deepseek-v4-flash (api-pinned-2026-07-02),C0,E1,37,2,stress-only;direct-api;live-provider;redacted-prompt,0.340032,-0.00307,17.534393,outputs/v0_3_direct_api_matrix/provider_manifests/deepseek__deepseek_v4_flash__synthetic_high_volatility_c0_v0_3__c0__e1__seed_37__sample_2.json,sha256:ef0fe32705fac23a174888bdc129be95d44e6a369bc935b9f00365d7a58beed3,direct-api,deepseek-v4-flash,api-pinned-2026-07-02,valid,true,
trellm-v0.3-protocol,outputs/v0_3_direct_api_matrix/submissions/deepseek__deepseek_v4_flash__synthetic_high_volatility_c0_v0_3__c0__e1__seed_41__sample_0.json,synthetic_high_volatility_c0_v0_3,deepseek,deepseek-v4-flash,deepseek-v4-flash (api-pinned-2026-07-02),C0,E1,41,0,stress-only;direct-api;live-provider;redacted-prompt,0.175266,-0.021839,9.029307,outputs/v0_3_direct_api_matrix/provider_manifests/deepseek__deepseek_v4_flash__synthetic_high_volatility_c0_v0_3__c0__e1__seed_41__sample_0.json,sha256:6ed50488eb40edf288bd8d738a4d06a00d3295d2be24947b3115fadaf498f3c9,direct-api,deepseek-v4-flash,api-pinned-2026-07-02,valid,true,
trellm-v0.3-protocol,outputs/v0_3_direct_api_matrix/submissions/deepseek__deepseek_v4_flash__synthetic_high_volatility_c0_v0_3__c0__e1__seed_41__sample_1.json,synthetic_high_volatility_c0_v0_3,deepseek,deepseek-v4-flash,deepseek-v4-flash (api-pinned-2026-07-02),C0,E1,41,1,stress-only;direct-api;live-provider;redacted-prompt,0.164987,-0.021554,8.767533,outputs/v0_3_direct_api_matrix/provider_manifests/deepseek__deepseek_v4_flash__synthetic_high_volatility_c0_v0_3__c0__e1__seed_41__sample_1.json,sha256:52ef488d96d946adea8468f3f304bee322ee75aa110308bb7112c4637875308a,direct-api,deepseek-v4-flash,api-pinned-2026-07-02,valid,true,
trellm-v0.3-protocol,outputs/v0_3_direct_api_matrix/submissions/deepseek__deepseek_v4_flash__synthetic_high_volatility_c0_v0_3__c0__e1__seed_41__sample_2.json,synthetic_high_volatility_c0_v0_3,deepseek,deepseek-v4-flash,deepseek-v4-flash (api-pinned-2026-07-02),C0,E1,41,2,stress-only;direct-api;live-provider;redacted-prompt,0.178707,-0.019622,9.624047,outputs/v0_3_direct_api_matrix/provider_manifests/deepseek__deepseek_v4_flash__synthetic_high_volatility_c0_v0_3__c0__e1__seed_41__sample_2.json,sha256:a0bd0b359034f104c7456e8972dc3fa6de9111aaa600e23f199d15fabc8d375e,direct-api,deepseek-v4-flash,api-pinned-2026-07-02,valid,true,
trellm-v0.3-protocol,outputs/v0_3_direct_api_matrix/submissions/deepseek__deepseek_v4_flash__synthetic_high_volatility_c0_v0_3__c0__e1__seed_43__sample_0.json,synthetic_high_volatility_c0_v0_3,deepseek,deepseek-v4-flash,deepseek-v4-flash (api-pinned-2026-07-02),C0,E1,43,0,stress-only;direct-api;live-provider;redacted-prompt,0.267676,-0.007699,16.807023,outputs/v0_3_direct_api_matrix/provider_manifests/deepseek__deepseek_v4_flash__synthetic_high_volatility_c0_v0_3__c0__e1__seed_43__sample_0.json,sha256:ac31ecb4bcc19f4940346e35e18d0ad89084ec6c453b59938768a838fd05849e,direct-api,deepseek-v4-flash,api-pinned-2026-07-02,valid,true,
trellm-v0.3-protocol,outputs/v0_3_direct_api_matrix/submissions/deepseek__deepseek_v4_flash__synthetic_high_volatility_c0_v0_3__c0__e1__seed_43__sample_1.json,synthetic_high_volatility_c0_v0_3,deepseek,deepseek-v4-flash,deepseek-v4-flash (api-pinned-2026-07-02),C0,E1,43,1,stress-only;direct-api;live-provider;redacted-prompt,0.224245,-0.006456,14.277547,outputs/v0_3_direct_api_matrix/provider_manifests/deepseek__deepseek_v4_flash__synthetic_high_volatility_c0_v0_3__c0__e1__seed_43__sample_1.json,sha256:199d08eaaef352a6fa4e6b28be79e5de9b0eb5aa6c09ea90de3595b6f6120b51,direct-api,deepseek-v4-flash,api-pinned-2026-07-02,valid,true,
trellm-v0.3-protocol,outputs/v0_3_direct_api_matrix/submissions/deepseek__deepseek_v4_flash__synthetic_high_volatility_c0_v0_3__c0__e1__seed_43__sample_2.json,synthetic_high_volatility_c0_v0_3,deepseek,deepseek-v4-flash,deepseek-v4-flash (api-pinned-2026-07-02),C0,E1,43,2,stress-only;direct-api;live-provider;redacted-prompt,0.281642,-0.007699,17.69009,outputs/v0_3_direct_api_matrix/provider_manifests/deepseek__deepseek_v4_flash__synthetic_high_volatility_c0_v0_3__c0__e1__seed_43__sample_2.json,sha256:e3039c64b005fda8c9e5bfd1faa2d49ebdc33684a813f377c8cefed500592e8a,direct-api,deepseek-v4-flash,api-pinned-2026-07-02,valid,true,
trellm-v0.3-protocol,outputs/v0_3_direct_api_matrix/submissions/deepseek__deepseek_v4_flash__synthetic_high_volatility_c0_v0_3__c0__e1__seed_47__sample_0.json,synthetic_high_volatility_c0_v0_3,deepseek,deepseek-v4-flash,deepseek-v4-flash (api-pinned-2026-07-02),C0,E1,47,0,stress-only;direct-api;live-provider;redacted-prompt,0.15325,-0.01417,9.280466,outputs/v0_3_direct_api_matrix/provider_manifests/deepseek__deepseek_v4_flash__synthetic_high_volatility_c0_v0_3__c0__e1__seed_47__sample_0.json,sha256:057e30995df0b424c08c086e62decbc9458950341bb7ef0fb5a2088d231eac45,direct-api,deepseek-v4-flash,api-pinned-2026-07-02,valid,true,
trellm-v0.3-protocol,outputs/v0_3_direct_api_matrix/submissions/deepseek__deepseek_v4_flash__synthetic_high_volatility_c0_v0_3__c0__e1__seed_47__sample_1.json,synthetic_high_volatility_c0_v0_3,deepseek,deepseek-v4-flash,deepseek-v4-flash (api-pinned-2026-07-02),C0,E1,47,1,stress-only;direct-api;live-provider;redacted-prompt,0.194056,-0.01403,10.304462,outputs/v0_3_direct_api_matrix/provider_manifests/deepseek__deepseek_v4_flash__synthetic_high_volatility_c0_v0_3__c0__e1__seed_47__sample_1.json,sha256:342ab70ef52de15006f36ade371346665841585992cd85e63939199e6d4b311c,direct-api,deepseek-v4-flash,api-pinned-2026-07-02,valid,true,
trellm-v0.3-protocol,outputs/v0_3_direct_api_matrix/submissions/deepseek__deepseek_v4_flash__synthetic_high_volatility_c0_v0_3__c0__e1__seed_47__sample_2.json,synthetic_high_volatility_c0_v0_3,deepseek,deepseek-v4-flash,deepseek-v4-flash (api-pinned-2026-07-02),C0,E1,47,2,stress-only;direct-api;live-provider;redacted-prompt,0.196743,-0.012794,10.793277,outputs/v0_3_direct_api_matrix/provider_manifests/deepseek__deepseek_v4_flash__synthetic_high_volatility_c0_v0_3__c0__e1__seed_47__sample_2.json,sha256:693798c89c754c69ba6111b23f8e34ab8acf0a83f7647a7622b5a528b7dcf11b,direct-api,deepseek-v4-flash,api-pinned-2026-07-02,valid,true,
trellm-v0.3-protocol,outputs/v0_3_direct_api_matrix/submissions/deepseek__deepseek_v4_flash__synthetic_high_volatility_c0_v0_3__c0__e1__seed_53__sample_0.json,synthetic_high_volatility_c0_v0_3,deepseek,deepseek-v4-flash,deepseek-v4-flash (api-pinned-2026-07-02),C0,E1,53,0,stress-only;direct-api;live-provider;redacted-prompt,0.170626,-0.019455,8.300207,outputs/v0_3_direct_api_matrix/provider_manifests/deepseek__deepseek_v4_flash__synthetic_high_volatility_c0_v0_3__c0__e1__seed_53__sample_0.json,sha256:13937a4822e7b9e90123a1bede81550e511012da51a80f69ccbe4290c06e2671,direct-api,deepseek-v4-flash,api-pinned-2026-07-02,valid,true,
trellm-v0.3-protocol,outputs/v0_3_direct_api_matrix/submissions/deepseek__deepseek_v4_flash__synthetic_high_volatility_c0_v0_3__c0__e1__seed_53__sample_1.json,synthetic_high_volatility_c0_v0_3,deepseek,deepseek-v4-flash,deepseek-v4-flash (api-pinned-2026-07-02),C0,E1,53,1,stress-only;direct-api;live-provider;redacted-prompt,0.160784,-0.022333,7.898541,outputs/v0_3_direct_api_matrix/provider_manifests/deepseek__deepseek_v4_flash__synthetic_high_volatility_c0_v0_3__c0__e1__seed_53__sample_1.json,sha256:0f69a9adc97f1f50b1efd7de07a7183bbdfa8c4e6c21bd2dabf72ec1ac5ae854,direct-api,deepseek-v4-flash,api-pinned-2026-07-02,valid,true,
trellm-v0.3-protocol,outputs/v0_3_direct_api_matrix/submissions/deepseek__deepseek_v4_flash__synthetic_high_volatility_c0_v0_3__c0__e1__seed_53__sample_2.json,synthetic_high_volatility_c0_v0_3,deepseek,deepseek-v4-flash,deepseek-v4-flash (api-pinned-2026-07-02),C0,E1,53,2,stress-only;direct-api;live-provider;redacted-prompt,0.028647,-0.003117,4.977363,outputs/v0_3_direct_api_matrix/provider_manifests/deepseek__deepseek_v4_flash__synthetic_high_volatility_c0_v0_3__c0__e1__seed_53__sample_2.json,sha256:06049885ddba8244d7b8f869c81eda9b30099ed94403862241941f4b7e739543,direct-api,deepseek-v4-flash,api-pinned-2026-07-02,valid,true,
trellm-v0.3-protocol,outputs/v0_3_direct_api_matrix/submissions/deepseek__deepseek_v4_flash__synthetic_high_volatility_c0_v0_3__c0__e1__seed_7__sample_0.json,synthetic_high_volatility_c0_v0_3,deepseek,deepseek-v4-flash,deepseek-v4-flash (api-pinned-2026-07-02),C0,E1,7,0,stress-only;direct-api;live-provider;redacted-prompt,0.019928,-0.01117,3.169655,outputs/v0_3_direct_api_matrix/provider_manifests/deepseek__deepseek_v4_flash__synthetic_high_volatility_c0_v0_3__c0__e1__seed_7__sample_0.json,sha256:9ac575dfe34494f14ea84d710548fbca7375fa2eb0316f67486e8390cc3ed86a,direct-api,deepseek-v4-flash,api-pinned-2026-07-02,valid,true,
trellm-v0.3-protocol,outputs/v0_3_direct_api_matrix/submissions/deepseek__deepseek_v4_flash__synthetic_high_volatility_c0_v0_3__c0__e1__seed_7__sample_1.json,synthetic_high_volatility_c0_v0_3,deepseek,deepseek-v4-flash,deepseek-v4-flash (api-pinned-2026-07-02),C0,E1,7,1,stress-only;direct-api;live-provider;redacted-prompt,-0.001742,-0.004797,-1.030437,outputs/v0_3_direct_api_matrix/provider_manifests/deepseek__deepseek_v4_flash__synthetic_high_volatility_c0_v0_3__c0__e1__seed_7__sample_1.json,sha256:252233fe52a7cb6c8669fd7a864b83d595fc39a5ec312e1e34304c3def4a181e,direct-api,deepseek-v4-flash,api-pinned-2026-07-02,valid,true,
trellm-v0.3-protocol,outputs/v0_3_direct_api_matrix/submissions/deepseek__deepseek_v4_flash__synthetic_high_volatility_c0_v0_3__c0__e1__seed_7__sample_2.json,synthetic_high_volatility_c0_v0_3,deepseek,deepseek-v4-flash,deepseek-v4-flash (api-pinned-2026-07-02),C0,E1,7,2,stress-only;direct-api;live-provider;redacted-prompt,0.019928,-0.01117,3.169655,outputs/v0_3_direct_api_matrix/provider_manifests/deepseek__deepseek_v4_flash__synthetic_high_volatility_c0_v0_3__c0__e1__seed_7__sample_2.json,sha256:6c9609da8d5aab49402541c25df2fe30f5af0534125cfaa2e611d12f243a918e,direct-api,deepseek-v4-flash,api-pinned-2026-07-02,valid,true,
trellm-v0.3-protocol,outputs/v0_3_direct_api_matrix/submissions/deepseek__deepseek_v4_flash__synthetic_jump_tail_c0_v0_3__c0__e0__seed_11__sample_0.json,synthetic_jump_tail_c0_v0_3,deepseek,deepseek-v4-flash,deepseek-v4-flash (api-pinned-2026-07-02),C0,E0,11,0,stress-only;direct-api;live-provider;redacted-prompt,0.316295,-0.008403,12.836074,outputs/v0_3_direct_api_matrix/provider_manifests/deepseek__deepseek_v4_flash__synthetic_jump_tail_c0_v0_3__c0__e0__seed_11__sample_0.json,sha256:ac6235eececc324dd287267b83222d7549773d67f8473a9f09b52558684b8233,direct-api,deepseek-v4-flash,api-pinned-2026-07-02,valid,true,
trellm-v0.3-protocol,outputs/v0_3_direct_api_matrix/submissions/deepseek__deepseek_v4_flash__synthetic_jump_tail_c0_v0_3__c0__e0__seed_11__sample_1.json,synthetic_jump_tail_c0_v0_3,deepseek,deepseek-v4-flash,deepseek-v4-flash (api-pinned-2026-07-02),C0,E0,11,1,stress-only;direct-api;live-provider;redacted-prompt,0.295834,-0.008647,11.906997,outputs/v0_3_direct_api_matrix/provider_manifests/deepseek__deepseek_v4_flash__synthetic_jump_tail_c0_v0_3__c0__e0__seed_11__sample_1.json,sha256:2d3acfdc29197b29d234933f3385009aa71c9cd173ef2d1d7f8aa83e70c1a2de,direct-api,deepseek-v4-flash,api-pinned-2026-07-02,valid,true,
trellm-v0.3-protocol,outputs/v0_3_direct_api_matrix/submissions/deepseek__deepseek_v4_flash__synthetic_jump_tail_c0_v0_3__c0__e0__seed_11__sample_2.json,synthetic_jump_tail_c0_v0_3,deepseek,deepseek-v4-flash,deepseek-v4-flash (api-pinned-2026-07-02),C0,E0,11,2,stress-only;direct-api;live-provider;redacted-prompt,0.295834,-0.008647,11.906997,outputs/v0_3_direct_api_matrix/provider_manifests/deepseek__deepseek_v4_flash__synthetic_jump_tail_c0_v0_3__c0__e0__seed_11__sample_2.json,sha256:64f4cee8fda4d127d74fa09bd837722894ca291ad450ad8613a7a58ff8c04f35,direct-api,deepseek-v4-flash,api-pinned-2026-07-02,valid,true,
trellm-v0.3-protocol,outputs/v0_3_direct_api_matrix/submissions/deepseek__deepseek_v4_flash__synthetic_jump_tail_c0_v0_3__c0__e0__seed_17__sample_0.json,synthetic_jump_tail_c0_v0_3,deepseek,deepseek-v4-flash,deepseek-v4-flash (api-pinned-2026-07-02),C0,E0,17,0,stress-only;direct-api;live-provider;redacted-prompt,0.278302,-0.043361,8.964718,outputs/v0_3_direct_api_matrix/provider_manifests/deepseek__deepseek_v4_flash__synthetic_jump_tail_c0_v0_3__c0__e0__seed_17__sample_0.json,sha256:ba2d176cba109fbdbc098577025d5feb020483c468d5a939e67e43838073087d,direct-api,deepseek-v4-flash,api-pinned-2026-07-02,valid,true,
trellm-v0.3-protocol,outputs/v0_3_direct_api_matrix/submissions/deepseek__deepseek_v4_flash__synthetic_jump_tail_c0_v0_3__c0__e0__seed_17__sample_1.json,synthetic_jump_tail_c0_v0_3,deepseek,deepseek-v4-flash,deepseek-v4-flash (api-pinned-2026-07-02),C0,E0,17,1,stress-only;direct-api;live-provider;redacted-prompt,0.274476,-0.043361,8.910637,outputs/v0_3_direct_api_matrix/provider_manifests/deepseek__deepseek_v4_flash__synthetic_jump_tail_c0_v0_3__c0__e0__seed_17__sample_1.json,sha256:3c963586c9cd58215f8c2111cef337b4777fa6b6ee9f924c214066ce331114e0,direct-api,deepseek-v4-flash,api-pinned-2026-07-02,valid,true,
trellm-v0.3-protocol,outputs/v0_3_direct_api_matrix/submissions/deepseek__deepseek_v4_flash__synthetic_jump_tail_c0_v0_3__c0__e0__seed_17__sample_2.json,synthetic_jump_tail_c0_v0_3,deepseek,deepseek-v4-flash,deepseek-v4-flash (api-pinned-2026-07-02),C0,E0,17,2,stress-only;direct-api;live-provider;redacted-prompt,0.284461,-0.042377,9.263537,outputs/v0_3_direct_api_matrix/provider_manifests/deepseek__deepseek_v4_flash__synthetic_jump_tail_c0_v0_3__c0__e0__seed_17__sample_2.json,sha256:48c93aebe0a5d8cb48d4cd8766745f8e18c6525f5ba0369acab78cc5c8b9bf81,direct-api,deepseek-v4-flash,api-pinned-2026-07-02,valid,true,
trellm-v0.3-protocol,outputs/v0_3_direct_api_matrix/submissions/deepseek__deepseek_v4_flash__synthetic_jump_tail_c0_v0_3__c0__e0__seed_23__sample_0.json,synthetic_jump_tail_c0_v0_3,deepseek,deepseek-v4-flash,deepseek-v4-flash (api-pinned-2026-07-02),C0,E0,23,0,stress-only;direct-api;live-provider;redacted-prompt,0.198708,-0.049685,7.323403,outputs/v0_3_direct_api_matrix/provider_manifests/deepseek__deepseek_v4_flash__synthetic_jump_tail_c0_v0_3__c0__e0__seed_23__sample_0.json,sha256:f25fc01691430dd1a4c266dfa39a4e2edce1093a5ff2e6f8db44fad6ebecf278,direct-api,deepseek-v4-flash,api-pinned-2026-07-02,valid,true,
trellm-v0.3-protocol,outputs/v0_3_direct_api_matrix/submissions/deepseek__deepseek_v4_flash__synthetic_jump_tail_c0_v0_3__c0__e0__seed_23__sample_1.json,synthetic_jump_tail_c0_v0_3,deepseek,deepseek-v4-flash,deepseek-v4-flash (api-pinned-2026-07-02),C0,E0,23,1,stress-only;direct-api;live-provider;redacted-prompt,0.213668,-0.049685,7.780361,outputs/v0_3_direct_api_matrix/provider_manifests/deepseek__deepseek_v4_flash__synthetic_jump_tail_c0_v0_3__c0__e0__seed_23__sample_1.json,sha256:bb82f95624fc72a58da9dd8d43676bfe7235be502ad2b805a3ce137c86836bfe,direct-api,deepseek-v4-flash,api-pinned-2026-07-02,valid,true,
trellm-v0.3-protocol,outputs/v0_3_direct_api_matrix/submissions/deepseek__deepseek_v4_flash__synthetic_jump_tail_c0_v0_3__c0__e0__seed_23__sample_2.json,synthetic_jump_tail_c0_v0_3,deepseek,deepseek-v4-flash,deepseek-v4-flash (api-pinned-2026-07-02),C0,E0,23,2,stress-only;direct-api;live-provider;redacted-prompt,0.201153,-0.049685,7.554669,outputs/v0_3_direct_api_matrix/provider_manifests/deepseek__deepseek_v4_flash__synthetic_jump_tail_c0_v0_3__c0__e0__seed_23__sample_2.json,sha256:65bafbcce12bf184a2515df9d8d5c1e797a750729887dc50ea6110d52785b0ad,direct-api,deepseek-v4-flash,api-pinned-2026-07-02,valid,true,
trellm-v0.3-protocol,outputs/v0_3_direct_api_matrix/submissions/deepseek__deepseek_v4_flash__synthetic_jump_tail_c0_v0_3__c0__e0__seed_31__sample_0.json,synthetic_jump_tail_c0_v0_3,deepseek,deepseek-v4-flash,deepseek-v4-flash (api-pinned-2026-07-02),C0,E0,31,0,stress-only;direct-api;live-provider;redacted-prompt,0.026728,-0.000882,4.545037,outputs/v0_3_direct_api_matrix/provider_manifests/deepseek__deepseek_v4_flash__synthetic_jump_tail_c0_v0_3__c0__e0__seed_31__sample_0.json,sha256:3daed2c4f6ccfb1e2b677f93e346eacec2488b1dfb80c35e7907971fef46cf4e,direct-api,deepseek-v4-flash,api-pinned-2026-07-02,valid,true,
trellm-v0.3-protocol,outputs/v0_3_direct_api_matrix/submissions/deepseek__deepseek_v4_flash__synthetic_jump_tail_c0_v0_3__c0__e0__seed_31__sample_1.json,synthetic_jump_tail_c0_v0_3,deepseek,deepseek-v4-flash,deepseek-v4-flash (api-pinned-2026-07-02),C0,E0,31,1,stress-only;direct-api;live-provider;redacted-prompt,0.051984,-0.000568,7.519018,outputs/v0_3_direct_api_matrix/provider_manifests/deepseek__deepseek_v4_flash__synthetic_jump_tail_c0_v0_3__c0__e0__seed_31__sample_1.json,sha256:8b430fb11c7868ab758ee6d37c2b3da165da8aea7dc3d31cc3769b34876b6bb5,direct-api,deepseek-v4-flash,api-pinned-2026-07-02,valid,true,
trellm-v0.3-protocol,outputs/v0_3_direct_api_matrix/submissions/deepseek__deepseek_v4_flash__synthetic_jump_tail_c0_v0_3__c0__e0__seed_31__sample_2.json,synthetic_jump_tail_c0_v0_3,deepseek,deepseek-v4-flash,deepseek-v4-flash (api-pinned-2026-07-02),C0,E0,31,2,stress-only;direct-api;live-provider;redacted-prompt,0.076859,-0.000568,10.205696,outputs/v0_3_direct_api_matrix/provider_manifests/deepseek__deepseek_v4_flash__synthetic_jump_tail_c0_v0_3__c0__e0__seed_31__sample_2.json,sha256:20ac27f891e9cc078a8a1f88cd1a3ff44f1de5ee6aa0f8630f6dc4b5196c2885,direct-api,deepseek-v4-flash,api-pinned-2026-07-02,valid,true,
trellm-v0.3-protocol,outputs/v0_3_direct_api_matrix/submissions/deepseek__deepseek_v4_flash__synthetic_jump_tail_c0_v0_3__c0__e0__seed_37__sample_0.json,synthetic_jump_tail_c0_v0_3,deepseek,deepseek-v4-flash,deepseek-v4-flash (api-pinned-2026-07-02),C0,E0,37,0,stress-only;direct-api;live-provider;redacted-prompt,0.193376,-0.021302,7.154133,outputs/v0_3_direct_api_matrix/provider_manifests/deepseek__deepseek_v4_flash__synthetic_jump_tail_c0_v0_3__c0__e0__seed_37__sample_0.json,sha256:dd41f5dc4fc8954e7604ec885d566389a5a1a4fcacfca14431be258f62c7a3bb,direct-api,deepseek-v4-flash,api-pinned-2026-07-02,valid,true,
trellm-v0.3-protocol,outputs/v0_3_direct_api_matrix/submissions/deepseek__deepseek_v4_flash__synthetic_jump_tail_c0_v0_3__c0__e0__seed_37__sample_1.json,synthetic_jump_tail_c0_v0_3,deepseek,deepseek-v4-flash,deepseek-v4-flash (api-pinned-2026-07-02),C0,E0,37,1,stress-only;direct-api;live-provider;redacted-prompt,0.237541,-0.032411,7.947828,outputs/v0_3_direct_api_matrix/provider_manifests/deepseek__deepseek_v4_flash__synthetic_jump_tail_c0_v0_3__c0__e0__seed_37__sample_1.json,sha256:83892c1b63a5ba3388145c1c271e0e08bfb4111d800d79adb22cb4e0fc8ace85,direct-api,deepseek-v4-flash,api-pinned-2026-07-02,valid,true,
trellm-v0.3-protocol,outputs/v0_3_direct_api_matrix/submissions/deepseek__deepseek_v4_flash__synthetic_jump_tail_c0_v0_3__c0__e0__seed_37__sample_2.json,synthetic_jump_tail_c0_v0_3,deepseek,deepseek-v4-flash,deepseek-v4-flash (api-pinned-2026-07-02),C0,E0,37,2,stress-only;direct-api;live-provider;redacted-prompt,0.23689,-0.027011,8.156979,outputs/v0_3_direct_api_matrix/provider_manifests/deepseek__deepseek_v4_flash__synthetic_jump_tail_c0_v0_3__c0__e0__seed_37__sample_2.json,sha256:9be8815675da4a7feb2be4ccf63c95200e143e058f5b0a278ecece605dbd4b91,direct-api,deepseek-v4-flash,api-pinned-2026-07-02,valid,true,
trellm-v0.3-protocol,outputs/v0_3_direct_api_matrix/submissions/deepseek__deepseek_v4_flash__synthetic_jump_tail_c0_v0_3__c0__e0__seed_41__sample_0.json,synthetic_jump_tail_c0_v0_3,deepseek,deepseek-v4-flash,deepseek-v4-flash (api-pinned-2026-07-02),C0,E0,41,0,stress-only;direct-api;live-provider;redacted-prompt,0.131261,-0.038477,4.941105,outputs/v0_3_direct_api_matrix/provider_manifests/deepseek__deepseek_v4_flash__synthetic_jump_tail_c0_v0_3__c0__e0__seed_41__sample_0.json,sha256:4139c2696a1db9a93dacd07ab9fc87d43927d68f55a98bdbb6c66bd9c4a348db,direct-api,deepseek-v4-flash,api-pinned-2026-07-02,valid,true,
trellm-v0.3-protocol,outputs/v0_3_direct_api_matrix/submissions/deepseek__deepseek_v4_flash__synthetic_jump_tail_c0_v0_3__c0__e0__seed_41__sample_1.json,synthetic_jump_tail_c0_v0_3,deepseek,deepseek-v4-flash,deepseek-v4-flash (api-pinned-2026-07-02),C0,E0,41,1,stress-only;direct-api;live-provider;redacted-prompt,0.05043,-0.038477,2.319359,outputs/v0_3_direct_api_matrix/provider_manifests/deepseek__deepseek_v4_flash__synthetic_jump_tail_c0_v0_3__c0__e0__seed_41__sample_1.json,sha256:b2566a4b3bed2e4ba614355d80c21b9533563b71f84b6f53be7f71e510606974,direct-api,deepseek-v4-flash,api-pinned-2026-07-02,valid,true,
trellm-v0.3-protocol,outputs/v0_3_direct_api_matrix/submissions/deepseek__deepseek_v4_flash__synthetic_jump_tail_c0_v0_3__c0__e0__seed_41__sample_2.json,synthetic_jump_tail_c0_v0_3,deepseek,deepseek-v4-flash,deepseek-v4-flash (api-pinned-2026-07-02),C0,E0,41,2,stress-only;direct-api;live-provider;redacted-prompt,0.239152,-0.043009,7.866773,outputs/v0_3_direct_api_matrix/provider_manifests/deepseek__deepseek_v4_flash__synthetic_jump_tail_c0_v0_3__c0__e0__seed_41__sample_2.json,sha256:976197db04b32a9d2a40bbf8d39e24563e3eb2e2a7ef9ab5871892e131fa283d,direct-api,deepseek-v4-flash,api-pinned-2026-07-02,valid,true,
trellm-v0.3-protocol,outputs/v0_3_direct_api_matrix/submissions/deepseek__deepseek_v4_flash__synthetic_jump_tail_c0_v0_3__c0__e0__seed_43__sample_0.json,synthetic_jump_tail_c0_v0_3,deepseek,deepseek-v4-flash,deepseek-v4-flash (api-pinned-2026-07-02),C0,E0,43,0,stress-only;direct-api;live-provider;redacted-prompt,0.140161,-0.037172,4.349774,outputs/v0_3_direct_api_matrix/provider_manifests/deepseek__deepseek_v4_flash__synthetic_jump_tail_c0_v0_3__c0__e0__seed_43__sample_0.json,sha256:953fbeb43a02139fe7f94e6c64506451ec7f2c7c28471fc203368032113c5aec,direct-api,deepseek-v4-flash,api-pinned-2026-07-02,valid,true,
trellm-v0.3-protocol,outputs/v0_3_direct_api_matrix/submissions/deepseek__deepseek_v4_flash__synthetic_jump_tail_c0_v0_3__c0__e0__seed_43__sample_1.json,synthetic_jump_tail_c0_v0_3,deepseek,deepseek-v4-flash,deepseek-v4-flash (api-pinned-2026-07-02),C0,E0,43,1,stress-only;direct-api;live-provider;redacted-prompt,0.094901,-0.037622,3.053802,outputs/v0_3_direct_api_matrix/provider_manifests/deepseek__deepseek_v4_flash__synthetic_jump_tail_c0_v0_3__c0__e0__seed_43__sample_1.json,sha256:160b126252a2c15325206e1a88a83fb740fad89a4e998b68984817aa3464ad40,direct-api,deepseek-v4-flash,api-pinned-2026-07-02,valid,true,
trellm-v0.3-protocol,outputs/v0_3_direct_api_matrix/submissions/deepseek__deepseek_v4_flash__synthetic_jump_tail_c0_v0_3__c0__e0__seed_43__sample_2.json,synthetic_jump_tail_c0_v0_3,deepseek,deepseek-v4-flash,deepseek-v4-flash (api-pinned-2026-07-02),C0,E0,43,2,stress-only;direct-api;live-provider;redacted-prompt,0.149716,-0.037172,4.786228,outputs/v0_3_direct_api_matrix/provider_manifests/deepseek__deepseek_v4_flash__synthetic_jump_tail_c0_v0_3__c0__e0__seed_43__sample_2.json,sha256:452c5115630718cceb9040f9b74f734ad10c26eca84bf3fcc14d4dcb3f7bd071,direct-api,deepseek-v4-flash,api-pinned-2026-07-02,valid,true,
trellm-v0.3-protocol,outputs/v0_3_direct_api_matrix/submissions/deepseek__deepseek_v4_flash__synthetic_jump_tail_c0_v0_3__c0__e0__seed_47__sample_0.json,synthetic_jump_tail_c0_v0_3,deepseek,deepseek-v4-flash,deepseek-v4-flash (api-pinned-2026-07-02),C0,E0,47,0,stress-only;direct-api;live-provider;redacted-prompt,0.197463,-0.031137,7.548966,outputs/v0_3_direct_api_matrix/provider_manifests/deepseek__deepseek_v4_flash__synthetic_jump_tail_c0_v0_3__c0__e0__seed_47__sample_0.json,sha256:e82524d29004a89a13bf645b0fbbda6a2a9cd95f5c9b6583f0b518112952a7c5,direct-api,deepseek-v4-flash,api-pinned-2026-07-02,valid,true,
trellm-v0.3-protocol,outputs/v0_3_direct_api_matrix/submissions/deepseek__deepseek_v4_flash__synthetic_jump_tail_c0_v0_3__c0__e0__seed_47__sample_1.json,synthetic_jump_tail_c0_v0_3,deepseek,deepseek-v4-flash,deepseek-v4-flash (api-pinned-2026-07-02),C0,E0,47,1,stress-only;direct-api;live-provider;redacted-prompt,0.194086,-0.032638,7.595361,outputs/v0_3_direct_api_matrix/provider_manifests/deepseek__deepseek_v4_flash__synthetic_jump_tail_c0_v0_3__c0__e0__seed_47__sample_1.json,sha256:8e2ecac47326590efa53a0fab260354480ba3433d1866869df3124009f773503,direct-api,deepseek-v4-flash,api-pinned-2026-07-02,valid,true,
trellm-v0.3-protocol,outputs/v0_3_direct_api_matrix/submissions/deepseek__deepseek_v4_flash__synthetic_jump_tail_c0_v0_3__c0__e0__seed_47__sample_2.json,synthetic_jump_tail_c0_v0_3,deepseek,deepseek-v4-flash,deepseek-v4-flash (api-pinned-2026-07-02),C0,E0,47,2,stress-only;direct-api;live-provider;redacted-prompt,0.158209,-0.031035,6.947976,outputs/v0_3_direct_api_matrix/provider_manifests/deepseek__deepseek_v4_flash__synthetic_jump_tail_c0_v0_3__c0__e0__seed_47__sample_2.json,sha256:5f179422085ddcb0283861baae7460ed2728a676e52a927b1f61862f173b06df,direct-api,deepseek-v4-flash,api-pinned-2026-07-02,valid,true,
trellm-v0.3-protocol,outputs/v0_3_direct_api_matrix/submissions/deepseek__deepseek_v4_flash__synthetic_jump_tail_c0_v0_3__c0__e0__seed_53__sample_0.json,synthetic_jump_tail_c0_v0_3,deepseek,deepseek-v4-flash,deepseek-v4-flash (api-pinned-2026-07-02),C0,E0,53,0,stress-only;direct-api;live-provider;redacted-prompt,0.011411,-0.004592,2.837619,outputs/v0_3_direct_api_matrix/provider_manifests/deepseek__deepseek_v4_flash__synthetic_jump_tail_c0_v0_3__c0__e0__seed_53__sample_0.json,sha256:0599ae097ebebd8c58a3185943d6ca710e24d62fa496d733cbba7236fea4bd1e,direct-api,deepseek-v4-flash,api-pinned-2026-07-02,valid,true,
trellm-v0.3-protocol,outputs/v0_3_direct_api_matrix/submissions/deepseek__deepseek_v4_flash__synthetic_jump_tail_c0_v0_3__c0__e0__seed_53__sample_1.json,synthetic_jump_tail_c0_v0_3,deepseek,deepseek-v4-flash,deepseek-v4-flash (api-pinned-2026-07-02),C0,E0,53,1,stress-only;direct-api;live-provider;redacted-prompt,0.349556,-0.029966,10.370479,outputs/v0_3_direct_api_matrix/provider_manifests/deepseek__deepseek_v4_flash__synthetic_jump_tail_c0_v0_3__c0__e0__seed_53__sample_1.json,sha256:1c8382ca934a83bcd87cb32abd18389fa5548497e8f37d15e5595b3fb210b17d,direct-api,deepseek-v4-flash,api-pinned-2026-07-02,valid,true,
trellm-v0.3-protocol,outputs/v0_3_direct_api_matrix/submissions/deepseek__deepseek_v4_flash__synthetic_jump_tail_c0_v0_3__c0__e0__seed_53__sample_2.json,synthetic_jump_tail_c0_v0_3,deepseek,deepseek-v4-flash,deepseek-v4-flash (api-pinned-2026-07-02),C0,E0,53,2,stress-only;direct-api;live-provider;redacted-prompt,0.204373,-0.005136,8.928966,outputs/v0_3_direct_api_matrix/provider_manifests/deepseek__deepseek_v4_flash__synthetic_jump_tail_c0_v0_3__c0__e0__seed_53__sample_2.json,sha256:26bf6ad30e0997bab0c131e2219dcfae66ff431f6ba18b3d9209c0cf69dfba7d,direct-api,deepseek-v4-flash,api-pinned-2026-07-02,valid,true,
trellm-v0.3-protocol,outputs/v0_3_direct_api_matrix/submissions/deepseek__deepseek_v4_flash__synthetic_jump_tail_c0_v0_3__c0__e0__seed_7__sample_0.json,synthetic_jump_tail_c0_v0_3,deepseek,deepseek-v4-flash,deepseek-v4-flash (api-pinned-2026-07-02),C0,E0,7,0,stress-only;direct-api;live-provider;redacted-prompt,0.373139,-0.016986,10.870577,outputs/v0_3_direct_api_matrix/provider_manifests/deepseek__deepseek_v4_flash__synthetic_jump_tail_c0_v0_3__c0__e0__seed_7__sample_0.json,sha256:58b2c2c4917c029f613fa8f65d6f150be1224c252a88ba2114f6041e50487fd7,direct-api,deepseek-v4-flash,api-pinned-2026-07-02,valid,true,
trellm-v0.3-protocol,outputs/v0_3_direct_api_matrix/submissions/deepseek__deepseek_v4_flash__synthetic_jump_tail_c0_v0_3__c0__e0__seed_7__sample_1.json,synthetic_jump_tail_c0_v0_3,deepseek,deepseek-v4-flash,deepseek-v4-flash (api-pinned-2026-07-02),C0,E0,7,1,stress-only;direct-api;live-provider;redacted-prompt,0.369403,-0.016986,10.678498,outputs/v0_3_direct_api_matrix/provider_manifests/deepseek__deepseek_v4_flash__synthetic_jump_tail_c0_v0_3__c0__e0__seed_7__sample_1.json,sha256:d87398df6c3c1e578c42a1f300543bb6e7b87b879d3d01f9f73f960cd33b7769,direct-api,deepseek-v4-flash,api-pinned-2026-07-02,valid,true,
trellm-v0.3-protocol,outputs/v0_3_direct_api_matrix/submissions/deepseek__deepseek_v4_flash__synthetic_jump_tail_c0_v0_3__c0__e0__seed_7__sample_2.json,synthetic_jump_tail_c0_v0_3,deepseek,deepseek-v4-flash,deepseek-v4-flash (api-pinned-2026-07-02),C0,E0,7,2,stress-only;direct-api;live-provider;redacted-prompt,0.246875,-0.021712,7.407865,outputs/v0_3_direct_api_matrix/provider_manifests/deepseek__deepseek_v4_flash__synthetic_jump_tail_c0_v0_3__c0__e0__seed_7__sample_2.json,sha256:fb1512fa05af249c92614ec667e759e0cefd188fac3c51cc6e44a5daf4f2955f,direct-api,deepseek-v4-flash,api-pinned-2026-07-02,valid,true,
trellm-v0.3-protocol,outputs/v0_3_direct_api_matrix/submissions/deepseek__deepseek_v4_flash__synthetic_jump_tail_c0_v0_3__c0__e1__seed_11__sample_0.json,synthetic_jump_tail_c0_v0_3,deepseek,deepseek-v4-flash,deepseek-v4-flash (api-pinned-2026-07-02),C0,E1,11,0,stress-only;direct-api;live-provider;redacted-prompt,0.293808,-0.009309,10.849673,outputs/v0_3_direct_api_matrix/provider_manifests/deepseek__deepseek_v4_flash__synthetic_jump_tail_c0_v0_3__c0__e1__seed_11__sample_0.json,sha256:e59c46ddb07129a77e1d9580630d1e711dad67560a23f145eb9d901ecd602e7a,direct-api,deepseek-v4-flash,api-pinned-2026-07-02,valid,true,
trellm-v0.3-protocol,outputs/v0_3_direct_api_matrix/submissions/deepseek__deepseek_v4_flash__synthetic_jump_tail_c0_v0_3__c0__e1__seed_11__sample_1.json,synthetic_jump_tail_c0_v0_3,deepseek,deepseek-v4-flash,deepseek-v4-flash (api-pinned-2026-07-02),C0,E1,11,1,stress-only;direct-api;live-provider;redacted-prompt,0.288112,-0.009309,11.15993,outputs/v0_3_direct_api_matrix/provider_manifests/deepseek__deepseek_v4_flash__synthetic_jump_tail_c0_v0_3__c0__e1__seed_11__sample_1.json,sha256:3c611f2cf08bb21f2627012cf29e8d892371bcdc6df57c190cf0fa15e4cfe9a0,direct-api,deepseek-v4-flash,api-pinned-2026-07-02,valid,true,
trellm-v0.3-protocol,outputs/v0_3_direct_api_matrix/submissions/deepseek__deepseek_v4_flash__synthetic_jump_tail_c0_v0_3__c0__e1__seed_11__sample_2.json,synthetic_jump_tail_c0_v0_3,deepseek,deepseek-v4-flash,deepseek-v4-flash (api-pinned-2026-07-02),C0,E1,11,2,stress-only;direct-api;live-provider;redacted-prompt,0.235217,-0.006247,11.365915,outputs/v0_3_direct_api_matrix/provider_manifests/deepseek__deepseek_v4_flash__synthetic_jump_tail_c0_v0_3__c0__e1__seed_11__sample_2.json,sha256:8abc6d2fd7fdf3eb569caeeed18caa9262796e2e9949e2d2d7f66d62d606b86b,direct-api,deepseek-v4-flash,api-pinned-2026-07-02,valid,true,
trellm-v0.3-protocol,outputs/v0_3_direct_api_matrix/submissions/deepseek__deepseek_v4_flash__synthetic_jump_tail_c0_v0_3__c0__e1__seed_17__sample_0.json,synthetic_jump_tail_c0_v0_3,deepseek,deepseek-v4-flash,deepseek-v4-flash (api-pinned-2026-07-02),C0,E1,17,0,stress-only;direct-api;live-provider;redacted-prompt,0.256626,-0.051099,8.2649,outputs/v0_3_direct_api_matrix/provider_manifests/deepseek__deepseek_v4_flash__synthetic_jump_tail_c0_v0_3__c0__e1__seed_17__sample_0.json,sha256:fa53265f413807dd8610c63cf0ff1541bda6b858249d08f07e9a11bb27883f7c,direct-api,deepseek-v4-flash,api-pinned-2026-07-02,valid,true,
trellm-v0.3-protocol,outputs/v0_3_direct_api_matrix/submissions/deepseek__deepseek_v4_flash__synthetic_jump_tail_c0_v0_3__c0__e1__seed_17__sample_1.json,synthetic_jump_tail_c0_v0_3,deepseek,deepseek-v4-flash,deepseek-v4-flash (api-pinned-2026-07-02),C0,E1,17,1,stress-only;direct-api;live-provider;redacted-prompt,0.25611,-0.05095,8.470477,outputs/v0_3_direct_api_matrix/provider_manifests/deepseek__deepseek_v4_flash__synthetic_jump_tail_c0_v0_3__c0__e1__seed_17__sample_1.json,sha256:1f86bad3d9880fd8f3a74a2b86ed5bf49e3c44eebb2ac067518dbd9b3afdc831,direct-api,deepseek-v4-flash,api-pinned-2026-07-02,valid,true,
trellm-v0.3-protocol,outputs/v0_3_direct_api_matrix/submissions/deepseek__deepseek_v4_flash__synthetic_jump_tail_c0_v0_3__c0__e1__seed_17__sample_2.json,synthetic_jump_tail_c0_v0_3,deepseek,deepseek-v4-flash,deepseek-v4-flash (api-pinned-2026-07-02),C0,E1,17,2,stress-only;direct-api;live-provider;redacted-prompt,0.253862,-0.05095,8.44761,outputs/v0_3_direct_api_matrix/provider_manifests/deepseek__deepseek_v4_flash__synthetic_jump_tail_c0_v0_3__c0__e1__seed_17__sample_2.json,sha256:07577595762cf06fac81d55509d121f08fef5389a2b7d165b6434aa3d583407c,direct-api,deepseek-v4-flash,api-pinned-2026-07-02,valid,true,
trellm-v0.3-protocol,outputs/v0_3_direct_api_matrix/submissions/deepseek__deepseek_v4_flash__synthetic_jump_tail_c0_v0_3__c0__e1__seed_23__sample_0.json,synthetic_jump_tail_c0_v0_3,deepseek,deepseek-v4-flash,deepseek-v4-flash (api-pinned-2026-07-02),C0,E1,23,0,stress-only;direct-api;live-provider;redacted-prompt,0.157146,-0.083111,4.430395,outputs/v0_3_direct_api_matrix/provider_manifests/deepseek__deepseek_v4_flash__synthetic_jump_tail_c0_v0_3__c0__e1__seed_23__sample_0.json,sha256:b3c5cf71179f756435d0e1dce9ef2c4afe6d9e53284266731903596fb337fe58,direct-api,deepseek-v4-flash,api-pinned-2026-07-02,valid,true,
trellm-v0.3-protocol,outputs/v0_3_direct_api_matrix/submissions/deepseek__deepseek_v4_flash__synthetic_jump_tail_c0_v0_3__c0__e1__seed_23__sample_1.json,synthetic_jump_tail_c0_v0_3,deepseek,deepseek-v4-flash,deepseek-v4-flash (api-pinned-2026-07-02),C0,E1,23,1,stress-only;direct-api;live-provider;redacted-prompt,0.152526,-0.049932,5.359981,outputs/v0_3_direct_api_matrix/provider_manifests/deepseek__deepseek_v4_flash__synthetic_jump_tail_c0_v0_3__c0__e1__seed_23__sample_1.json,sha256:9f77b7d7e48d6aa68db8727faa4a26bac8fc4129b25931bb594146f5c2be6989,direct-api,deepseek-v4-flash,api-pinned-2026-07-02,valid,true,
trellm-v0.3-protocol,outputs/v0_3_direct_api_matrix/submissions/deepseek__deepseek_v4_flash__synthetic_jump_tail_c0_v0_3__c0__e1__seed_23__sample_2.json,synthetic_jump_tail_c0_v0_3,deepseek,deepseek-v4-flash,deepseek-v4-flash (api-pinned-2026-07-02),C0,E1,23,2,stress-only;direct-api;live-provider;redacted-prompt,0.156667,-0.083111,4.467528,outputs/v0_3_direct_api_matrix/provider_manifests/deepseek__deepseek_v4_flash__synthetic_jump_tail_c0_v0_3__c0__e1__seed_23__sample_2.json,sha256:65fdd25ea1f7d5b8961f4995e6a858565bd44dd5840a3f1271009c6b136e4af2,direct-api,deepseek-v4-flash,api-pinned-2026-07-02,valid,true,
trellm-v0.3-protocol,outputs/v0_3_direct_api_matrix/submissions/deepseek__deepseek_v4_flash__synthetic_jump_tail_c0_v0_3__c0__e1__seed_31__sample_0.json,synthetic_jump_tail_c0_v0_3,deepseek,deepseek-v4-flash,deepseek-v4-flash (api-pinned-2026-07-02),C0,E1,31,0,stress-only;direct-api;live-provider;redacted-prompt,0.366647,-0.021666,10.122383,outputs/v0_3_direct_api_matrix/provider_manifests/deepseek__deepseek_v4_flash__synthetic_jump_tail_c0_v0_3__c0__e1__seed_31__sample_0.json,sha256:0291e137689ecba508c45f5e6d6a5e578cbaabc1f1fe98034ab82ad767128061,direct-api,deepseek-v4-flash,api-pinned-2026-07-02,valid,true,
trellm-v0.3-protocol,outputs/v0_3_direct_api_matrix/submissions/deepseek__deepseek_v4_flash__synthetic_jump_tail_c0_v0_3__c0__e1__seed_31__sample_1.json,synthetic_jump_tail_c0_v0_3,deepseek,deepseek-v4-flash,deepseek-v4-flash (api-pinned-2026-07-02),C0,E1,31,1,stress-only;direct-api;live-provider;redacted-prompt,0.403603,-0.008311,8.371156,outputs/v0_3_direct_api_matrix/provider_manifests/deepseek__deepseek_v4_flash__synthetic_jump_tail_c0_v0_3__c0__e1__seed_31__sample_1.json,sha256:da4e7791b7fd32a796bfc6d74c2f0b27ff2fb27148a7d80590b12815df3a38a1,direct-api,deepseek-v4-flash,api-pinned-2026-07-02,valid,true,
trellm-v0.3-protocol,outputs/v0_3_direct_api_matrix/submissions/deepseek__deepseek_v4_flash__synthetic_jump_tail_c0_v0_3__c0__e1__seed_31__sample_2.json,synthetic_jump_tail_c0_v0_3,deepseek,deepseek-v4-flash,deepseek-v4-flash (api-pinned-2026-07-02),C0,E1,31,2,stress-only;direct-api;live-provider;redacted-prompt,0.378164,-0.014562,10.495197,outputs/v0_3_direct_api_matrix/provider_manifests/deepseek__deepseek_v4_flash__synthetic_jump_tail_c0_v0_3__c0__e1__seed_31__sample_2.json,sha256:9beea184d70584186ba0bb2d87a976110dd6afd63b881d87f3552edad8bd6c28,direct-api,deepseek-v4-flash,api-pinned-2026-07-02,valid,true,
trellm-v0.3-protocol,outputs/v0_3_direct_api_matrix/submissions/deepseek__deepseek_v4_flash__synthetic_jump_tail_c0_v0_3__c0__e1__seed_37__sample_0.json,synthetic_jump_tail_c0_v0_3,deepseek,deepseek-v4-flash,deepseek-v4-flash (api-pinned-2026-07-02),C0,E1,37,0,stress-only;direct-api;live-provider;redacted-prompt,0.251002,-0.033702,7.288061,outputs/v0_3_direct_api_matrix/provider_manifests/deepseek__deepseek_v4_flash__synthetic_jump_tail_c0_v0_3__c0__e1__seed_37__sample_0.json,sha256:ab3927ab81e702423b986985d99e550676ccf4a920fd261d81114c964f3edb9c,direct-api,deepseek-v4-flash,api-pinned-2026-07-02,valid,true,
trellm-v0.3-protocol,outputs/v0_3_direct_api_matrix/submissions/deepseek__deepseek_v4_flash__synthetic_jump_tail_c0_v0_3__c0__e1__seed_37__sample_1.json,synthetic_jump_tail_c0_v0_3,deepseek,deepseek-v4-flash,deepseek-v4-flash (api-pinned-2026-07-02),C0,E1,37,1,stress-only;direct-api;live-provider;redacted-prompt,0.34643,-0.008733,9.933307,outputs/v0_3_direct_api_matrix/provider_manifests/deepseek__deepseek_v4_flash__synthetic_jump_tail_c0_v0_3__c0__e1__seed_37__sample_1.json,sha256:bc355012e3cd8e456a98ee4fcc5fa184cd5cf930c6caa5a1c8ef01b3f61d00ff,direct-api,deepseek-v4-flash,api-pinned-2026-07-02,valid,true,
trellm-v0.3-protocol,outputs/v0_3_direct_api_matrix/submissions/deepseek__deepseek_v4_flash__synthetic_jump_tail_c0_v0_3__c0__e1__seed_37__sample_2.json,synthetic_jump_tail_c0_v0_3,deepseek,deepseek-v4-flash,deepseek-v4-flash (api-pinned-2026-07-02),C0,E1,37,2,stress-only;direct-api;live-provider;redacted-prompt,0.214673,-0.035745,6.281275,outputs/v0_3_direct_api_matrix/provider_manifests/deepseek__deepseek_v4_flash__synthetic_jump_tail_c0_v0_3__c0__e1__seed_37__sample_2.json,sha256:8d1bf6aabef77a2833c2aa0090220607c97cbc91f860f16b4aa8024c41ed1473,direct-api,deepseek-v4-flash,api-pinned-2026-07-02,valid,true,
trellm-v0.3-protocol,outputs/v0_3_direct_api_matrix/submissions/deepseek__deepseek_v4_flash__synthetic_jump_tail_c0_v0_3__c0__e1__seed_41__sample_0.json,synthetic_jump_tail_c0_v0_3,deepseek,deepseek-v4-flash,deepseek-v4-flash (api-pinned-2026-07-02),C0,E1,41,0,stress-only;direct-api;live-provider;redacted-prompt,0.061188,-0.11481,1.790695,outputs/v0_3_direct_api_matrix/provider_manifests/deepseek__deepseek_v4_flash__synthetic_jump_tail_c0_v0_3__c0__e1__seed_41__sample_0.json,sha256:cc508c7e83f34a81a74d7ad3c4ea374a037c744a6bdb5812c20e25bb8a5d7b7e,direct-api,deepseek-v4-flash,api-pinned-2026-07-02,valid,true,
trellm-v0.3-protocol,outputs/v0_3_direct_api_matrix/submissions/deepseek__deepseek_v4_flash__synthetic_jump_tail_c0_v0_3__c0__e1__seed_41__sample_1.json,synthetic_jump_tail_c0_v0_3,deepseek,deepseek-v4-flash,deepseek-v4-flash (api-pinned-2026-07-02),C0,E1,41,1,stress-only;direct-api;live-provider;redacted-prompt,0.066706,-0.114564,1.885479,outputs/v0_3_direct_api_matrix/provider_manifests/deepseek__deepseek_v4_flash__synthetic_jump_tail_c0_v0_3__c0__e1__seed_41__sample_1.json,sha256:668b9ced83eb3e110498fa26f2b4004b210d03c5fcf52f57963c4969fc8f4251,direct-api,deepseek-v4-flash,api-pinned-2026-07-02,valid,true,
trellm-v0.3-protocol,outputs/v0_3_direct_api_matrix/submissions/deepseek__deepseek_v4_flash__synthetic_jump_tail_c0_v0_3__c0__e1__seed_41__sample_2.json,synthetic_jump_tail_c0_v0_3,deepseek,deepseek-v4-flash,deepseek-v4-flash (api-pinned-2026-07-02),C0,E1,41,2,stress-only;direct-api;live-provider;redacted-prompt,0.178285,-0.054231,6.627178,outputs/v0_3_direct_api_matrix/provider_manifests/deepseek__deepseek_v4_flash__synthetic_jump_tail_c0_v0_3__c0__e1__seed_41__sample_2.json,sha256:534117ceaf51dc3f5969f093e8b1e3b8db1aa8cc35cd54a8bf24022a8f28a8d2,direct-api,deepseek-v4-flash,api-pinned-2026-07-02,valid,true,
trellm-v0.3-protocol,outputs/v0_3_direct_api_matrix/submissions/deepseek__deepseek_v4_flash__synthetic_jump_tail_c0_v0_3__c0__e1__seed_43__sample_0.json,synthetic_jump_tail_c0_v0_3,deepseek,deepseek-v4-flash,deepseek-v4-flash (api-pinned-2026-07-02),C0,E1,43,0,stress-only;direct-api;live-provider;redacted-prompt,0.075239,-0.027461,3.304722,outputs/v0_3_direct_api_matrix/provider_manifests/deepseek__deepseek_v4_flash__synthetic_jump_tail_c0_v0_3__c0__e1__seed_43__sample_0.json,sha256:60707c21992464ef1d3d91b47bf118b07154c0f2f1c1ca85e908176fdc619a31,direct-api,deepseek-v4-flash,api-pinned-2026-07-02,valid,true,
trellm-v0.3-protocol,outputs/v0_3_direct_api_matrix/submissions/deepseek__deepseek_v4_flash__synthetic_jump_tail_c0_v0_3__c0__e1__seed_43__sample_1.json,synthetic_jump_tail_c0_v0_3,deepseek,deepseek-v4-flash,deepseek-v4-flash (api-pinned-2026-07-02),C0,E1,43,1,stress-only;direct-api;live-provider;redacted-prompt,0.061322,-0.040453,2.208874,outputs/v0_3_direct_api_matrix/provider_manifests/deepseek__deepseek_v4_flash__synthetic_jump_tail_c0_v0_3__c0__e1__seed_43__sample_1.json,sha256:f09729744226279fe5eb9b5d1b32e86e579b56d3382a21e0ef531310ced2526c,direct-api,deepseek-v4-flash,api-pinned-2026-07-02,valid,true,
trellm-v0.3-protocol,outputs/v0_3_direct_api_matrix/submissions/deepseek__deepseek_v4_flash__synthetic_jump_tail_c0_v0_3__c0__e1__seed_43__sample_2.json,synthetic_jump_tail_c0_v0_3,deepseek,deepseek-v4-flash,deepseek-v4-flash (api-pinned-2026-07-02),C0,E1,43,2,stress-only;direct-api;live-provider;redacted-prompt,0.074592,-0.042782,2.665349,outputs/v0_3_direct_api_matrix/provider_manifests/deepseek__deepseek_v4_flash__synthetic_jump_tail_c0_v0_3__c0__e1__seed_43__sample_2.json,sha256:96688a65ec657ae0118e23bf4a80064d0aa2fda61d796a72fb3828fdd27de6ac,direct-api,deepseek-v4-flash,api-pinned-2026-07-02,valid,true,
trellm-v0.3-protocol,outputs/v0_3_direct_api_matrix/submissions/deepseek__deepseek_v4_flash__synthetic_jump_tail_c0_v0_3__c0__e1__seed_47__sample_0.json,synthetic_jump_tail_c0_v0_3,deepseek,deepseek-v4-flash,deepseek-v4-flash (api-pinned-2026-07-02),C0,E1,47,0,stress-only;direct-api;live-provider;redacted-prompt,0.064745,-0.076873,2.227837,outputs/v0_3_direct_api_matrix/provider_manifests/deepseek__deepseek_v4_flash__synthetic_jump_tail_c0_v0_3__c0__e1__seed_47__sample_0.json,sha256:68a8c27588d9459188e5422b86a48806ff83914d76972995b08b22eba3e7fa31,direct-api,deepseek-v4-flash,api-pinned-2026-07-02,valid,true,
trellm-v0.3-protocol,outputs/v0_3_direct_api_matrix/submissions/deepseek__deepseek_v4_flash__synthetic_jump_tail_c0_v0_3__c0__e1__seed_47__sample_1.json,synthetic_jump_tail_c0_v0_3,deepseek,deepseek-v4-flash,deepseek-v4-flash (api-pinned-2026-07-02),C0,E1,47,1,stress-only;direct-api;live-provider;redacted-prompt,0.065034,-0.078854,2.261832,outputs/v0_3_direct_api_matrix/provider_manifests/deepseek__deepseek_v4_flash__synthetic_jump_tail_c0_v0_3__c0__e1__seed_47__sample_1.json,sha256:ce4cc3dda247b87a80f764d02ade09cb735bb8adade66ea9644713e50d29b059,direct-api,deepseek-v4-flash,api-pinned-2026-07-02,valid,true,
trellm-v0.3-protocol,outputs/v0_3_direct_api_matrix/submissions/deepseek__deepseek_v4_flash__synthetic_jump_tail_c0_v0_3__c0__e1__seed_47__sample_2.json,synthetic_jump_tail_c0_v0_3,deepseek,deepseek-v4-flash,deepseek-v4-flash (api-pinned-2026-07-02),C0,E1,47,2,stress-only;direct-api;live-provider;redacted-prompt,0.087911,-0.072445,3.138217,outputs/v0_3_direct_api_matrix/provider_manifests/deepseek__deepseek_v4_flash__synthetic_jump_tail_c0_v0_3__c0__e1__seed_47__sample_2.json,sha256:3d45f3bc8d53d5a6b4f4698fc3ee8195c3333ea98fe58feb28e1d5e0af33d718,direct-api,deepseek-v4-flash,api-pinned-2026-07-02,valid,true,
trellm-v0.3-protocol,outputs/v0_3_direct_api_matrix/submissions/deepseek__deepseek_v4_flash__synthetic_jump_tail_c0_v0_3__c0__e1__seed_53__sample_0.json,synthetic_jump_tail_c0_v0_3,deepseek,deepseek-v4-flash,deepseek-v4-flash (api-pinned-2026-07-02),C0,E1,53,0,stress-only;direct-api;live-provider;redacted-prompt,0.364231,-0.0269,10.995897,outputs/v0_3_direct_api_matrix/provider_manifests/deepseek__deepseek_v4_flash__synthetic_jump_tail_c0_v0_3__c0__e1__seed_53__sample_0.json,sha256:0cef9ce4868ecea605f68764ee2dea41602fd3d017c99fef71f9712d9ca87b9a,direct-api,deepseek-v4-flash,api-pinned-2026-07-02,valid,true,
trellm-v0.3-protocol,outputs/v0_3_direct_api_matrix/submissions/deepseek__deepseek_v4_flash__synthetic_jump_tail_c0_v0_3__c0__e1__seed_53__sample_1.json,synthetic_jump_tail_c0_v0_3,deepseek,deepseek-v4-flash,deepseek-v4-flash (api-pinned-2026-07-02),C0,E1,53,1,stress-only;direct-api;live-provider;redacted-prompt,0.341472,-0.028905,10.835919,outputs/v0_3_direct_api_matrix/provider_manifests/deepseek__deepseek_v4_flash__synthetic_jump_tail_c0_v0_3__c0__e1__seed_53__sample_1.json,sha256:20faf942098795fd9bd5bd61d7b3446083022cad272d3ba274a5d117981a56a3,direct-api,deepseek-v4-flash,api-pinned-2026-07-02,valid,true,
trellm-v0.3-protocol,outputs/v0_3_direct_api_matrix/submissions/deepseek__deepseek_v4_flash__synthetic_jump_tail_c0_v0_3__c0__e1__seed_53__sample_2.json,synthetic_jump_tail_c0_v0_3,deepseek,deepseek-v4-flash,deepseek-v4-flash (api-pinned-2026-07-02),C0,E1,53,2,stress-only;direct-api;live-provider;redacted-prompt,0.29123,-0.027565,9.119734,outputs/v0_3_direct_api_matrix/provider_manifests/deepseek__deepseek_v4_flash__synthetic_jump_tail_c0_v0_3__c0__e1__seed_53__sample_2.json,sha256:fdea10fdb7dc542f3bf6ec8a31c66ddef2f60b84c04dd641767b2284277c33d1,direct-api,deepseek-v4-flash,api-pinned-2026-07-02,valid,true,
trellm-v0.3-protocol,outputs/v0_3_direct_api_matrix/submissions/deepseek__deepseek_v4_flash__synthetic_jump_tail_c0_v0_3__c0__e1__seed_7__sample_0.json,synthetic_jump_tail_c0_v0_3,deepseek,deepseek-v4-flash,deepseek-v4-flash (api-pinned-2026-07-02),C0,E1,7,0,stress-only;direct-api;live-provider;redacted-prompt,0.278679,-0.01854,9.373058,outputs/v0_3_direct_api_matrix/provider_manifests/deepseek__deepseek_v4_flash__synthetic_jump_tail_c0_v0_3__c0__e1__seed_7__sample_0.json,sha256:59ec5e656b7e21b7fa86123bd520b6df8ec5c40b2413b13b29728710c0ba460d,direct-api,deepseek-v4-flash,api-pinned-2026-07-02,valid,true,
trellm-v0.3-protocol,outputs/v0_3_direct_api_matrix/submissions/deepseek__deepseek_v4_flash__synthetic_jump_tail_c0_v0_3__c0__e1__seed_7__sample_1.json,synthetic_jump_tail_c0_v0_3,deepseek,deepseek-v4-flash,deepseek-v4-flash (api-pinned-2026-07-02),C0,E1,7,1,stress-only;direct-api;live-provider;redacted-prompt,0.300874,-0.018587,8.938784,outputs/v0_3_direct_api_matrix/provider_manifests/deepseek__deepseek_v4_flash__synthetic_jump_tail_c0_v0_3__c0__e1__seed_7__sample_1.json,sha256:80a289ff05ae190cb4f857b6c6f52efefebfaf0d51e660afa352aefabf9b4f72,direct-api,deepseek-v4-flash,api-pinned-2026-07-02,valid,true,
trellm-v0.3-protocol,outputs/v0_3_direct_api_matrix/submissions/deepseek__deepseek_v4_flash__synthetic_jump_tail_c0_v0_3__c0__e1__seed_7__sample_2.json,synthetic_jump_tail_c0_v0_3,deepseek,deepseek-v4-flash,deepseek-v4-flash (api-pinned-2026-07-02),C0,E1,7,2,stress-only;direct-api;live-provider;redacted-prompt,0.288572,-0.018587,11.34923,outputs/v0_3_direct_api_matrix/provider_manifests/deepseek__deepseek_v4_flash__synthetic_jump_tail_c0_v0_3__c0__e1__seed_7__sample_2.json,sha256:3d0fc8b4d45489f7c4cd0e7d02b9e039ea660162d9289c97191829aaf0b3d7fd,direct-api,deepseek-v4-flash,api-pinned-2026-07-02,valid,true,
trellm-v0.3-protocol,outputs/v0_3_direct_api_matrix/submissions/deepseek__deepseek_v4_pro__synthetic_calm_trend_c0_v0_3__c0__e0__seed_11__sample_0.json,synthetic_calm_trend_c0_v0_3,deepseek,deepseek-v4-pro,deepseek-v4-pro (api-pinned-2026-07-02),C0,E0,11,0,stress-only;direct-api;live-provider;redacted-prompt,0.0,0.0,0.0,outputs/v0_3_direct_api_matrix/provider_manifests/deepseek__deepseek_v4_pro__synthetic_calm_trend_c0_v0_3__c0__e0__seed_11__sample_0.json,sha256:3eb341e404e9f70c048e820214c24bca12b04e822eaf8789b7bdb1c9dec01a92,direct-api,deepseek-v4-pro,api-pinned-2026-07-02,valid,true,
trellm-v0.3-protocol,outputs/v0_3_direct_api_matrix/submissions/deepseek__deepseek_v4_pro__synthetic_calm_trend_c0_v0_3__c0__e0__seed_11__sample_1.json,synthetic_calm_trend_c0_v0_3,deepseek,deepseek-v4-pro,deepseek-v4-pro (api-pinned-2026-07-02),C0,E0,11,1,stress-only;direct-api;live-provider;redacted-prompt,0.0,0.0,0.0,outputs/v0_3_direct_api_matrix/provider_manifests/deepseek__deepseek_v4_pro__synthetic_calm_trend_c0_v0_3__c0__e0__seed_11__sample_1.json,sha256:fde885f10724da870c748e5a2fdd10762c0b457f81c31f49e0ee0acd0e9c55d7,direct-api,deepseek-v4-pro,api-pinned-2026-07-02,valid,true,
trellm-v0.3-protocol,outputs/v0_3_direct_api_matrix/submissions/deepseek__deepseek_v4_pro__synthetic_calm_trend_c0_v0_3__c0__e0__seed_11__sample_2.json,synthetic_calm_trend_c0_v0_3,deepseek,deepseek-v4-pro,deepseek-v4-pro (api-pinned-2026-07-02),C0,E0,11,2,stress-only;direct-api;live-provider;redacted-prompt,0.0,0.0,0.0,outputs/v0_3_direct_api_matrix/provider_manifests/deepseek__deepseek_v4_pro__synthetic_calm_trend_c0_v0_3__c0__e0__seed_11__sample_2.json,sha256:d42efe60ea298b19dd7b2140149ae43a0c5ee75af67b46f6e1087ebc6f72cbe1,direct-api,deepseek-v4-pro,api-pinned-2026-07-02,valid,true,
trellm-v0.3-protocol,outputs/v0_3_direct_api_matrix/submissions/deepseek__deepseek_v4_pro__synthetic_calm_trend_c0_v0_3__c0__e0__seed_17__sample_0.json,synthetic_calm_trend_c0_v0_3,deepseek,deepseek-v4-pro,deepseek-v4-pro (api-pinned-2026-07-02),C0,E0,17,0,stress-only;direct-api;live-provider;redacted-prompt,0.0,0.0,0.0,outputs/v0_3_direct_api_matrix/provider_manifests/deepseek__deepseek_v4_pro__synthetic_calm_trend_c0_v0_3__c0__e0__seed_17__sample_0.json,sha256:cd64d3774c900708135043e068eaca55be684e80abad6cacb2244a1fc1a12d64,direct-api,deepseek-v4-pro,api-pinned-2026-07-02,valid,true,
trellm-v0.3-protocol,outputs/v0_3_direct_api_matrix/submissions/deepseek__deepseek_v4_pro__synthetic_calm_trend_c0_v0_3__c0__e0__seed_17__sample_1.json,synthetic_calm_trend_c0_v0_3,deepseek,deepseek-v4-pro,deepseek-v4-pro (api-pinned-2026-07-02),C0,E0,17,1,stress-only;direct-api;live-provider;redacted-prompt,0.0,0.0,0.0,outputs/v0_3_direct_api_matrix/provider_manifests/deepseek__deepseek_v4_pro__synthetic_calm_trend_c0_v0_3__c0__e0__seed_17__sample_1.json,sha256:2e21229ad01434f96527d7214f1f9724b36e662c6d70397ae8d13f19374c6f31,direct-api,deepseek-v4-pro,api-pinned-2026-07-02,valid,true,
trellm-v0.3-protocol,outputs/v0_3_direct_api_matrix/submissions/deepseek__deepseek_v4_pro__synthetic_calm_trend_c0_v0_3__c0__e0__seed_17__sample_2.json,synthetic_calm_trend_c0_v0_3,deepseek,deepseek-v4-pro,deepseek-v4-pro (api-pinned-2026-07-02),C0,E0,17,2,stress-only;direct-api;live-provider;redacted-prompt,0.0,0.0,0.0,outputs/v0_3_direct_api_matrix/provider_manifests/deepseek__deepseek_v4_pro__synthetic_calm_trend_c0_v0_3__c0__e0__seed_17__sample_2.json,sha256:3afa0679183dd33d7aec9cb060ae66014782a6a33b2724ee0ebf826ea66fca11,direct-api,deepseek-v4-pro,api-pinned-2026-07-02,valid,true,
trellm-v0.3-protocol,outputs/v0_3_direct_api_matrix/submissions/deepseek__deepseek_v4_pro__synthetic_calm_trend_c0_v0_3__c0__e0__seed_23__sample_0.json,synthetic_calm_trend_c0_v0_3,deepseek,deepseek-v4-pro,deepseek-v4-pro (api-pinned-2026-07-02),C0,E0,23,0,stress-only;direct-api;live-provider;redacted-prompt,0.0,0.0,0.0,outputs/v0_3_direct_api_matrix/provider_manifests/deepseek__deepseek_v4_pro__synthetic_calm_trend_c0_v0_3__c0__e0__seed_23__sample_0.json,sha256:13046b539c174acbc983ba4a77d5656506381346dd2d4264a2b885b3aeadbd19,direct-api,deepseek-v4-pro,api-pinned-2026-07-02,valid,true,
trellm-v0.3-protocol,outputs/v0_3_direct_api_matrix/submissions/deepseek__deepseek_v4_pro__synthetic_calm_trend_c0_v0_3__c0__e0__seed_23__sample_1.json,synthetic_calm_trend_c0_v0_3,deepseek,deepseek-v4-pro,deepseek-v4-pro (api-pinned-2026-07-02),C0,E0,23,1,stress-only;direct-api;live-provider;redacted-prompt,0.0,0.0,0.0,outputs/v0_3_direct_api_matrix/provider_manifests/deepseek__deepseek_v4_pro__synthetic_calm_trend_c0_v0_3__c0__e0__seed_23__sample_1.json,sha256:11755ca14f97d56c5714e1625f1433623aa9d12fedf7c3f912937f54b75a2d7f,direct-api,deepseek-v4-pro,api-pinned-2026-07-02,valid,true,
trellm-v0.3-protocol,outputs/v0_3_direct_api_matrix/submissions/deepseek__deepseek_v4_pro__synthetic_calm_trend_c0_v0_3__c0__e0__seed_23__sample_2.json,synthetic_calm_trend_c0_v0_3,deepseek,deepseek-v4-pro,deepseek-v4-pro (api-pinned-2026-07-02),C0,E0,23,2,stress-only;direct-api;live-provider;redacted-prompt,0.0,0.0,0.0,outputs/v0_3_direct_api_matrix/provider_manifests/deepseek__deepseek_v4_pro__synthetic_calm_trend_c0_v0_3__c0__e0__seed_23__sample_2.json,sha256:d3e923123e32848903d8248d31f3173dacd77d56eff95a90cc56e24aa7696c6f,direct-api,deepseek-v4-pro,api-pinned-2026-07-02,valid,true,
trellm-v0.3-protocol,outputs/v0_3_direct_api_matrix/submissions/deepseek__deepseek_v4_pro__synthetic_calm_trend_c0_v0_3__c0__e0__seed_31__sample_0.json,synthetic_calm_trend_c0_v0_3,deepseek,deepseek-v4-pro,deepseek-v4-pro (api-pinned-2026-07-02),C0,E0,31,0,stress-only;direct-api;live-provider;redacted-prompt,0.0,0.0,0.0,outputs/v0_3_direct_api_matrix/provider_manifests/deepseek__deepseek_v4_pro__synthetic_calm_trend_c0_v0_3__c0__e0__seed_31__sample_0.json,sha256:8dd231e9028c2cf1b673fa53a2d5d5b419e2f882fb1b68bc399fe199df457658,direct-api,deepseek-v4-pro,api-pinned-2026-07-02,valid,true,
trellm-v0.3-protocol,outputs/v0_3_direct_api_matrix/submissions/deepseek__deepseek_v4_pro__synthetic_calm_trend_c0_v0_3__c0__e0__seed_31__sample_1.json,synthetic_calm_trend_c0_v0_3,deepseek,deepseek-v4-pro,deepseek-v4-pro (api-pinned-2026-07-02),C0,E0,31,1,stress-only;direct-api;live-provider;redacted-prompt,0.0,0.0,0.0,outputs/v0_3_direct_api_matrix/provider_manifests/deepseek__deepseek_v4_pro__synthetic_calm_trend_c0_v0_3__c0__e0__seed_31__sample_1.json,sha256:60c68ebadc5ac26da3b7c7b2c6134598fec54dd66a918bb656b9f5bb54e8371b,direct-api,deepseek-v4-pro,api-pinned-2026-07-02,valid,true,
trellm-v0.3-protocol,outputs/v0_3_direct_api_matrix/submissions/deepseek__deepseek_v4_pro__synthetic_calm_trend_c0_v0_3__c0__e0__seed_31__sample_2.json,synthetic_calm_trend_c0_v0_3,deepseek,deepseek-v4-pro,deepseek-v4-pro (api-pinned-2026-07-02),C0,E0,31,2,stress-only;direct-api;live-provider;redacted-prompt,0.0,0.0,0.0,outputs/v0_3_direct_api_matrix/provider_manifests/deepseek__deepseek_v4_pro__synthetic_calm_trend_c0_v0_3__c0__e0__seed_31__sample_2.json,sha256:6017e2f84140979204de1d6361980f444a84bad14988117bcd83eb36eda16698,direct-api,deepseek-v4-pro,api-pinned-2026-07-02,valid,true,
trellm-v0.3-protocol,outputs/v0_3_direct_api_matrix/submissions/deepseek__deepseek_v4_pro__synthetic_calm_trend_c0_v0_3__c0__e0__seed_37__sample_0.json,synthetic_calm_trend_c0_v0_3,deepseek,deepseek-v4-pro,deepseek-v4-pro (api-pinned-2026-07-02),C0,E0,37,0,stress-only;direct-api;live-provider;redacted-prompt,0.0,0.0,0.0,outputs/v0_3_direct_api_matrix/provider_manifests/deepseek__deepseek_v4_pro__synthetic_calm_trend_c0_v0_3__c0__e0__seed_37__sample_0.json,sha256:53ec338c92b936aa021594a60ab4c46e4c0734b44135505bf62cce3f82046ef5,direct-api,deepseek-v4-pro,api-pinned-2026-07-02,valid,true,
trellm-v0.3-protocol,outputs/v0_3_direct_api_matrix/submissions/deepseek__deepseek_v4_pro__synthetic_calm_trend_c0_v0_3__c0__e0__seed_37__sample_1.json,synthetic_calm_trend_c0_v0_3,deepseek,deepseek-v4-pro,deepseek-v4-pro (api-pinned-2026-07-02),C0,E0,37,1,stress-only;direct-api;live-provider;redacted-prompt,0.0,0.0,0.0,outputs/v0_3_direct_api_matrix/provider_manifests/deepseek__deepseek_v4_pro__synthetic_calm_trend_c0_v0_3__c0__e0__seed_37__sample_1.json,sha256:f81e586860c6a53dfbc82dda036311adbfb1db8d0e2ebb89711a661cce7e7fa8,direct-api,deepseek-v4-pro,api-pinned-2026-07-02,valid,true,
trellm-v0.3-protocol,outputs/v0_3_direct_api_matrix/submissions/deepseek__deepseek_v4_pro__synthetic_calm_trend_c0_v0_3__c0__e0__seed_37__sample_2.json,synthetic_calm_trend_c0_v0_3,deepseek,deepseek-v4-pro,deepseek-v4-pro (api-pinned-2026-07-02),C0,E0,37,2,stress-only;direct-api;live-provider;redacted-prompt,0.0,0.0,0.0,outputs/v0_3_direct_api_matrix/provider_manifests/deepseek__deepseek_v4_pro__synthetic_calm_trend_c0_v0_3__c0__e0__seed_37__sample_2.json,sha256:b78bf8461483ac7fd310898b36b591e7be8df9849d4602a9a118a4ecf3f24888,direct-api,deepseek-v4-pro,api-pinned-2026-07-02,valid,true,
trellm-v0.3-protocol,outputs/v0_3_direct_api_matrix/submissions/deepseek__deepseek_v4_pro__synthetic_calm_trend_c0_v0_3__c0__e0__seed_41__sample_0.json,synthetic_calm_trend_c0_v0_3,deepseek,deepseek-v4-pro,deepseek-v4-pro (api-pinned-2026-07-02),C0,E0,41,0,stress-only;direct-api;live-provider;redacted-prompt,0.0,0.0,0.0,outputs/v0_3_direct_api_matrix/provider_manifests/deepseek__deepseek_v4_pro__synthetic_calm_trend_c0_v0_3__c0__e0__seed_41__sample_0.json,sha256:674fce321d96b395c338d5ae4b06e3489c780f16f839de893f00e4ded5fab0ec,direct-api,deepseek-v4-pro,api-pinned-2026-07-02,valid,true,
trellm-v0.3-protocol,outputs/v0_3_direct_api_matrix/submissions/deepseek__deepseek_v4_pro__synthetic_calm_trend_c0_v0_3__c0__e0__seed_41__sample_1.json,synthetic_calm_trend_c0_v0_3,deepseek,deepseek-v4-pro,deepseek-v4-pro (api-pinned-2026-07-02),C0,E0,41,1,stress-only;direct-api;live-provider;redacted-prompt,0.0,0.0,0.0,outputs/v0_3_direct_api_matrix/provider_manifests/deepseek__deepseek_v4_pro__synthetic_calm_trend_c0_v0_3__c0__e0__seed_41__sample_1.json,sha256:7ebc3b7808566e84318ca845bc27c392f239fa271f6865b8446c07a42479fd7b,direct-api,deepseek-v4-pro,api-pinned-2026-07-02,valid,true,
trellm-v0.3-protocol,outputs/v0_3_direct_api_matrix/submissions/deepseek__deepseek_v4_pro__synthetic_calm_trend_c0_v0_3__c0__e0__seed_41__sample_2.json,synthetic_calm_trend_c0_v0_3,deepseek,deepseek-v4-pro,deepseek-v4-pro (api-pinned-2026-07-02),C0,E0,41,2,stress-only;direct-api;live-provider;redacted-prompt,0.0,0.0,0.0,outputs/v0_3_direct_api_matrix/provider_manifests/deepseek__deepseek_v4_pro__synthetic_calm_trend_c0_v0_3__c0__e0__seed_41__sample_2.json,sha256:9bf5169bff5eb674d42e487f5ceeef1444c7bd7797b60a0dff84b7dfdb7e4094,direct-api,deepseek-v4-pro,api-pinned-2026-07-02,valid,true,
trellm-v0.3-protocol,outputs/v0_3_direct_api_matrix/submissions/deepseek__deepseek_v4_pro__synthetic_calm_trend_c0_v0_3__c0__e0__seed_43__sample_0.json,synthetic_calm_trend_c0_v0_3,deepseek,deepseek-v4-pro,deepseek-v4-pro (api-pinned-2026-07-02),C0,E0,43,0,stress-only;direct-api;live-provider;redacted-prompt,0.0,0.0,0.0,outputs/v0_3_direct_api_matrix/provider_manifests/deepseek__deepseek_v4_pro__synthetic_calm_trend_c0_v0_3__c0__e0__seed_43__sample_0.json,sha256:4b0247d3757827a2b29025ed048910fb794f02a23457c233479cbca560932019,direct-api,deepseek-v4-pro,api-pinned-2026-07-02,valid,true,
trellm-v0.3-protocol,outputs/v0_3_direct_api_matrix/submissions/deepseek__deepseek_v4_pro__synthetic_calm_trend_c0_v0_3__c0__e0__seed_43__sample_1.json,synthetic_calm_trend_c0_v0_3,deepseek,deepseek-v4-pro,deepseek-v4-pro (api-pinned-2026-07-02),C0,E0,43,1,stress-only;direct-api;live-provider;redacted-prompt,0.0,0.0,0.0,outputs/v0_3_direct_api_matrix/provider_manifests/deepseek__deepseek_v4_pro__synthetic_calm_trend_c0_v0_3__c0__e0__seed_43__sample_1.json,sha256:44b008858590de02ac99a37f0eca0ceb923422ed418190faa80555f65faaf5b4,direct-api,deepseek-v4-pro,api-pinned-2026-07-02,valid,true,
trellm-v0.3-protocol,outputs/v0_3_direct_api_matrix/submissions/deepseek__deepseek_v4_pro__synthetic_calm_trend_c0_v0_3__c0__e0__seed_43__sample_2.json,synthetic_calm_trend_c0_v0_3,deepseek,deepseek-v4-pro,deepseek-v4-pro (api-pinned-2026-07-02),C0,E0,43,2,stress-only;direct-api;live-provider;redacted-prompt,0.0,0.0,0.0,outputs/v0_3_direct_api_matrix/provider_manifests/deepseek__deepseek_v4_pro__synthetic_calm_trend_c0_v0_3__c0__e0__seed_43__sample_2.json,sha256:f8593f5e67b10a4a836df616f8eb5569b802b34a266c02bf89f20781a724148f,direct-api,deepseek-v4-pro,api-pinned-2026-07-02,valid,true,
trellm-v0.3-protocol,outputs/v0_3_direct_api_matrix/submissions/deepseek__deepseek_v4_pro__synthetic_calm_trend_c0_v0_3__c0__e0__seed_47__sample_0.json,synthetic_calm_trend_c0_v0_3,deepseek,deepseek-v4-pro,deepseek-v4-pro (api-pinned-2026-07-02),C0,E0,47,0,stress-only;direct-api;live-provider;redacted-prompt,0.0,0.0,0.0,outputs/v0_3_direct_api_matrix/provider_manifests/deepseek__deepseek_v4_pro__synthetic_calm_trend_c0_v0_3__c0__e0__seed_47__sample_0.json,sha256:3b6d7ba7813a19b92e6192f9d9e511e27840781b20ccd4c3e47ca70c287a181f,direct-api,deepseek-v4-pro,api-pinned-2026-07-02,valid,true,
trellm-v0.3-protocol,outputs/v0_3_direct_api_matrix/submissions/deepseek__deepseek_v4_pro__synthetic_calm_trend_c0_v0_3__c0__e0__seed_47__sample_1.json,synthetic_calm_trend_c0_v0_3,deepseek,deepseek-v4-pro,deepseek-v4-pro (api-pinned-2026-07-02),C0,E0,47,1,stress-only;direct-api;live-provider;redacted-prompt,0.0,0.0,0.0,outputs/v0_3_direct_api_matrix/provider_manifests/deepseek__deepseek_v4_pro__synthetic_calm_trend_c0_v0_3__c0__e0__seed_47__sample_1.json,sha256:27031b23377e53c7f43716153e31284a5574cc0aee0e0cd39f4550cc378c0c75,direct-api,deepseek-v4-pro,api-pinned-2026-07-02,valid,true,
trellm-v0.3-protocol,outputs/v0_3_direct_api_matrix/submissions/deepseek__deepseek_v4_pro__synthetic_calm_trend_c0_v0_3__c0__e0__seed_47__sample_2.json,synthetic_calm_trend_c0_v0_3,deepseek,deepseek-v4-pro,deepseek-v4-pro (api-pinned-2026-07-02),C0,E0,47,2,stress-only;direct-api;live-provider;redacted-prompt,0.0,0.0,0.0,outputs/v0_3_direct_api_matrix/provider_manifests/deepseek__deepseek_v4_pro__synthetic_calm_trend_c0_v0_3__c0__e0__seed_47__sample_2.json,sha256:04ca8e058917593a3af1f299ecdb2f69457ad03e9a3c19842f4b39b1739524f9,direct-api,deepseek-v4-pro,api-pinned-2026-07-02,valid,true,
trellm-v0.3-protocol,outputs/v0_3_direct_api_matrix/submissions/deepseek__deepseek_v4_pro__synthetic_calm_trend_c0_v0_3__c0__e0__seed_53__sample_0.json,synthetic_calm_trend_c0_v0_3,deepseek,deepseek-v4-pro,deepseek-v4-pro (api-pinned-2026-07-02),C0,E0,53,0,stress-only;direct-api;live-provider;redacted-prompt,0.0,0.0,0.0,outputs/v0_3_direct_api_matrix/provider_manifests/deepseek__deepseek_v4_pro__synthetic_calm_trend_c0_v0_3__c0__e0__seed_53__sample_0.json,sha256:2243668977b9159e18fda6058dd0e65987d8ad9ac597a27ae52ed1cb82e7d3bb,direct-api,deepseek-v4-pro,api-pinned-2026-07-02,valid,true,
trellm-v0.3-protocol,outputs/v0_3_direct_api_matrix/submissions/deepseek__deepseek_v4_pro__synthetic_calm_trend_c0_v0_3__c0__e0__seed_53__sample_1.json,synthetic_calm_trend_c0_v0_3,deepseek,deepseek-v4-pro,deepseek-v4-pro (api-pinned-2026-07-02),C0,E0,53,1,stress-only;direct-api;live-provider;redacted-prompt,0.0,0.0,0.0,outputs/v0_3_direct_api_matrix/provider_manifests/deepseek__deepseek_v4_pro__synthetic_calm_trend_c0_v0_3__c0__e0__seed_53__sample_1.json,sha256:b8a91e3dc6fead205255b7198d24a4115f78a9cac75eec5910650dc7677fcfe2,direct-api,deepseek-v4-pro,api-pinned-2026-07-02,valid,true,
trellm-v0.3-protocol,outputs/v0_3_direct_api_matrix/submissions/deepseek__deepseek_v4_pro__synthetic_calm_trend_c0_v0_3__c0__e0__seed_53__sample_2.json,synthetic_calm_trend_c0_v0_3,deepseek,deepseek-v4-pro,deepseek-v4-pro (api-pinned-2026-07-02),C0,E0,53,2,stress-only;direct-api;live-provider;redacted-prompt,0.0,0.0,0.0,outputs/v0_3_direct_api_matrix/provider_manifests/deepseek__deepseek_v4_pro__synthetic_calm_trend_c0_v0_3__c0__e0__seed_53__sample_2.json,sha256:2caeb42ac3f4edfe7fa8ff9f1363c8393d87a43ed8464cea063df3429babb1af,direct-api,deepseek-v4-pro,api-pinned-2026-07-02,valid,true,
trellm-v0.3-protocol,outputs/v0_3_direct_api_matrix/submissions/deepseek__deepseek_v4_pro__synthetic_calm_trend_c0_v0_3__c0__e0__seed_7__sample_0.json,synthetic_calm_trend_c0_v0_3,deepseek,deepseek-v4-pro,deepseek-v4-pro (api-pinned-2026-07-02),C0,E0,7,0,stress-only;direct-api;live-provider;redacted-prompt,0.0,0.0,0.0,outputs/v0_3_direct_api_matrix/provider_manifests/deepseek__deepseek_v4_pro__synthetic_calm_trend_c0_v0_3__c0__e0__seed_7__sample_0.json,sha256:da865f4a7672c33456452d132260cb85c1291ddc2bc5177e7e47005e03f926fb,direct-api,deepseek-v4-pro,api-pinned-2026-07-02,valid,true,
trellm-v0.3-protocol,outputs/v0_3_direct_api_matrix/submissions/deepseek__deepseek_v4_pro__synthetic_calm_trend_c0_v0_3__c0__e0__seed_7__sample_1.json,synthetic_calm_trend_c0_v0_3,deepseek,deepseek-v4-pro,deepseek-v4-pro (api-pinned-2026-07-02),C0,E0,7,1,stress-only;direct-api;live-provider;redacted-prompt,0.0,0.0,0.0,outputs/v0_3_direct_api_matrix/provider_manifests/deepseek__deepseek_v4_pro__synthetic_calm_trend_c0_v0_3__c0__e0__seed_7__sample_1.json,sha256:4d09176ffffa390bd5121574098ea018808a69c769f63d9064679aea09139b98,direct-api,deepseek-v4-pro,api-pinned-2026-07-02,valid,true,
trellm-v0.3-protocol,outputs/v0_3_direct_api_matrix/submissions/deepseek__deepseek_v4_pro__synthetic_calm_trend_c0_v0_3__c0__e0__seed_7__sample_2.json,synthetic_calm_trend_c0_v0_3,deepseek,deepseek-v4-pro,deepseek-v4-pro (api-pinned-2026-07-02),C0,E0,7,2,stress-only;direct-api;live-provider;redacted-prompt,0.0,0.0,0.0,outputs/v0_3_direct_api_matrix/provider_manifests/deepseek__deepseek_v4_pro__synthetic_calm_trend_c0_v0_3__c0__e0__seed_7__sample_2.json,sha256:b8b0f277288f5df1d7993119ffa72a0dfbb5fd2ca24f4084369d52fbaf893d27,direct-api,deepseek-v4-pro,api-pinned-2026-07-02,valid,true,
trellm-v0.3-protocol,outputs/v0_3_direct_api_matrix/submissions/deepseek__deepseek_v4_pro__synthetic_calm_trend_c0_v0_3__c0__e1__seed_11__sample_0.json,synthetic_calm_trend_c0_v0_3,deepseek,deepseek-v4-pro,deepseek-v4-pro (api-pinned-2026-07-02),C0,E1,11,0,stress-only;direct-api;live-provider;redacted-prompt,0.0,0.0,0.0,outputs/v0_3_direct_api_matrix/provider_manifests/deepseek__deepseek_v4_pro__synthetic_calm_trend_c0_v0_3__c0__e1__seed_11__sample_0.json,sha256:7e41ad71ae6bb1f596b6930069c3a1fc8ed2f3c70989b6f35aac989d1f632767,direct-api,deepseek-v4-pro,api-pinned-2026-07-02,valid,true,
trellm-v0.3-protocol,outputs/v0_3_direct_api_matrix/submissions/deepseek__deepseek_v4_pro__synthetic_calm_trend_c0_v0_3__c0__e1__seed_11__sample_1.json,synthetic_calm_trend_c0_v0_3,deepseek,deepseek-v4-pro,deepseek-v4-pro (api-pinned-2026-07-02),C0,E1,11,1,stress-only;direct-api;live-provider;redacted-prompt,0.0,0.0,0.0,outputs/v0_3_direct_api_matrix/provider_manifests/deepseek__deepseek_v4_pro__synthetic_calm_trend_c0_v0_3__c0__e1__seed_11__sample_1.json,sha256:c5003c2c06f9af9ca5f0dc5a3481af793748c603a11b886e088b4db29116013e,direct-api,deepseek-v4-pro,api-pinned-2026-07-02,valid,true,
trellm-v0.3-protocol,outputs/v0_3_direct_api_matrix/submissions/deepseek__deepseek_v4_pro__synthetic_calm_trend_c0_v0_3__c0__e1__seed_11__sample_2.json,synthetic_calm_trend_c0_v0_3,deepseek,deepseek-v4-pro,deepseek-v4-pro (api-pinned-2026-07-02),C0,E1,11,2,stress-only;direct-api;live-provider;redacted-prompt,0.0,0.0,0.0,outputs/v0_3_direct_api_matrix/provider_manifests/deepseek__deepseek_v4_pro__synthetic_calm_trend_c0_v0_3__c0__e1__seed_11__sample_2.json,sha256:6709a49fb493ee7e33e098342416a91e27ac4f6e87529f02b62dda2c71177898,direct-api,deepseek-v4-pro,api-pinned-2026-07-02,valid,true,
trellm-v0.3-protocol,outputs/v0_3_direct_api_matrix/submissions/deepseek__deepseek_v4_pro__synthetic_calm_trend_c0_v0_3__c0__e1__seed_17__sample_0.json,synthetic_calm_trend_c0_v0_3,deepseek,deepseek-v4-pro,deepseek-v4-pro (api-pinned-2026-07-02),C0,E1,17,0,stress-only;direct-api;live-provider;redacted-prompt,0.0,0.0,0.0,outputs/v0_3_direct_api_matrix/provider_manifests/deepseek__deepseek_v4_pro__synthetic_calm_trend_c0_v0_3__c0__e1__seed_17__sample_0.json,sha256:3659798d20564103383c4c4dc0e4a19f67f99ca3c5cbd4c718af90d486db1813,direct-api,deepseek-v4-pro,api-pinned-2026-07-02,valid,true,
trellm-v0.3-protocol,outputs/v0_3_direct_api_matrix/submissions/deepseek__deepseek_v4_pro__synthetic_calm_trend_c0_v0_3__c0__e1__seed_17__sample_1.json,synthetic_calm_trend_c0_v0_3,deepseek,deepseek-v4-pro,deepseek-v4-pro (api-pinned-2026-07-02),C0,E1,17,1,stress-only;direct-api;live-provider;redacted-prompt,0.0,0.0,0.0,outputs/v0_3_direct_api_matrix/provider_manifests/deepseek__deepseek_v4_pro__synthetic_calm_trend_c0_v0_3__c0__e1__seed_17__sample_1.json,sha256:a9929fc5d9a68984820ac5732d5f58f1f6f1eb4c7bc2269eb72edf103c1f1f4b,direct-api,deepseek-v4-pro,api-pinned-2026-07-02,valid,true,
trellm-v0.3-protocol,outputs/v0_3_direct_api_matrix/submissions/deepseek__deepseek_v4_pro__synthetic_calm_trend_c0_v0_3__c0__e1__seed_17__sample_2.json,synthetic_calm_trend_c0_v0_3,deepseek,deepseek-v4-pro,deepseek-v4-pro (api-pinned-2026-07-02),C0,E1,17,2,stress-only;direct-api;live-provider;redacted-prompt,0.0,0.0,0.0,outputs/v0_3_direct_api_matrix/provider_manifests/deepseek__deepseek_v4_pro__synthetic_calm_trend_c0_v0_3__c0__e1__seed_17__sample_2.json,sha256:98ab62c7cba235ac298927c7387b52f8cccdabef952033e27c32f642fc14ad5b,direct-api,deepseek-v4-pro,api-pinned-2026-07-02,valid,true,
trellm-v0.3-protocol,outputs/v0_3_direct_api_matrix/submissions/deepseek__deepseek_v4_pro__synthetic_calm_trend_c0_v0_3__c0__e1__seed_23__sample_0.json,synthetic_calm_trend_c0_v0_3,deepseek,deepseek-v4-pro,deepseek-v4-pro (api-pinned-2026-07-02),C0,E1,23,0,stress-only;direct-api;live-provider;redacted-prompt,0.0,0.0,0.0,outputs/v0_3_direct_api_matrix/provider_manifests/deepseek__deepseek_v4_pro__synthetic_calm_trend_c0_v0_3__c0__e1__seed_23__sample_0.json,sha256:18809f1a7179e648f0785aefcb5bcf32d76b4c23e588391622eb4cf4410fa413,direct-api,deepseek-v4-pro,api-pinned-2026-07-02,valid,true,
trellm-v0.3-protocol,outputs/v0_3_direct_api_matrix/submissions/deepseek__deepseek_v4_pro__synthetic_calm_trend_c0_v0_3__c0__e1__seed_23__sample_1.json,synthetic_calm_trend_c0_v0_3,deepseek,deepseek-v4-pro,deepseek-v4-pro (api-pinned-2026-07-02),C0,E1,23,1,stress-only;direct-api;live-provider;redacted-prompt,0.0,0.0,0.0,outputs/v0_3_direct_api_matrix/provider_manifests/deepseek__deepseek_v4_pro__synthetic_calm_trend_c0_v0_3__c0__e1__seed_23__sample_1.json,sha256:ed787ce356f3405c90e3324c976a22fb44e08abf10680704896ea3ea7d5182ed,direct-api,deepseek-v4-pro,api-pinned-2026-07-02,valid,true,
trellm-v0.3-protocol,outputs/v0_3_direct_api_matrix/submissions/deepseek__deepseek_v4_pro__synthetic_calm_trend_c0_v0_3__c0__e1__seed_23__sample_2.json,synthetic_calm_trend_c0_v0_3,deepseek,deepseek-v4-pro,deepseek-v4-pro (api-pinned-2026-07-02),C0,E1,23,2,stress-only;direct-api;live-provider;redacted-prompt,0.0,0.0,0.0,outputs/v0_3_direct_api_matrix/provider_manifests/deepseek__deepseek_v4_pro__synthetic_calm_trend_c0_v0_3__c0__e1__seed_23__sample_2.json,sha256:aa82158846e33a12137cab9d893464bf5c848857b9537b6bf7a7eb0f8d2bba8f,direct-api,deepseek-v4-pro,api-pinned-2026-07-02,valid,true,
trellm-v0.3-protocol,outputs/v0_3_direct_api_matrix/submissions/deepseek__deepseek_v4_pro__synthetic_calm_trend_c0_v0_3__c0__e1__seed_31__sample_0.json,synthetic_calm_trend_c0_v0_3,deepseek,deepseek-v4-pro,deepseek-v4-pro (api-pinned-2026-07-02),C0,E1,31,0,stress-only;direct-api;live-provider;redacted-prompt,0.0,0.0,0.0,outputs/v0_3_direct_api_matrix/provider_manifests/deepseek__deepseek_v4_pro__synthetic_calm_trend_c0_v0_3__c0__e1__seed_31__sample_0.json,sha256:94301da6b0a3c81aee8aa9b290cc4927654462b9d11f998d72e803b21090d78d,direct-api,deepseek-v4-pro,api-pinned-2026-07-02,valid,true,
trellm-v0.3-protocol,outputs/v0_3_direct_api_matrix/submissions/deepseek__deepseek_v4_pro__synthetic_calm_trend_c0_v0_3__c0__e1__seed_31__sample_1.json,synthetic_calm_trend_c0_v0_3,deepseek,deepseek-v4-pro,deepseek-v4-pro (api-pinned-2026-07-02),C0,E1,31,1,stress-only;direct-api;live-provider;redacted-prompt,0.0,0.0,0.0,outputs/v0_3_direct_api_matrix/provider_manifests/deepseek__deepseek_v4_pro__synthetic_calm_trend_c0_v0_3__c0__e1__seed_31__sample_1.json,sha256:702595255d0fc052519a572a1858badba345d4181b0bd93bbf9586fec3606535,direct-api,deepseek-v4-pro,api-pinned-2026-07-02,valid,true,
trellm-v0.3-protocol,outputs/v0_3_direct_api_matrix/submissions/deepseek__deepseek_v4_pro__synthetic_calm_trend_c0_v0_3__c0__e1__seed_31__sample_2.json,synthetic_calm_trend_c0_v0_3,deepseek,deepseek-v4-pro,deepseek-v4-pro (api-pinned-2026-07-02),C0,E1,31,2,stress-only;direct-api;live-provider;redacted-prompt,0.0,0.0,0.0,outputs/v0_3_direct_api_matrix/provider_manifests/deepseek__deepseek_v4_pro__synthetic_calm_trend_c0_v0_3__c0__e1__seed_31__sample_2.json,sha256:8357e4e4002029e2e8c930ab7ac0325e6c832f99468176abfa36ad609a9a1ad5,direct-api,deepseek-v4-pro,api-pinned-2026-07-02,valid,true,
trellm-v0.3-protocol,outputs/v0_3_direct_api_matrix/submissions/deepseek__deepseek_v4_pro__synthetic_calm_trend_c0_v0_3__c0__e1__seed_37__sample_0.json,synthetic_calm_trend_c0_v0_3,deepseek,deepseek-v4-pro,deepseek-v4-pro (api-pinned-2026-07-02),C0,E1,37,0,stress-only;direct-api;live-provider;redacted-prompt,0.0,0.0,0.0,outputs/v0_3_direct_api_matrix/provider_manifests/deepseek__deepseek_v4_pro__synthetic_calm_trend_c0_v0_3__c0__e1__seed_37__sample_0.json,sha256:3425296ceff1de6baffcb3b9fd61537cc3d28a985c434d3b7f334f63e306f423,direct-api,deepseek-v4-pro,api-pinned-2026-07-02,valid,true,
trellm-v0.3-protocol,outputs/v0_3_direct_api_matrix/submissions/deepseek__deepseek_v4_pro__synthetic_calm_trend_c0_v0_3__c0__e1__seed_37__sample_1.json,synthetic_calm_trend_c0_v0_3,deepseek,deepseek-v4-pro,deepseek-v4-pro (api-pinned-2026-07-02),C0,E1,37,1,stress-only;direct-api;live-provider;redacted-prompt,0.0,0.0,0.0,outputs/v0_3_direct_api_matrix/provider_manifests/deepseek__deepseek_v4_pro__synthetic_calm_trend_c0_v0_3__c0__e1__seed_37__sample_1.json,sha256:c279ce85c6e25669d2a07aee80e8cbd13851b941e3f122e33e9fa0257e1f4da6,direct-api,deepseek-v4-pro,api-pinned-2026-07-02,valid,true,
trellm-v0.3-protocol,outputs/v0_3_direct_api_matrix/submissions/deepseek__deepseek_v4_pro__synthetic_calm_trend_c0_v0_3__c0__e1__seed_37__sample_2.json,synthetic_calm_trend_c0_v0_3,deepseek,deepseek-v4-pro,deepseek-v4-pro (api-pinned-2026-07-02),C0,E1,37,2,stress-only;direct-api;live-provider;redacted-prompt,0.0,0.0,0.0,outputs/v0_3_direct_api_matrix/provider_manifests/deepseek__deepseek_v4_pro__synthetic_calm_trend_c0_v0_3__c0__e1__seed_37__sample_2.json,sha256:6d4626022e92dedd8e51fb00f6cf38ed7b8421473efc9494e0534acfd7209dd2,direct-api,deepseek-v4-pro,api-pinned-2026-07-02,valid,true,
trellm-v0.3-protocol,outputs/v0_3_direct_api_matrix/submissions/deepseek__deepseek_v4_pro__synthetic_calm_trend_c0_v0_3__c0__e1__seed_41__sample_0.json,synthetic_calm_trend_c0_v0_3,deepseek,deepseek-v4-pro,deepseek-v4-pro (api-pinned-2026-07-02),C0,E1,41,0,stress-only;direct-api;live-provider;redacted-prompt,0.0,0.0,0.0,outputs/v0_3_direct_api_matrix/provider_manifests/deepseek__deepseek_v4_pro__synthetic_calm_trend_c0_v0_3__c0__e1__seed_41__sample_0.json,sha256:a798a333c29b95df043b9537108783abfdd78ac103b37ccfbfc5c0031221fb68,direct-api,deepseek-v4-pro,api-pinned-2026-07-02,valid,true,
trellm-v0.3-protocol,outputs/v0_3_direct_api_matrix/submissions/deepseek__deepseek_v4_pro__synthetic_calm_trend_c0_v0_3__c0__e1__seed_41__sample_1.json,synthetic_calm_trend_c0_v0_3,deepseek,deepseek-v4-pro,deepseek-v4-pro (api-pinned-2026-07-02),C0,E1,41,1,stress-only;direct-api;live-provider;redacted-prompt,0.0,0.0,0.0,outputs/v0_3_direct_api_matrix/provider_manifests/deepseek__deepseek_v4_pro__synthetic_calm_trend_c0_v0_3__c0__e1__seed_41__sample_1.json,sha256:7610b514467c6f087b85e4a0c81c07755828e607ae0f7f0ca8a9f540b660ebfb,direct-api,deepseek-v4-pro,api-pinned-2026-07-02,valid,true,
trellm-v0.3-protocol,outputs/v0_3_direct_api_matrix/submissions/deepseek__deepseek_v4_pro__synthetic_calm_trend_c0_v0_3__c0__e1__seed_41__sample_2.json,synthetic_calm_trend_c0_v0_3,deepseek,deepseek-v4-pro,deepseek-v4-pro (api-pinned-2026-07-02),C0,E1,41,2,stress-only;direct-api;live-provider;redacted-prompt,0.0,0.0,0.0,outputs/v0_3_direct_api_matrix/provider_manifests/deepseek__deepseek_v4_pro__synthetic_calm_trend_c0_v0_3__c0__e1__seed_41__sample_2.json,sha256:7f0725ce1c7dd8e530a53233ccff4349ae91c3ef76c09008316a89d2473da51e,direct-api,deepseek-v4-pro,api-pinned-2026-07-02,valid,true,
trellm-v0.3-protocol,outputs/v0_3_direct_api_matrix/submissions/deepseek__deepseek_v4_pro__synthetic_calm_trend_c0_v0_3__c0__e1__seed_43__sample_0.json,synthetic_calm_trend_c0_v0_3,deepseek,deepseek-v4-pro,deepseek-v4-pro (api-pinned-2026-07-02),C0,E1,43,0,stress-only;direct-api;live-provider;redacted-prompt,0.0,0.0,0.0,outputs/v0_3_direct_api_matrix/provider_manifests/deepseek__deepseek_v4_pro__synthetic_calm_trend_c0_v0_3__c0__e1__seed_43__sample_0.json,sha256:4579199b90ad62c0ec6df8e71f82043a2aa1104ca42231ddec07d035c3422508,direct-api,deepseek-v4-pro,api-pinned-2026-07-02,valid,true,
trellm-v0.3-protocol,outputs/v0_3_direct_api_matrix/submissions/deepseek__deepseek_v4_pro__synthetic_calm_trend_c0_v0_3__c0__e1__seed_43__sample_1.json,synthetic_calm_trend_c0_v0_3,deepseek,deepseek-v4-pro,deepseek-v4-pro (api-pinned-2026-07-02),C0,E1,43,1,stress-only;direct-api;live-provider;redacted-prompt,0.0,0.0,0.0,outputs/v0_3_direct_api_matrix/provider_manifests/deepseek__deepseek_v4_pro__synthetic_calm_trend_c0_v0_3__c0__e1__seed_43__sample_1.json,sha256:25abd5a7ee91dd7b44a0da7045e9ee79482d17ee34cb891290f6912bb710da7d,direct-api,deepseek-v4-pro,api-pinned-2026-07-02,valid,true,
trellm-v0.3-protocol,outputs/v0_3_direct_api_matrix/submissions/deepseek__deepseek_v4_pro__synthetic_calm_trend_c0_v0_3__c0__e1__seed_43__sample_2.json,synthetic_calm_trend_c0_v0_3,deepseek,deepseek-v4-pro,deepseek-v4-pro (api-pinned-2026-07-02),C0,E1,43,2,stress-only;direct-api;live-provider;redacted-prompt,0.0,0.0,0.0,outputs/v0_3_direct_api_matrix/provider_manifests/deepseek__deepseek_v4_pro__synthetic_calm_trend_c0_v0_3__c0__e1__seed_43__sample_2.json,sha256:1589468b17d355c09b417a3753cf772cacfbbeb6768de5725e1b3e1c1cc80b5a,direct-api,deepseek-v4-pro,api-pinned-2026-07-02,valid,true,
trellm-v0.3-protocol,outputs/v0_3_direct_api_matrix/submissions/deepseek__deepseek_v4_pro__synthetic_calm_trend_c0_v0_3__c0__e1__seed_47__sample_0.json,synthetic_calm_trend_c0_v0_3,deepseek,deepseek-v4-pro,deepseek-v4-pro (api-pinned-2026-07-02),C0,E1,47,0,stress-only;direct-api;live-provider;redacted-prompt,0.0,0.0,0.0,outputs/v0_3_direct_api_matrix/provider_manifests/deepseek__deepseek_v4_pro__synthetic_calm_trend_c0_v0_3__c0__e1__seed_47__sample_0.json,sha256:69a58ecd6543db580591d2209cb56aa48bea0bd38c678697c3a32ef95dde7c08,direct-api,deepseek-v4-pro,api-pinned-2026-07-02,valid,true,
trellm-v0.3-protocol,outputs/v0_3_direct_api_matrix/submissions/deepseek__deepseek_v4_pro__synthetic_calm_trend_c0_v0_3__c0__e1__seed_47__sample_1.json,synthetic_calm_trend_c0_v0_3,deepseek,deepseek-v4-pro,deepseek-v4-pro (api-pinned-2026-07-02),C0,E1,47,1,stress-only;direct-api;live-provider;redacted-prompt,0.0,0.0,0.0,outputs/v0_3_direct_api_matrix/provider_manifests/deepseek__deepseek_v4_pro__synthetic_calm_trend_c0_v0_3__c0__e1__seed_47__sample_1.json,sha256:32fc3a48f91f326aee74e539faa7d5ff69dd07bafacfcf0d11a38b982130d9b0,direct-api,deepseek-v4-pro,api-pinned-2026-07-02,valid,true,
trellm-v0.3-protocol,outputs/v0_3_direct_api_matrix/submissions/deepseek__deepseek_v4_pro__synthetic_calm_trend_c0_v0_3__c0__e1__seed_47__sample_2.json,synthetic_calm_trend_c0_v0_3,deepseek,deepseek-v4-pro,deepseek-v4-pro (api-pinned-2026-07-02),C0,E1,47,2,stress-only;direct-api;live-provider;redacted-prompt,0.0,0.0,0.0,outputs/v0_3_direct_api_matrix/provider_manifests/deepseek__deepseek_v4_pro__synthetic_calm_trend_c0_v0_3__c0__e1__seed_47__sample_2.json,sha256:b7d2bc388356d5b748f35333cb0ea615dbb1ecbe303d6c4411334fa6a74ed81d,direct-api,deepseek-v4-pro,api-pinned-2026-07-02,valid,true,
trellm-v0.3-protocol,outputs/v0_3_direct_api_matrix/submissions/deepseek__deepseek_v4_pro__synthetic_calm_trend_c0_v0_3__c0__e1__seed_53__sample_0.json,synthetic_calm_trend_c0_v0_3,deepseek,deepseek-v4-pro,deepseek-v4-pro (api-pinned-2026-07-02),C0,E1,53,0,stress-only;direct-api;live-provider;redacted-prompt,0.0,0.0,0.0,outputs/v0_3_direct_api_matrix/provider_manifests/deepseek__deepseek_v4_pro__synthetic_calm_trend_c0_v0_3__c0__e1__seed_53__sample_0.json,sha256:af4f2a5aee9f1534ee9ae7cdb07684919cc77131a36e68a34f9a1c0a0bc24f94,direct-api,deepseek-v4-pro,api-pinned-2026-07-02,valid,true,
trellm-v0.3-protocol,outputs/v0_3_direct_api_matrix/submissions/deepseek__deepseek_v4_pro__synthetic_calm_trend_c0_v0_3__c0__e1__seed_53__sample_1.json,synthetic_calm_trend_c0_v0_3,deepseek,deepseek-v4-pro,deepseek-v4-pro (api-pinned-2026-07-02),C0,E1,53,1,stress-only;direct-api;live-provider;redacted-prompt,0.0,0.0,0.0,outputs/v0_3_direct_api_matrix/provider_manifests/deepseek__deepseek_v4_pro__synthetic_calm_trend_c0_v0_3__c0__e1__seed_53__sample_1.json,sha256:532d796e1bb493d719c95af2188779e1396dc3ff7f2918b92754c7f0b82ef1f6,direct-api,deepseek-v4-pro,api-pinned-2026-07-02,valid,true,
trellm-v0.3-protocol,outputs/v0_3_direct_api_matrix/submissions/deepseek__deepseek_v4_pro__synthetic_calm_trend_c0_v0_3__c0__e1__seed_53__sample_2.json,synthetic_calm_trend_c0_v0_3,deepseek,deepseek-v4-pro,deepseek-v4-pro (api-pinned-2026-07-02),C0,E1,53,2,stress-only;direct-api;live-provider;redacted-prompt,0.0,0.0,0.0,outputs/v0_3_direct_api_matrix/provider_manifests/deepseek__deepseek_v4_pro__synthetic_calm_trend_c0_v0_3__c0__e1__seed_53__sample_2.json,sha256:f5167a158124dcee4b499e48495d502dff9223f87cdcd4a87898f5d5b6ed0ee7,direct-api,deepseek-v4-pro,api-pinned-2026-07-02,valid,true,
trellm-v0.3-protocol,outputs/v0_3_direct_api_matrix/submissions/deepseek__deepseek_v4_pro__synthetic_calm_trend_c0_v0_3__c0__e1__seed_7__sample_0.json,synthetic_calm_trend_c0_v0_3,deepseek,deepseek-v4-pro,deepseek-v4-pro (api-pinned-2026-07-02),C0,E1,7,0,stress-only;direct-api;live-provider;redacted-prompt,0.0,0.0,0.0,outputs/v0_3_direct_api_matrix/provider_manifests/deepseek__deepseek_v4_pro__synthetic_calm_trend_c0_v0_3__c0__e1__seed_7__sample_0.json,sha256:8cfa8e7bfe20d11b4496b08d1e1e76c18dd78227418ffd900c371bb69745fd42,direct-api,deepseek-v4-pro,api-pinned-2026-07-02,valid,true,
trellm-v0.3-protocol,outputs/v0_3_direct_api_matrix/submissions/deepseek__deepseek_v4_pro__synthetic_calm_trend_c0_v0_3__c0__e1__seed_7__sample_1.json,synthetic_calm_trend_c0_v0_3,deepseek,deepseek-v4-pro,deepseek-v4-pro (api-pinned-2026-07-02),C0,E1,7,1,stress-only;direct-api;live-provider;redacted-prompt,0.0,0.0,0.0,outputs/v0_3_direct_api_matrix/provider_manifests/deepseek__deepseek_v4_pro__synthetic_calm_trend_c0_v0_3__c0__e1__seed_7__sample_1.json,sha256:e694ac8fe5a23f68624f702e6a684844bde9f5d73da30b7a6ab9fb3f5becd5df,direct-api,deepseek-v4-pro,api-pinned-2026-07-02,valid,true,
trellm-v0.3-protocol,outputs/v0_3_direct_api_matrix/submissions/deepseek__deepseek_v4_pro__synthetic_calm_trend_c0_v0_3__c0__e1__seed_7__sample_2.json,synthetic_calm_trend_c0_v0_3,deepseek,deepseek-v4-pro,deepseek-v4-pro (api-pinned-2026-07-02),C0,E1,7,2,stress-only;direct-api;live-provider;redacted-prompt,0.0,0.0,0.0,outputs/v0_3_direct_api_matrix/provider_manifests/deepseek__deepseek_v4_pro__synthetic_calm_trend_c0_v0_3__c0__e1__seed_7__sample_2.json,sha256:2657c048d5be742bdbdaa5d6954a5ec1570a55dcdb697ba9b0150b88818cf694,direct-api,deepseek-v4-pro,api-pinned-2026-07-02,valid,true,
trellm-v0.3-protocol,outputs/v0_3_direct_api_matrix/submissions/deepseek__deepseek_v4_pro__synthetic_high_volatility_c0_v0_3__c0__e0__seed_11__sample_0.json,synthetic_high_volatility_c0_v0_3,deepseek,deepseek-v4-pro,deepseek-v4-pro (api-pinned-2026-07-02),C0,E0,11,0,stress-only;direct-api;live-provider;redacted-prompt,0.0,0.0,0.0,outputs/v0_3_direct_api_matrix/provider_manifests/deepseek__deepseek_v4_pro__synthetic_high_volatility_c0_v0_3__c0__e0__seed_11__sample_0.json,sha256:0777f545a76009dac3388195c14b9037f4438cfa157658c4a7848dc365c8f57c,direct-api,deepseek-v4-pro,api-pinned-2026-07-02,valid,true,
trellm-v0.3-protocol,outputs/v0_3_direct_api_matrix/submissions/deepseek__deepseek_v4_pro__synthetic_high_volatility_c0_v0_3__c0__e0__seed_11__sample_1.json,synthetic_high_volatility_c0_v0_3,deepseek,deepseek-v4-pro,deepseek-v4-pro (api-pinned-2026-07-02),C0,E0,11,1,stress-only;direct-api;live-provider;redacted-prompt,0.0,0.0,0.0,outputs/v0_3_direct_api_matrix/provider_manifests/deepseek__deepseek_v4_pro__synthetic_high_volatility_c0_v0_3__c0__e0__seed_11__sample_1.json,sha256:a57208666766bf1c5b160df7c31fb8f053b5b3c86278152f210446c6e54224c7,direct-api,deepseek-v4-pro,api-pinned-2026-07-02,valid,true,
trellm-v0.3-protocol,outputs/v0_3_direct_api_matrix/submissions/deepseek__deepseek_v4_pro__synthetic_high_volatility_c0_v0_3__c0__e0__seed_11__sample_2.json,synthetic_high_volatility_c0_v0_3,deepseek,deepseek-v4-pro,deepseek-v4-pro (api-pinned-2026-07-02),C0,E0,11,2,stress-only;direct-api;live-provider;redacted-prompt,0.0,0.0,0.0,outputs/v0_3_direct_api_matrix/provider_manifests/deepseek__deepseek_v4_pro__synthetic_high_volatility_c0_v0_3__c0__e0__seed_11__sample_2.json,sha256:635234fbf515bc01d6804ec7b80f1a888679ee8e8408818120551ad1ddb10fd1,direct-api,deepseek-v4-pro,api-pinned-2026-07-02,valid,true,
trellm-v0.3-protocol,outputs/v0_3_direct_api_matrix/submissions/deepseek__deepseek_v4_pro__synthetic_high_volatility_c0_v0_3__c0__e0__seed_17__sample_0.json,synthetic_high_volatility_c0_v0_3,deepseek,deepseek-v4-pro,deepseek-v4-pro (api-pinned-2026-07-02),C0,E0,17,0,stress-only;direct-api;live-provider;redacted-prompt,0.0,0.0,0.0,outputs/v0_3_direct_api_matrix/provider_manifests/deepseek__deepseek_v4_pro__synthetic_high_volatility_c0_v0_3__c0__e0__seed_17__sample_0.json,sha256:daed69be3714c8e6049d07fb85cbfb6f585dbe69687ce2179cbab6d9ebd1fe40,direct-api,deepseek-v4-pro,api-pinned-2026-07-02,valid,true,
trellm-v0.3-protocol,outputs/v0_3_direct_api_matrix/submissions/deepseek__deepseek_v4_pro__synthetic_high_volatility_c0_v0_3__c0__e0__seed_17__sample_1.json,synthetic_high_volatility_c0_v0_3,deepseek,deepseek-v4-pro,deepseek-v4-pro (api-pinned-2026-07-02),C0,E0,17,1,stress-only;direct-api;live-provider;redacted-prompt,0.0,0.0,0.0,outputs/v0_3_direct_api_matrix/provider_manifests/deepseek__deepseek_v4_pro__synthetic_high_volatility_c0_v0_3__c0__e0__seed_17__sample_1.json,sha256:104f1b0fa3ac4e5ae676e2fedd1d078ed00f0fbb2663e7daa86b9ff3a2b48a49,direct-api,deepseek-v4-pro,api-pinned-2026-07-02,valid,true,
trellm-v0.3-protocol,outputs/v0_3_direct_api_matrix/submissions/deepseek__deepseek_v4_pro__synthetic_high_volatility_c0_v0_3__c0__e0__seed_17__sample_2.json,synthetic_high_volatility_c0_v0_3,deepseek,deepseek-v4-pro,deepseek-v4-pro (api-pinned-2026-07-02),C0,E0,17,2,stress-only;direct-api;live-provider;redacted-prompt,0.0,0.0,0.0,outputs/v0_3_direct_api_matrix/provider_manifests/deepseek__deepseek_v4_pro__synthetic_high_volatility_c0_v0_3__c0__e0__seed_17__sample_2.json,sha256:6a685d7103075787e5682a7731dc993b31bc9f65d0f29691f7bf1e7147c2e88d,direct-api,deepseek-v4-pro,api-pinned-2026-07-02,valid,true,
trellm-v0.3-protocol,outputs/v0_3_direct_api_matrix/submissions/deepseek__deepseek_v4_pro__synthetic_high_volatility_c0_v0_3__c0__e0__seed_23__sample_0.json,synthetic_high_volatility_c0_v0_3,deepseek,deepseek-v4-pro,deepseek-v4-pro (api-pinned-2026-07-02),C0,E0,23,0,stress-only;direct-api;live-provider;redacted-prompt,0.0,0.0,0.0,outputs/v0_3_direct_api_matrix/provider_manifests/deepseek__deepseek_v4_pro__synthetic_high_volatility_c0_v0_3__c0__e0__seed_23__sample_0.json,sha256:c24f33e3b84aa5a0ab3ea215189153daba83a665d2a417150ac813da86c4a039,direct-api,deepseek-v4-pro,api-pinned-2026-07-02,valid,true,
trellm-v0.3-protocol,outputs/v0_3_direct_api_matrix/submissions/deepseek__deepseek_v4_pro__synthetic_high_volatility_c0_v0_3__c0__e0__seed_23__sample_1.json,synthetic_high_volatility_c0_v0_3,deepseek,deepseek-v4-pro,deepseek-v4-pro (api-pinned-2026-07-02),C0,E0,23,1,stress-only;direct-api;live-provider;redacted-prompt,0.0,0.0,0.0,outputs/v0_3_direct_api_matrix/provider_manifests/deepseek__deepseek_v4_pro__synthetic_high_volatility_c0_v0_3__c0__e0__seed_23__sample_1.json,sha256:8f7353f0abefe598e13c20f3c5a9c4f42c484e85eaf3024608d6ba83c9822964,direct-api,deepseek-v4-pro,api-pinned-2026-07-02,valid,true,
trellm-v0.3-protocol,outputs/v0_3_direct_api_matrix/submissions/deepseek__deepseek_v4_pro__synthetic_high_volatility_c0_v0_3__c0__e0__seed_23__sample_2.json,synthetic_high_volatility_c0_v0_3,deepseek,deepseek-v4-pro,deepseek-v4-pro (api-pinned-2026-07-02),C0,E0,23,2,stress-only;direct-api;live-provider;redacted-prompt,0.0,0.0,0.0,outputs/v0_3_direct_api_matrix/provider_manifests/deepseek__deepseek_v4_pro__synthetic_high_volatility_c0_v0_3__c0__e0__seed_23__sample_2.json,sha256:72f44ff4f87507ae5d2c3ed28010430d41ac10b5b348730df36381873eadcd6f,direct-api,deepseek-v4-pro,api-pinned-2026-07-02,valid,true,
trellm-v0.3-protocol,outputs/v0_3_direct_api_matrix/submissions/deepseek__deepseek_v4_pro__synthetic_high_volatility_c0_v0_3__c0__e0__seed_31__sample_0.json,synthetic_high_volatility_c0_v0_3,deepseek,deepseek-v4-pro,deepseek-v4-pro (api-pinned-2026-07-02),C0,E0,31,0,stress-only;direct-api;live-provider;redacted-prompt,0.0,0.0,0.0,outputs/v0_3_direct_api_matrix/provider_manifests/deepseek__deepseek_v4_pro__synthetic_high_volatility_c0_v0_3__c0__e0__seed_31__sample_0.json,sha256:90c03ba0f84e72bb01a39c8fbccd9dab780f4e67a42f2351bdbe970647c17b7e,direct-api,deepseek-v4-pro,api-pinned-2026-07-02,valid,true,
trellm-v0.3-protocol,outputs/v0_3_direct_api_matrix/submissions/deepseek__deepseek_v4_pro__synthetic_high_volatility_c0_v0_3__c0__e0__seed_31__sample_1.json,synthetic_high_volatility_c0_v0_3,deepseek,deepseek-v4-pro,deepseek-v4-pro (api-pinned-2026-07-02),C0,E0,31,1,stress-only;direct-api;live-provider;redacted-prompt,0.0,0.0,0.0,outputs/v0_3_direct_api_matrix/provider_manifests/deepseek__deepseek_v4_pro__synthetic_high_volatility_c0_v0_3__c0__e0__seed_31__sample_1.json,sha256:386b8395e7b64d67d482b4139d0626205e06703eb9c17767e87b479c2d8ed2ca,direct-api,deepseek-v4-pro,api-pinned-2026-07-02,valid,true,
trellm-v0.3-protocol,outputs/v0_3_direct_api_matrix/submissions/deepseek__deepseek_v4_pro__synthetic_high_volatility_c0_v0_3__c0__e0__seed_31__sample_2.json,synthetic_high_volatility_c0_v0_3,deepseek,deepseek-v4-pro,deepseek-v4-pro (api-pinned-2026-07-02),C0,E0,31,2,stress-only;direct-api;live-provider;redacted-prompt,0.0,0.0,0.0,outputs/v0_3_direct_api_matrix/provider_manifests/deepseek__deepseek_v4_pro__synthetic_high_volatility_c0_v0_3__c0__e0__seed_31__sample_2.json,sha256:f4d019e33d18f2e64f54efe809d1b0f4f633ddc7559da2857b9a7a0c550d102d,direct-api,deepseek-v4-pro,api-pinned-2026-07-02,valid,true,
trellm-v0.3-protocol,outputs/v0_3_direct_api_matrix/submissions/deepseek__deepseek_v4_pro__synthetic_high_volatility_c0_v0_3__c0__e0__seed_37__sample_0.json,synthetic_high_volatility_c0_v0_3,deepseek,deepseek-v4-pro,deepseek-v4-pro (api-pinned-2026-07-02),C0,E0,37,0,stress-only;direct-api;live-provider;redacted-prompt,0.0,0.0,0.0,outputs/v0_3_direct_api_matrix/provider_manifests/deepseek__deepseek_v4_pro__synthetic_high_volatility_c0_v0_3__c0__e0__seed_37__sample_0.json,sha256:101af503d13042c806abafeffab282a4ff7ede8b9dd8407b8e3640d1e96303da,direct-api,deepseek-v4-pro,api-pinned-2026-07-02,valid,true,
trellm-v0.3-protocol,outputs/v0_3_direct_api_matrix/submissions/deepseek__deepseek_v4_pro__synthetic_high_volatility_c0_v0_3__c0__e0__seed_37__sample_1.json,synthetic_high_volatility_c0_v0_3,deepseek,deepseek-v4-pro,deepseek-v4-pro (api-pinned-2026-07-02),C0,E0,37,1,stress-only;direct-api;live-provider;redacted-prompt,0.0,0.0,0.0,outputs/v0_3_direct_api_matrix/provider_manifests/deepseek__deepseek_v4_pro__synthetic_high_volatility_c0_v0_3__c0__e0__seed_37__sample_1.json,sha256:abbed15911b34021a5619d6419e1e3bc1ee6945d1ae339802262782824a070c3,direct-api,deepseek-v4-pro,api-pinned-2026-07-02,valid,true,
trellm-v0.3-protocol,outputs/v0_3_direct_api_matrix/submissions/deepseek__deepseek_v4_pro__synthetic_high_volatility_c0_v0_3__c0__e0__seed_37__sample_2.json,synthetic_high_volatility_c0_v0_3,deepseek,deepseek-v4-pro,deepseek-v4-pro (api-pinned-2026-07-02),C0,E0,37,2,stress-only;direct-api;live-provider;redacted-prompt,0.0,0.0,0.0,outputs/v0_3_direct_api_matrix/provider_manifests/deepseek__deepseek_v4_pro__synthetic_high_volatility_c0_v0_3__c0__e0__seed_37__sample_2.json,sha256:0dc818bf7a1db06988020574b43cba2384c177e8aaca9389ffa438a696844898,direct-api,deepseek-v4-pro,api-pinned-2026-07-02,valid,true,
trellm-v0.3-protocol,outputs/v0_3_direct_api_matrix/submissions/deepseek__deepseek_v4_pro__synthetic_high_volatility_c0_v0_3__c0__e0__seed_41__sample_0.json,synthetic_high_volatility_c0_v0_3,deepseek,deepseek-v4-pro,deepseek-v4-pro (api-pinned-2026-07-02),C0,E0,41,0,stress-only;direct-api;live-provider;redacted-prompt,0.0,0.0,0.0,outputs/v0_3_direct_api_matrix/provider_manifests/deepseek__deepseek_v4_pro__synthetic_high_volatility_c0_v0_3__c0__e0__seed_41__sample_0.json,sha256:22c5fc0b336f1a629244a1d5a08fcbcac0551ff7dc7c2ca81a3a7b949ec6bfea,direct-api,deepseek-v4-pro,api-pinned-2026-07-02,valid,true,
trellm-v0.3-protocol,outputs/v0_3_direct_api_matrix/submissions/deepseek__deepseek_v4_pro__synthetic_high_volatility_c0_v0_3__c0__e0__seed_41__sample_1.json,synthetic_high_volatility_c0_v0_3,deepseek,deepseek-v4-pro,deepseek-v4-pro (api-pinned-2026-07-02),C0,E0,41,1,stress-only;direct-api;live-provider;redacted-prompt,0.0,0.0,0.0,outputs/v0_3_direct_api_matrix/provider_manifests/deepseek__deepseek_v4_pro__synthetic_high_volatility_c0_v0_3__c0__e0__seed_41__sample_1.json,sha256:a1c6542a3e978ecdecbbd9b4ee1ca0485b58d9f09ed1bb4836bd12438bbc6126,direct-api,deepseek-v4-pro,api-pinned-2026-07-02,valid,true,
trellm-v0.3-protocol,outputs/v0_3_direct_api_matrix/submissions/deepseek__deepseek_v4_pro__synthetic_high_volatility_c0_v0_3__c0__e0__seed_41__sample_2.json,synthetic_high_volatility_c0_v0_3,deepseek,deepseek-v4-pro,deepseek-v4-pro (api-pinned-2026-07-02),C0,E0,41,2,stress-only;direct-api;live-provider;redacted-prompt,0.0,0.0,0.0,outputs/v0_3_direct_api_matrix/provider_manifests/deepseek__deepseek_v4_pro__synthetic_high_volatility_c0_v0_3__c0__e0__seed_41__sample_2.json,sha256:de85854e197ac144f9d8a9f13a4104d5afcb9caebc55435021aaaee8d859e5ec,direct-api,deepseek-v4-pro,api-pinned-2026-07-02,valid,true,
trellm-v0.3-protocol,outputs/v0_3_direct_api_matrix/submissions/deepseek__deepseek_v4_pro__synthetic_high_volatility_c0_v0_3__c0__e0__seed_43__sample_0.json,synthetic_high_volatility_c0_v0_3,deepseek,deepseek-v4-pro,deepseek-v4-pro (api-pinned-2026-07-02),C0,E0,43,0,stress-only;direct-api;live-provider;redacted-prompt,0.0,0.0,0.0,outputs/v0_3_direct_api_matrix/provider_manifests/deepseek__deepseek_v4_pro__synthetic_high_volatility_c0_v0_3__c0__e0__seed_43__sample_0.json,sha256:67e71bf82547d3193aa11c8f1fcbd32403b1a4091022ca9b8590a26c75214b57,direct-api,deepseek-v4-pro,api-pinned-2026-07-02,valid,true,
trellm-v0.3-protocol,outputs/v0_3_direct_api_matrix/submissions/deepseek__deepseek_v4_pro__synthetic_high_volatility_c0_v0_3__c0__e0__seed_43__sample_1.json,synthetic_high_volatility_c0_v0_3,deepseek,deepseek-v4-pro,deepseek-v4-pro (api-pinned-2026-07-02),C0,E0,43,1,stress-only;direct-api;live-provider;redacted-prompt,0.0,0.0,0.0,outputs/v0_3_direct_api_matrix/provider_manifests/deepseek__deepseek_v4_pro__synthetic_high_volatility_c0_v0_3__c0__e0__seed_43__sample_1.json,sha256:e63d2028f73f575f31b2a3a748748199e5b432aeadee841791a7dfa421f9fe1a,direct-api,deepseek-v4-pro,api-pinned-2026-07-02,valid,true,
trellm-v0.3-protocol,outputs/v0_3_direct_api_matrix/submissions/deepseek__deepseek_v4_pro__synthetic_high_volatility_c0_v0_3__c0__e0__seed_43__sample_2.json,synthetic_high_volatility_c0_v0_3,deepseek,deepseek-v4-pro,deepseek-v4-pro (api-pinned-2026-07-02),C0,E0,43,2,stress-only;direct-api;live-provider;redacted-prompt,0.0,0.0,0.0,outputs/v0_3_direct_api_matrix/provider_manifests/deepseek__deepseek_v4_pro__synthetic_high_volatility_c0_v0_3__c0__e0__seed_43__sample_2.json,sha256:1769d0487e478d3426ddd48c394b3c3619cea6f866023a4ac426df7768e6656b,direct-api,deepseek-v4-pro,api-pinned-2026-07-02,valid,true,
trellm-v0.3-protocol,outputs/v0_3_direct_api_matrix/submissions/deepseek__deepseek_v4_pro__synthetic_high_volatility_c0_v0_3__c0__e0__seed_47__sample_0.json,synthetic_high_volatility_c0_v0_3,deepseek,deepseek-v4-pro,deepseek-v4-pro (api-pinned-2026-07-02),C0,E0,47,0,stress-only;direct-api;live-provider;redacted-prompt,0.0,0.0,0.0,outputs/v0_3_direct_api_matrix/provider_manifests/deepseek__deepseek_v4_pro__synthetic_high_volatility_c0_v0_3__c0__e0__seed_47__sample_0.json,sha256:15b88e1524548d27cdfacaa73a1a9b55a471c9f2fa674264887aed47776737ad,direct-api,deepseek-v4-pro,api-pinned-2026-07-02,valid,true,
trellm-v0.3-protocol,outputs/v0_3_direct_api_matrix/submissions/deepseek__deepseek_v4_pro__synthetic_high_volatility_c0_v0_3__c0__e0__seed_47__sample_1.json,synthetic_high_volatility_c0_v0_3,deepseek,deepseek-v4-pro,deepseek-v4-pro (api-pinned-2026-07-02),C0,E0,47,1,stress-only;direct-api;live-provider;redacted-prompt,0.0,0.0,0.0,outputs/v0_3_direct_api_matrix/provider_manifests/deepseek__deepseek_v4_pro__synthetic_high_volatility_c0_v0_3__c0__e0__seed_47__sample_1.json,sha256:0d2d9f201b55ad9d728bc4596e4847bf5aceb027a715f70ba2a64c1e068469b9,direct-api,deepseek-v4-pro,api-pinned-2026-07-02,valid,true,
trellm-v0.3-protocol,outputs/v0_3_direct_api_matrix/submissions/deepseek__deepseek_v4_pro__synthetic_high_volatility_c0_v0_3__c0__e0__seed_47__sample_2.json,synthetic_high_volatility_c0_v0_3,deepseek,deepseek-v4-pro,deepseek-v4-pro (api-pinned-2026-07-02),C0,E0,47,2,stress-only;direct-api;live-provider;redacted-prompt,0.0,0.0,0.0,outputs/v0_3_direct_api_matrix/provider_manifests/deepseek__deepseek_v4_pro__synthetic_high_volatility_c0_v0_3__c0__e0__seed_47__sample_2.json,sha256:23c942ebf772661d9b50f380a378e5dff89d726fe3ef534a70a5780f480557ce,direct-api,deepseek-v4-pro,api-pinned-2026-07-02,valid,true,
trellm-v0.3-protocol,outputs/v0_3_direct_api_matrix/submissions/deepseek__deepseek_v4_pro__synthetic_high_volatility_c0_v0_3__c0__e0__seed_53__sample_0.json,synthetic_high_volatility_c0_v0_3,deepseek,deepseek-v4-pro,deepseek-v4-pro (api-pinned-2026-07-02),C0,E0,53,0,stress-only;direct-api;live-provider;redacted-prompt,0.0,0.0,0.0,outputs/v0_3_direct_api_matrix/provider_manifests/deepseek__deepseek_v4_pro__synthetic_high_volatility_c0_v0_3__c0__e0__seed_53__sample_0.json,sha256:f9f071232da801325caaaf4d31656955da19ab46d3211e179fb2c917ab15f3c2,direct-api,deepseek-v4-pro,api-pinned-2026-07-02,valid,true,
trellm-v0.3-protocol,outputs/v0_3_direct_api_matrix/submissions/deepseek__deepseek_v4_pro__synthetic_high_volatility_c0_v0_3__c0__e0__seed_53__sample_1.json,synthetic_high_volatility_c0_v0_3,deepseek,deepseek-v4-pro,deepseek-v4-pro (api-pinned-2026-07-02),C0,E0,53,1,stress-only;direct-api;live-provider;redacted-prompt,0.0,0.0,0.0,outputs/v0_3_direct_api_matrix/provider_manifests/deepseek__deepseek_v4_pro__synthetic_high_volatility_c0_v0_3__c0__e0__seed_53__sample_1.json,sha256:8023401b9b336d3090d01236084ba88d3487c029c2a11a63e7b791dfe6f2ecd2,direct-api,deepseek-v4-pro,api-pinned-2026-07-02,valid,true,
trellm-v0.3-protocol,outputs/v0_3_direct_api_matrix/submissions/deepseek__deepseek_v4_pro__synthetic_high_volatility_c0_v0_3__c0__e0__seed_53__sample_2.json,synthetic_high_volatility_c0_v0_3,deepseek,deepseek-v4-pro,deepseek-v4-pro (api-pinned-2026-07-02),C0,E0,53,2,stress-only;direct-api;live-provider;redacted-prompt,0.0,0.0,0.0,outputs/v0_3_direct_api_matrix/provider_manifests/deepseek__deepseek_v4_pro__synthetic_high_volatility_c0_v0_3__c0__e0__seed_53__sample_2.json,sha256:4ca129b619b3fe31176a367fcd4b233be7d73aa7d00f50a93832a27134b16e6d,direct-api,deepseek-v4-pro,api-pinned-2026-07-02,valid,true,
trellm-v0.3-protocol,outputs/v0_3_direct_api_matrix/submissions/deepseek__deepseek_v4_pro__synthetic_high_volatility_c0_v0_3__c0__e0__seed_7__sample_0.json,synthetic_high_volatility_c0_v0_3,deepseek,deepseek-v4-pro,deepseek-v4-pro (api-pinned-2026-07-02),C0,E0,7,0,stress-only;direct-api;live-provider;redacted-prompt,0.0,0.0,0.0,outputs/v0_3_direct_api_matrix/provider_manifests/deepseek__deepseek_v4_pro__synthetic_high_volatility_c0_v0_3__c0__e0__seed_7__sample_0.json,sha256:3c58e7553a3ce3e10375fa4e80ab2776e488781ec99954cf015604c078a1ff2d,direct-api,deepseek-v4-pro,api-pinned-2026-07-02,valid,true,
trellm-v0.3-protocol,outputs/v0_3_direct_api_matrix/submissions/deepseek__deepseek_v4_pro__synthetic_high_volatility_c0_v0_3__c0__e0__seed_7__sample_1.json,synthetic_high_volatility_c0_v0_3,deepseek,deepseek-v4-pro,deepseek-v4-pro (api-pinned-2026-07-02),C0,E0,7,1,stress-only;direct-api;live-provider;redacted-prompt,0.0,0.0,0.0,outputs/v0_3_direct_api_matrix/provider_manifests/deepseek__deepseek_v4_pro__synthetic_high_volatility_c0_v0_3__c0__e0__seed_7__sample_1.json,sha256:03c2d9ad6f5c4a95d504b084d67ffc8e013a3b07d861a4cd68d82688879b7f11,direct-api,deepseek-v4-pro,api-pinned-2026-07-02,valid,true,
trellm-v0.3-protocol,outputs/v0_3_direct_api_matrix/submissions/deepseek__deepseek_v4_pro__synthetic_high_volatility_c0_v0_3__c0__e0__seed_7__sample_2.json,synthetic_high_volatility_c0_v0_3,deepseek,deepseek-v4-pro,deepseek-v4-pro (api-pinned-2026-07-02),C0,E0,7,2,stress-only;direct-api;live-provider;redacted-prompt,0.0,0.0,0.0,outputs/v0_3_direct_api_matrix/provider_manifests/deepseek__deepseek_v4_pro__synthetic_high_volatility_c0_v0_3__c0__e0__seed_7__sample_2.json,sha256:bcf060dc88b41c611b46a1059ba3d24c69f4f0da457bb70bbe636f439b0678d2,direct-api,deepseek-v4-pro,api-pinned-2026-07-02,valid,true,
trellm-v0.3-protocol,outputs/v0_3_direct_api_matrix/submissions/deepseek__deepseek_v4_pro__synthetic_high_volatility_c0_v0_3__c0__e1__seed_11__sample_0.json,synthetic_high_volatility_c0_v0_3,deepseek,deepseek-v4-pro,deepseek-v4-pro (api-pinned-2026-07-02),C0,E1,11,0,stress-only;direct-api;live-provider;redacted-prompt,0.0,0.0,0.0,outputs/v0_3_direct_api_matrix/provider_manifests/deepseek__deepseek_v4_pro__synthetic_high_volatility_c0_v0_3__c0__e1__seed_11__sample_0.json,sha256:6d0a53ab0a78306ee5deea1797cb7916d9b76dd953222ba1a156af017c69d00f,direct-api,deepseek-v4-pro,api-pinned-2026-07-02,valid,true,
trellm-v0.3-protocol,outputs/v0_3_direct_api_matrix/submissions/deepseek__deepseek_v4_pro__synthetic_high_volatility_c0_v0_3__c0__e1__seed_11__sample_1.json,synthetic_high_volatility_c0_v0_3,deepseek,deepseek-v4-pro,deepseek-v4-pro (api-pinned-2026-07-02),C0,E1,11,1,stress-only;direct-api;live-provider;redacted-prompt,0.0,0.0,0.0,outputs/v0_3_direct_api_matrix/provider_manifests/deepseek__deepseek_v4_pro__synthetic_high_volatility_c0_v0_3__c0__e1__seed_11__sample_1.json,sha256:57ba1f9b8ebf2b22d929b18062a87c36f0ab9c5fc8eae3768e0eb0b1592d6d9b,direct-api,deepseek-v4-pro,api-pinned-2026-07-02,valid,true,
trellm-v0.3-protocol,outputs/v0_3_direct_api_matrix/submissions/deepseek__deepseek_v4_pro__synthetic_high_volatility_c0_v0_3__c0__e1__seed_11__sample_2.json,synthetic_high_volatility_c0_v0_3,deepseek,deepseek-v4-pro,deepseek-v4-pro (api-pinned-2026-07-02),C0,E1,11,2,stress-only;direct-api;live-provider;redacted-prompt,0.0,0.0,0.0,outputs/v0_3_direct_api_matrix/provider_manifests/deepseek__deepseek_v4_pro__synthetic_high_volatility_c0_v0_3__c0__e1__seed_11__sample_2.json,sha256:d105c7e5c7cf4d16250f98d8c15a9551cbdf0062369752fa69d481d411ff751f,direct-api,deepseek-v4-pro,api-pinned-2026-07-02,valid,true,
trellm-v0.3-protocol,outputs/v0_3_direct_api_matrix/submissions/deepseek__deepseek_v4_pro__synthetic_high_volatility_c0_v0_3__c0__e1__seed_17__sample_0.json,synthetic_high_volatility_c0_v0_3,deepseek,deepseek-v4-pro,deepseek-v4-pro (api-pinned-2026-07-02),C0,E1,17,0,stress-only;direct-api;live-provider;redacted-prompt,0.0,0.0,0.0,outputs/v0_3_direct_api_matrix/provider_manifests/deepseek__deepseek_v4_pro__synthetic_high_volatility_c0_v0_3__c0__e1__seed_17__sample_0.json,sha256:0c969083b90e8f35f92b7f450cb168992571523c299b6f9fb880864519ab11b2,direct-api,deepseek-v4-pro,api-pinned-2026-07-02,valid,true,
trellm-v0.3-protocol,outputs/v0_3_direct_api_matrix/submissions/deepseek__deepseek_v4_pro__synthetic_high_volatility_c0_v0_3__c0__e1__seed_17__sample_1.json,synthetic_high_volatility_c0_v0_3,deepseek,deepseek-v4-pro,deepseek-v4-pro (api-pinned-2026-07-02),C0,E1,17,1,stress-only;direct-api;live-provider;redacted-prompt,0.0,0.0,0.0,outputs/v0_3_direct_api_matrix/provider_manifests/deepseek__deepseek_v4_pro__synthetic_high_volatility_c0_v0_3__c0__e1__seed_17__sample_1.json,sha256:e47c2efdc26cc9fe88e31166937234643b303bfe884e5bfdc9f39dfaf59b28b1,direct-api,deepseek-v4-pro,api-pinned-2026-07-02,valid,true,
trellm-v0.3-protocol,outputs/v0_3_direct_api_matrix/submissions/deepseek__deepseek_v4_pro__synthetic_high_volatility_c0_v0_3__c0__e1__seed_17__sample_2.json,synthetic_high_volatility_c0_v0_3,deepseek,deepseek-v4-pro,deepseek-v4-pro (api-pinned-2026-07-02),C0,E1,17,2,stress-only;direct-api;live-provider;redacted-prompt,0.0,0.0,0.0,outputs/v0_3_direct_api_matrix/provider_manifests/deepseek__deepseek_v4_pro__synthetic_high_volatility_c0_v0_3__c0__e1__seed_17__sample_2.json,sha256:32d424b5d73507e3137234ecf9d403e5b071f3a5551121398eed395be23af0cf,direct-api,deepseek-v4-pro,api-pinned-2026-07-02,valid,true,
trellm-v0.3-protocol,outputs/v0_3_direct_api_matrix/submissions/deepseek__deepseek_v4_pro__synthetic_high_volatility_c0_v0_3__c0__e1__seed_23__sample_0.json,synthetic_high_volatility_c0_v0_3,deepseek,deepseek-v4-pro,deepseek-v4-pro (api-pinned-2026-07-02),C0,E1,23,0,stress-only;direct-api;live-provider;redacted-prompt,0.0,0.0,0.0,outputs/v0_3_direct_api_matrix/provider_manifests/deepseek__deepseek_v4_pro__synthetic_high_volatility_c0_v0_3__c0__e1__seed_23__sample_0.json,sha256:172f613e272636806e3fa67c3e40ce1093535858b421cb80b4ad702e8b0de3b2,direct-api,deepseek-v4-pro,api-pinned-2026-07-02,valid,true,
trellm-v0.3-protocol,outputs/v0_3_direct_api_matrix/submissions/deepseek__deepseek_v4_pro__synthetic_high_volatility_c0_v0_3__c0__e1__seed_23__sample_1.json,synthetic_high_volatility_c0_v0_3,deepseek,deepseek-v4-pro,deepseek-v4-pro (api-pinned-2026-07-02),C0,E1,23,1,stress-only;direct-api;live-provider;redacted-prompt,0.0,0.0,0.0,outputs/v0_3_direct_api_matrix/provider_manifests/deepseek__deepseek_v4_pro__synthetic_high_volatility_c0_v0_3__c0__e1__seed_23__sample_1.json,sha256:c6106fdef2f5315a3a5783f19fb80b9909e8105e398e3d7064aba15a5889179a,direct-api,deepseek-v4-pro,api-pinned-2026-07-02,valid,true,
trellm-v0.3-protocol,outputs/v0_3_direct_api_matrix/submissions/deepseek__deepseek_v4_pro__synthetic_high_volatility_c0_v0_3__c0__e1__seed_23__sample_2.json,synthetic_high_volatility_c0_v0_3,deepseek,deepseek-v4-pro,deepseek-v4-pro (api-pinned-2026-07-02),C0,E1,23,2,stress-only;direct-api;live-provider;redacted-prompt,0.0,0.0,0.0,outputs/v0_3_direct_api_matrix/provider_manifests/deepseek__deepseek_v4_pro__synthetic_high_volatility_c0_v0_3__c0__e1__seed_23__sample_2.json,sha256:91d46492a9731efd46419692fecf31c3ed3ea9b2c5072dd59b8e885bb7103e03,direct-api,deepseek-v4-pro,api-pinned-2026-07-02,valid,true,
trellm-v0.3-protocol,outputs/v0_3_direct_api_matrix/submissions/deepseek__deepseek_v4_pro__synthetic_high_volatility_c0_v0_3__c0__e1__seed_31__sample_0.json,synthetic_high_volatility_c0_v0_3,deepseek,deepseek-v4-pro,deepseek-v4-pro (api-pinned-2026-07-02),C0,E1,31,0,stress-only;direct-api;live-provider;redacted-prompt,0.0,0.0,0.0,outputs/v0_3_direct_api_matrix/provider_manifests/deepseek__deepseek_v4_pro__synthetic_high_volatility_c0_v0_3__c0__e1__seed_31__sample_0.json,sha256:a1c86d8014b66e1a4b75b802b5284577e424c512f0934322fdac712e984c9036,direct-api,deepseek-v4-pro,api-pinned-2026-07-02,valid,true,
trellm-v0.3-protocol,outputs/v0_3_direct_api_matrix/submissions/deepseek__deepseek_v4_pro__synthetic_high_volatility_c0_v0_3__c0__e1__seed_31__sample_1.json,synthetic_high_volatility_c0_v0_3,deepseek,deepseek-v4-pro,deepseek-v4-pro (api-pinned-2026-07-02),C0,E1,31,1,stress-only;direct-api;live-provider;redacted-prompt,0.0,0.0,0.0,outputs/v0_3_direct_api_matrix/provider_manifests/deepseek__deepseek_v4_pro__synthetic_high_volatility_c0_v0_3__c0__e1__seed_31__sample_1.json,sha256:09c51111802ce95001913859739a00c649c5e16d45a2fef19cd8c69f6dfb2f07,direct-api,deepseek-v4-pro,api-pinned-2026-07-02,valid,true,
trellm-v0.3-protocol,outputs/v0_3_direct_api_matrix/submissions/deepseek__deepseek_v4_pro__synthetic_high_volatility_c0_v0_3__c0__e1__seed_31__sample_2.json,synthetic_high_volatility_c0_v0_3,deepseek,deepseek-v4-pro,deepseek-v4-pro (api-pinned-2026-07-02),C0,E1,31,2,stress-only;direct-api;live-provider;redacted-prompt,0.0,0.0,0.0,outputs/v0_3_direct_api_matrix/provider_manifests/deepseek__deepseek_v4_pro__synthetic_high_volatility_c0_v0_3__c0__e1__seed_31__sample_2.json,sha256:57b8527abaf6eea0d13d9bc31431c836f3ee9525112e2a970c61aa80acf74749,direct-api,deepseek-v4-pro,api-pinned-2026-07-02,valid,true,
trellm-v0.3-protocol,outputs/v0_3_direct_api_matrix/submissions/deepseek__deepseek_v4_pro__synthetic_high_volatility_c0_v0_3__c0__e1__seed_37__sample_0.json,synthetic_high_volatility_c0_v0_3,deepseek,deepseek-v4-pro,deepseek-v4-pro (api-pinned-2026-07-02),C0,E1,37,0,stress-only;direct-api;live-provider;redacted-prompt,0.0,0.0,0.0,outputs/v0_3_direct_api_matrix/provider_manifests/deepseek__deepseek_v4_pro__synthetic_high_volatility_c0_v0_3__c0__e1__seed_37__sample_0.json,sha256:622fa131fd8443fb8b144e82950aab53785cb61f9c0658a3ca994a45b5cabda2,direct-api,deepseek-v4-pro,api-pinned-2026-07-02,valid,true,
trellm-v0.3-protocol,outputs/v0_3_direct_api_matrix/submissions/deepseek__deepseek_v4_pro__synthetic_high_volatility_c0_v0_3__c0__e1__seed_37__sample_1.json,synthetic_high_volatility_c0_v0_3,deepseek,deepseek-v4-pro,deepseek-v4-pro (api-pinned-2026-07-02),C0,E1,37,1,stress-only;direct-api;live-provider;redacted-prompt,0.0,0.0,0.0,outputs/v0_3_direct_api_matrix/provider_manifests/deepseek__deepseek_v4_pro__synthetic_high_volatility_c0_v0_3__c0__e1__seed_37__sample_1.json,sha256:0a871bfb58854454b3eb4017de4079cea54ee92b1b559afe9a4b729c90de01cb,direct-api,deepseek-v4-pro,api-pinned-2026-07-02,valid,true,
trellm-v0.3-protocol,outputs/v0_3_direct_api_matrix/submissions/deepseek__deepseek_v4_pro__synthetic_high_volatility_c0_v0_3__c0__e1__seed_37__sample_2.json,synthetic_high_volatility_c0_v0_3,deepseek,deepseek-v4-pro,deepseek-v4-pro (api-pinned-2026-07-02),C0,E1,37,2,stress-only;direct-api;live-provider;redacted-prompt,0.0,0.0,0.0,outputs/v0_3_direct_api_matrix/provider_manifests/deepseek__deepseek_v4_pro__synthetic_high_volatility_c0_v0_3__c0__e1__seed_37__sample_2.json,sha256:e7d0ea2e6e774ed78c9ba329d1000c7f6fef260f198b6f71665df3a035442c98,direct-api,deepseek-v4-pro,api-pinned-2026-07-02,valid,true,
trellm-v0.3-protocol,outputs/v0_3_direct_api_matrix/submissions/deepseek__deepseek_v4_pro__synthetic_high_volatility_c0_v0_3__c0__e1__seed_41__sample_0.json,synthetic_high_volatility_c0_v0_3,deepseek,deepseek-v4-pro,deepseek-v4-pro (api-pinned-2026-07-02),C0,E1,41,0,stress-only;direct-api;live-provider;redacted-prompt,0.0,0.0,0.0,outputs/v0_3_direct_api_matrix/provider_manifests/deepseek__deepseek_v4_pro__synthetic_high_volatility_c0_v0_3__c0__e1__seed_41__sample_0.json,sha256:4cf95044632fa7c7b5abecbb6552e3e3ff43cb800bcc921a58212c6332c6a707,direct-api,deepseek-v4-pro,api-pinned-2026-07-02,valid,true,
trellm-v0.3-protocol,outputs/v0_3_direct_api_matrix/submissions/deepseek__deepseek_v4_pro__synthetic_high_volatility_c0_v0_3__c0__e1__seed_41__sample_1.json,synthetic_high_volatility_c0_v0_3,deepseek,deepseek-v4-pro,deepseek-v4-pro (api-pinned-2026-07-02),C0,E1,41,1,stress-only;direct-api;live-provider;redacted-prompt,0.0,0.0,0.0,outputs/v0_3_direct_api_matrix/provider_manifests/deepseek__deepseek_v4_pro__synthetic_high_volatility_c0_v0_3__c0__e1__seed_41__sample_1.json,sha256:78bfbbe3b337311229887f943baf09cf2f8cc287922044a65601429b169e08ed,direct-api,deepseek-v4-pro,api-pinned-2026-07-02,valid,true,
trellm-v0.3-protocol,outputs/v0_3_direct_api_matrix/submissions/deepseek__deepseek_v4_pro__synthetic_high_volatility_c0_v0_3__c0__e1__seed_41__sample_2.json,synthetic_high_volatility_c0_v0_3,deepseek,deepseek-v4-pro,deepseek-v4-pro (api-pinned-2026-07-02),C0,E1,41,2,stress-only;direct-api;live-provider;redacted-prompt,0.0,0.0,0.0,outputs/v0_3_direct_api_matrix/provider_manifests/deepseek__deepseek_v4_pro__synthetic_high_volatility_c0_v0_3__c0__e1__seed_41__sample_2.json,sha256:1b76958537aee3a9e7e49416eded76c392b5ecf490441f32bc273b3da4b606f6,direct-api,deepseek-v4-pro,api-pinned-2026-07-02,valid,true,
trellm-v0.3-protocol,outputs/v0_3_direct_api_matrix/submissions/deepseek__deepseek_v4_pro__synthetic_high_volatility_c0_v0_3__c0__e1__seed_43__sample_0.json,synthetic_high_volatility_c0_v0_3,deepseek,deepseek-v4-pro,deepseek-v4-pro (api-pinned-2026-07-02),C0,E1,43,0,stress-only;direct-api;live-provider;redacted-prompt,0.0,0.0,0.0,outputs/v0_3_direct_api_matrix/provider_manifests/deepseek__deepseek_v4_pro__synthetic_high_volatility_c0_v0_3__c0__e1__seed_43__sample_0.json,sha256:72b9a25c91723f5272cd96d10d55c9e3c0b62dc701879a1a3dffa4e41a70e3cf,direct-api,deepseek-v4-pro,api-pinned-2026-07-02,valid,true,
trellm-v0.3-protocol,outputs/v0_3_direct_api_matrix/submissions/deepseek__deepseek_v4_pro__synthetic_high_volatility_c0_v0_3__c0__e1__seed_43__sample_1.json,synthetic_high_volatility_c0_v0_3,deepseek,deepseek-v4-pro,deepseek-v4-pro (api-pinned-2026-07-02),C0,E1,43,1,stress-only;direct-api;live-provider;redacted-prompt,0.0,0.0,0.0,outputs/v0_3_direct_api_matrix/provider_manifests/deepseek__deepseek_v4_pro__synthetic_high_volatility_c0_v0_3__c0__e1__seed_43__sample_1.json,sha256:757b38ebb8d46242165284d7b021740def6d583845872f6f6f477cda9be1d420,direct-api,deepseek-v4-pro,api-pinned-2026-07-02,valid,true,
trellm-v0.3-protocol,outputs/v0_3_direct_api_matrix/submissions/deepseek__deepseek_v4_pro__synthetic_high_volatility_c0_v0_3__c0__e1__seed_43__sample_2.json,synthetic_high_volatility_c0_v0_3,deepseek,deepseek-v4-pro,deepseek-v4-pro (api-pinned-2026-07-02),C0,E1,43,2,stress-only;direct-api;live-provider;redacted-prompt,0.0,0.0,0.0,outputs/v0_3_direct_api_matrix/provider_manifests/deepseek__deepseek_v4_pro__synthetic_high_volatility_c0_v0_3__c0__e1__seed_43__sample_2.json,sha256:dbefbb4704f77b88aa2d44da64562549522d3aa19df724bee42dbb5a23de9ec8,direct-api,deepseek-v4-pro,api-pinned-2026-07-02,valid,true,
trellm-v0.3-protocol,outputs/v0_3_direct_api_matrix/submissions/deepseek__deepseek_v4_pro__synthetic_high_volatility_c0_v0_3__c0__e1__seed_47__sample_0.json,synthetic_high_volatility_c0_v0_3,deepseek,deepseek-v4-pro,deepseek-v4-pro (api-pinned-2026-07-02),C0,E1,47,0,stress-only;direct-api;live-provider;redacted-prompt,0.0,0.0,0.0,outputs/v0_3_direct_api_matrix/provider_manifests/deepseek__deepseek_v4_pro__synthetic_high_volatility_c0_v0_3__c0__e1__seed_47__sample_0.json,sha256:6d4a3da26f0047f8ed9ec58bbcba5dcb4a5d8022058509b0743d7f8b8cedba04,direct-api,deepseek-v4-pro,api-pinned-2026-07-02,valid,true,
trellm-v0.3-protocol,outputs/v0_3_direct_api_matrix/submissions/deepseek__deepseek_v4_pro__synthetic_high_volatility_c0_v0_3__c0__e1__seed_47__sample_1.json,synthetic_high_volatility_c0_v0_3,deepseek,deepseek-v4-pro,deepseek-v4-pro (api-pinned-2026-07-02),C0,E1,47,1,stress-only;direct-api;live-provider;redacted-prompt,0.0,0.0,0.0,outputs/v0_3_direct_api_matrix/provider_manifests/deepseek__deepseek_v4_pro__synthetic_high_volatility_c0_v0_3__c0__e1__seed_47__sample_1.json,sha256:fdc5f1bcc374fa696bdcba32bd742ca346c55d3ffcb4f5a93cb8626a401fcdae,direct-api,deepseek-v4-pro,api-pinned-2026-07-02,valid,true,
trellm-v0.3-protocol,outputs/v0_3_direct_api_matrix/submissions/deepseek__deepseek_v4_pro__synthetic_high_volatility_c0_v0_3__c0__e1__seed_47__sample_2.json,synthetic_high_volatility_c0_v0_3,deepseek,deepseek-v4-pro,deepseek-v4-pro (api-pinned-2026-07-02),C0,E1,47,2,stress-only;direct-api;live-provider;redacted-prompt,0.0,0.0,0.0,outputs/v0_3_direct_api_matrix/provider_manifests/deepseek__deepseek_v4_pro__synthetic_high_volatility_c0_v0_3__c0__e1__seed_47__sample_2.json,sha256:9076d75ba4da00445e73a4d6e5cb42c883972c8b06009447903d016a00245c07,direct-api,deepseek-v4-pro,api-pinned-2026-07-02,valid,true,
trellm-v0.3-protocol,outputs/v0_3_direct_api_matrix/submissions/deepseek__deepseek_v4_pro__synthetic_high_volatility_c0_v0_3__c0__e1__seed_53__sample_0.json,synthetic_high_volatility_c0_v0_3,deepseek,deepseek-v4-pro,deepseek-v4-pro (api-pinned-2026-07-02),C0,E1,53,0,stress-only;direct-api;live-provider;redacted-prompt,0.0,0.0,0.0,outputs/v0_3_direct_api_matrix/provider_manifests/deepseek__deepseek_v4_pro__synthetic_high_volatility_c0_v0_3__c0__e1__seed_53__sample_0.json,sha256:d78c72340226ed6df98ee32714955f82052538193e2e74da297cc0041f097c3b,direct-api,deepseek-v4-pro,api-pinned-2026-07-02,valid,true,
trellm-v0.3-protocol,outputs/v0_3_direct_api_matrix/submissions/deepseek__deepseek_v4_pro__synthetic_high_volatility_c0_v0_3__c0__e1__seed_53__sample_1.json,synthetic_high_volatility_c0_v0_3,deepseek,deepseek-v4-pro,deepseek-v4-pro (api-pinned-2026-07-02),C0,E1,53,1,stress-only;direct-api;live-provider;redacted-prompt,0.0,0.0,0.0,outputs/v0_3_direct_api_matrix/provider_manifests/deepseek__deepseek_v4_pro__synthetic_high_volatility_c0_v0_3__c0__e1__seed_53__sample_1.json,sha256:96b4174d936527e3a3c8da181aedc091a7f702109499c200bfa5c3e9fecec5f0,direct-api,deepseek-v4-pro,api-pinned-2026-07-02,valid,true,
trellm-v0.3-protocol,outputs/v0_3_direct_api_matrix/submissions/deepseek__deepseek_v4_pro__synthetic_high_volatility_c0_v0_3__c0__e1__seed_53__sample_2.json,synthetic_high_volatility_c0_v0_3,deepseek,deepseek-v4-pro,deepseek-v4-pro (api-pinned-2026-07-02),C0,E1,53,2,stress-only;direct-api;live-provider;redacted-prompt,0.0,0.0,0.0,outputs/v0_3_direct_api_matrix/provider_manifests/deepseek__deepseek_v4_pro__synthetic_high_volatility_c0_v0_3__c0__e1__seed_53__sample_2.json,sha256:b26b15a5a351895d373731108f0f1983aaa835a15a0641f65157f7eb9eca6b18,direct-api,deepseek-v4-pro,api-pinned-2026-07-02,valid,true,
trellm-v0.3-protocol,outputs/v0_3_direct_api_matrix/submissions/deepseek__deepseek_v4_pro__synthetic_high_volatility_c0_v0_3__c0__e1__seed_7__sample_0.json,synthetic_high_volatility_c0_v0_3,deepseek,deepseek-v4-pro,deepseek-v4-pro (api-pinned-2026-07-02),C0,E1,7,0,stress-only;direct-api;live-provider;redacted-prompt,0.0,0.0,0.0,outputs/v0_3_direct_api_matrix/provider_manifests/deepseek__deepseek_v4_pro__synthetic_high_volatility_c0_v0_3__c0__e1__seed_7__sample_0.json,sha256:272290122a11dc533b1f66f36554ec815e22aea047217c29cf2a854828d375c3,direct-api,deepseek-v4-pro,api-pinned-2026-07-02,valid,true,
trellm-v0.3-protocol,outputs/v0_3_direct_api_matrix/submissions/deepseek__deepseek_v4_pro__synthetic_high_volatility_c0_v0_3__c0__e1__seed_7__sample_1.json,synthetic_high_volatility_c0_v0_3,deepseek,deepseek-v4-pro,deepseek-v4-pro (api-pinned-2026-07-02),C0,E1,7,1,stress-only;direct-api;live-provider;redacted-prompt,0.0,0.0,0.0,outputs/v0_3_direct_api_matrix/provider_manifests/deepseek__deepseek_v4_pro__synthetic_high_volatility_c0_v0_3__c0__e1__seed_7__sample_1.json,sha256:d36e8b31b94670db462ad8fed199d05b8303d0996202b12ea7e3e0212e5bc3e7,direct-api,deepseek-v4-pro,api-pinned-2026-07-02,valid,true,
trellm-v0.3-protocol,outputs/v0_3_direct_api_matrix/submissions/deepseek__deepseek_v4_pro__synthetic_high_volatility_c0_v0_3__c0__e1__seed_7__sample_2.json,synthetic_high_volatility_c0_v0_3,deepseek,deepseek-v4-pro,deepseek-v4-pro (api-pinned-2026-07-02),C0,E1,7,2,stress-only;direct-api;live-provider;redacted-prompt,0.0,0.0,0.0,outputs/v0_3_direct_api_matrix/provider_manifests/deepseek__deepseek_v4_pro__synthetic_high_volatility_c0_v0_3__c0__e1__seed_7__sample_2.json,sha256:7544cb3ae2ad646c2ba9dfa40a17a0c4130858faa64d00a068c5f66ad756d5c7,direct-api,deepseek-v4-pro,api-pinned-2026-07-02,valid,true,
trellm-v0.3-protocol,outputs/v0_3_direct_api_matrix/submissions/deepseek__deepseek_v4_pro__synthetic_jump_tail_c0_v0_3__c0__e0__seed_11__sample_0.json,synthetic_jump_tail_c0_v0_3,deepseek,deepseek-v4-pro,deepseek-v4-pro (api-pinned-2026-07-02),C0,E0,11,0,stress-only;direct-api;live-provider;redacted-prompt,0.0,0.0,0.0,outputs/v0_3_direct_api_matrix/provider_manifests/deepseek__deepseek_v4_pro__synthetic_jump_tail_c0_v0_3__c0__e0__seed_11__sample_0.json,sha256:b646e053b846c23e6ce33f9b873c2814537eb6231eedfd4f958ea8baf62e1c8b,direct-api,deepseek-v4-pro,api-pinned-2026-07-02,valid,true,
trellm-v0.3-protocol,outputs/v0_3_direct_api_matrix/submissions/deepseek__deepseek_v4_pro__synthetic_jump_tail_c0_v0_3__c0__e0__seed_11__sample_1.json,synthetic_jump_tail_c0_v0_3,deepseek,deepseek-v4-pro,deepseek-v4-pro (api-pinned-2026-07-02),C0,E0,11,1,stress-only;direct-api;live-provider;redacted-prompt,0.0,0.0,0.0,outputs/v0_3_direct_api_matrix/provider_manifests/deepseek__deepseek_v4_pro__synthetic_jump_tail_c0_v0_3__c0__e0__seed_11__sample_1.json,sha256:1e3430836df76dc54783ac0c84e85a87e1b4625908b315c4f9f2524c92aeaa2c,direct-api,deepseek-v4-pro,api-pinned-2026-07-02,valid,true,
trellm-v0.3-protocol,outputs/v0_3_direct_api_matrix/submissions/deepseek__deepseek_v4_pro__synthetic_jump_tail_c0_v0_3__c0__e0__seed_11__sample_2.json,synthetic_jump_tail_c0_v0_3,deepseek,deepseek-v4-pro,deepseek-v4-pro (api-pinned-2026-07-02),C0,E0,11,2,stress-only;direct-api;live-provider;redacted-prompt,0.00506,-0.00021,3.169926,outputs/v0_3_direct_api_matrix/provider_manifests/deepseek__deepseek_v4_pro__synthetic_jump_tail_c0_v0_3__c0__e0__seed_11__sample_2.json,sha256:66a5e658935b1b21a9ef7b71b4cd1e0f67ce87e56a47524799d5fc7a9cce8a29,direct-api,deepseek-v4-pro,api-pinned-2026-07-02,valid,true,
trellm-v0.3-protocol,outputs/v0_3_direct_api_matrix/submissions/deepseek__deepseek_v4_pro__synthetic_jump_tail_c0_v0_3__c0__e0__seed_17__sample_0.json,synthetic_jump_tail_c0_v0_3,deepseek,deepseek-v4-pro,deepseek-v4-pro (api-pinned-2026-07-02),C0,E0,17,0,stress-only;direct-api;live-provider;redacted-prompt,0.0,0.0,0.0,outputs/v0_3_direct_api_matrix/provider_manifests/deepseek__deepseek_v4_pro__synthetic_jump_tail_c0_v0_3__c0__e0__seed_17__sample_0.json,sha256:38f7918e50e8c26e60a84f872cf93912de21c5cff83c99f90db786d4a7d837f3,direct-api,deepseek-v4-pro,api-pinned-2026-07-02,valid,true,
trellm-v0.3-protocol,outputs/v0_3_direct_api_matrix/submissions/deepseek__deepseek_v4_pro__synthetic_jump_tail_c0_v0_3__c0__e0__seed_17__sample_1.json,synthetic_jump_tail_c0_v0_3,deepseek,deepseek-v4-pro,deepseek-v4-pro (api-pinned-2026-07-02),C0,E0,17,1,stress-only;direct-api;live-provider;redacted-prompt,0.0,0.0,0.0,outputs/v0_3_direct_api_matrix/provider_manifests/deepseek__deepseek_v4_pro__synthetic_jump_tail_c0_v0_3__c0__e0__seed_17__sample_1.json,sha256:aa82015aa93a49c6008da5a97e214a646e7b394d4482de3c0249277fafd3d8f6,direct-api,deepseek-v4-pro,api-pinned-2026-07-02,valid,true,
trellm-v0.3-protocol,outputs/v0_3_direct_api_matrix/submissions/deepseek__deepseek_v4_pro__synthetic_jump_tail_c0_v0_3__c0__e0__seed_17__sample_2.json,synthetic_jump_tail_c0_v0_3,deepseek,deepseek-v4-pro,deepseek-v4-pro (api-pinned-2026-07-02),C0,E0,17,2,stress-only;direct-api;live-provider;redacted-prompt,0.0,0.0,0.0,outputs/v0_3_direct_api_matrix/provider_manifests/deepseek__deepseek_v4_pro__synthetic_jump_tail_c0_v0_3__c0__e0__seed_17__sample_2.json,sha256:07b35534e1bdb8c804459c2ca4795e5e36023aa47c9d4c21ad4d16c117d01675,direct-api,deepseek-v4-pro,api-pinned-2026-07-02,valid,true,
trellm-v0.3-protocol,outputs/v0_3_direct_api_matrix/submissions/deepseek__deepseek_v4_pro__synthetic_jump_tail_c0_v0_3__c0__e0__seed_23__sample_0.json,synthetic_jump_tail_c0_v0_3,deepseek,deepseek-v4-pro,deepseek-v4-pro (api-pinned-2026-07-02),C0,E0,23,0,stress-only;direct-api;live-provider;redacted-prompt,0.0,0.0,0.0,outputs/v0_3_direct_api_matrix/provider_manifests/deepseek__deepseek_v4_pro__synthetic_jump_tail_c0_v0_3__c0__e0__seed_23__sample_0.json,sha256:27aa25400067d2173b6afe59d6ae07d4ba1239f4fad771c100e5f544919f26bd,direct-api,deepseek-v4-pro,api-pinned-2026-07-02,valid,true,
trellm-v0.3-protocol,outputs/v0_3_direct_api_matrix/submissions/deepseek__deepseek_v4_pro__synthetic_jump_tail_c0_v0_3__c0__e0__seed_23__sample_1.json,synthetic_jump_tail_c0_v0_3,deepseek,deepseek-v4-pro,deepseek-v4-pro (api-pinned-2026-07-02),C0,E0,23,1,stress-only;direct-api;live-provider;redacted-prompt,0.0,0.0,0.0,outputs/v0_3_direct_api_matrix/provider_manifests/deepseek__deepseek_v4_pro__synthetic_jump_tail_c0_v0_3__c0__e0__seed_23__sample_1.json,sha256:aaf9b8829e875fbefe6c0057a62caff3f53a155b4d1880db2fc5ff73aaf9108f,direct-api,deepseek-v4-pro,api-pinned-2026-07-02,valid,true,
trellm-v0.3-protocol,outputs/v0_3_direct_api_matrix/submissions/deepseek__deepseek_v4_pro__synthetic_jump_tail_c0_v0_3__c0__e0__seed_23__sample_2.json,synthetic_jump_tail_c0_v0_3,deepseek,deepseek-v4-pro,deepseek-v4-pro (api-pinned-2026-07-02),C0,E0,23,2,stress-only;direct-api;live-provider;redacted-prompt,0.0,0.0,0.0,outputs/v0_3_direct_api_matrix/provider_manifests/deepseek__deepseek_v4_pro__synthetic_jump_tail_c0_v0_3__c0__e0__seed_23__sample_2.json,sha256:b208ac05268aba9431f5621fbb92d1f532527fdd2192153c49d086c94ec7873b,direct-api,deepseek-v4-pro,api-pinned-2026-07-02,valid,true,
trellm-v0.3-protocol,outputs/v0_3_direct_api_matrix/submissions/deepseek__deepseek_v4_pro__synthetic_jump_tail_c0_v0_3__c0__e0__seed_31__sample_0.json,synthetic_jump_tail_c0_v0_3,deepseek,deepseek-v4-pro,deepseek-v4-pro (api-pinned-2026-07-02),C0,E0,31,0,stress-only;direct-api;live-provider;redacted-prompt,0.0,0.0,0.0,outputs/v0_3_direct_api_matrix/provider_manifests/deepseek__deepseek_v4_pro__synthetic_jump_tail_c0_v0_3__c0__e0__seed_31__sample_0.json,sha256:0267082725ad81675c201b06dd6d728a2f91d4a013136999f911657aeee0d91f,direct-api,deepseek-v4-pro,api-pinned-2026-07-02,valid,true,
trellm-v0.3-protocol,outputs/v0_3_direct_api_matrix/submissions/deepseek__deepseek_v4_pro__synthetic_jump_tail_c0_v0_3__c0__e0__seed_31__sample_1.json,synthetic_jump_tail_c0_v0_3,deepseek,deepseek-v4-pro,deepseek-v4-pro (api-pinned-2026-07-02),C0,E0,31,1,stress-only;direct-api;live-provider;redacted-prompt,0.0,0.0,0.0,outputs/v0_3_direct_api_matrix/provider_manifests/deepseek__deepseek_v4_pro__synthetic_jump_tail_c0_v0_3__c0__e0__seed_31__sample_1.json,sha256:4fa423b525d6bdfac71dd88eaecc6bb0c1ebb7d5ea77d0a0dcaabafcf18accff,direct-api,deepseek-v4-pro,api-pinned-2026-07-02,valid,true,
trellm-v0.3-protocol,outputs/v0_3_direct_api_matrix/submissions/deepseek__deepseek_v4_pro__synthetic_jump_tail_c0_v0_3__c0__e0__seed_31__sample_2.json,synthetic_jump_tail_c0_v0_3,deepseek,deepseek-v4-pro,deepseek-v4-pro (api-pinned-2026-07-02),C0,E0,31,2,stress-only;direct-api;live-provider;redacted-prompt,0.0,0.0,0.0,outputs/v0_3_direct_api_matrix/provider_manifests/deepseek__deepseek_v4_pro__synthetic_jump_tail_c0_v0_3__c0__e0__seed_31__sample_2.json,sha256:f40d87f96aa2c4aa0398c082000005ae12b59a5cba1dc098c25191d097995900,direct-api,deepseek-v4-pro,api-pinned-2026-07-02,valid,true,
trellm-v0.3-protocol,outputs/v0_3_direct_api_matrix/submissions/deepseek__deepseek_v4_pro__synthetic_jump_tail_c0_v0_3__c0__e0__seed_37__sample_0.json,synthetic_jump_tail_c0_v0_3,deepseek,deepseek-v4-pro,deepseek-v4-pro (api-pinned-2026-07-02),C0,E0,37,0,stress-only;direct-api;live-provider;redacted-prompt,0.0,0.0,0.0,outputs/v0_3_direct_api_matrix/provider_manifests/deepseek__deepseek_v4_pro__synthetic_jump_tail_c0_v0_3__c0__e0__seed_37__sample_0.json,sha256:47723f3ea9e391cca90816036d4f46e37d05e0fca3cfa2995ca002d5209bf685,direct-api,deepseek-v4-pro,api-pinned-2026-07-02,valid,true,
trellm-v0.3-protocol,outputs/v0_3_direct_api_matrix/submissions/deepseek__deepseek_v4_pro__synthetic_jump_tail_c0_v0_3__c0__e0__seed_37__sample_1.json,synthetic_jump_tail_c0_v0_3,deepseek,deepseek-v4-pro,deepseek-v4-pro (api-pinned-2026-07-02),C0,E0,37,1,stress-only;direct-api;live-provider;redacted-prompt,0.0,0.0,0.0,outputs/v0_3_direct_api_matrix/provider_manifests/deepseek__deepseek_v4_pro__synthetic_jump_tail_c0_v0_3__c0__e0__seed_37__sample_1.json,sha256:3bb3b5ffc24b96aa6b136bdee8c0686b01e9579532f6e28b6ebad2c68074a1f7,direct-api,deepseek-v4-pro,api-pinned-2026-07-02,valid,true,
trellm-v0.3-protocol,outputs/v0_3_direct_api_matrix/submissions/deepseek__deepseek_v4_pro__synthetic_jump_tail_c0_v0_3__c0__e0__seed_37__sample_2.json,synthetic_jump_tail_c0_v0_3,deepseek,deepseek-v4-pro,deepseek-v4-pro (api-pinned-2026-07-02),C0,E0,37,2,stress-only;direct-api;live-provider;redacted-prompt,0.0,0.0,0.0,outputs/v0_3_direct_api_matrix/provider_manifests/deepseek__deepseek_v4_pro__synthetic_jump_tail_c0_v0_3__c0__e0__seed_37__sample_2.json,sha256:a6d4f2b810b28e83e1ecf3eaa144897395da668b46edfc3012b1262cf3d032c1,direct-api,deepseek-v4-pro,api-pinned-2026-07-02,valid,true,
trellm-v0.3-protocol,outputs/v0_3_direct_api_matrix/submissions/deepseek__deepseek_v4_pro__synthetic_jump_tail_c0_v0_3__c0__e0__seed_41__sample_0.json,synthetic_jump_tail_c0_v0_3,deepseek,deepseek-v4-pro,deepseek-v4-pro (api-pinned-2026-07-02),C0,E0,41,0,stress-only;direct-api;live-provider;redacted-prompt,0.0,0.0,0.0,outputs/v0_3_direct_api_matrix/provider_manifests/deepseek__deepseek_v4_pro__synthetic_jump_tail_c0_v0_3__c0__e0__seed_41__sample_0.json,sha256:125a7ef4fd554148a2d823c3ba49a19ef32470c4c9ef7d10e1ffb63e7bc81236,direct-api,deepseek-v4-pro,api-pinned-2026-07-02,valid,true,
trellm-v0.3-protocol,outputs/v0_3_direct_api_matrix/submissions/deepseek__deepseek_v4_pro__synthetic_jump_tail_c0_v0_3__c0__e0__seed_41__sample_1.json,synthetic_jump_tail_c0_v0_3,deepseek,deepseek-v4-pro,deepseek-v4-pro (api-pinned-2026-07-02),C0,E0,41,1,stress-only;direct-api;live-provider;redacted-prompt,0.0,0.0,0.0,outputs/v0_3_direct_api_matrix/provider_manifests/deepseek__deepseek_v4_pro__synthetic_jump_tail_c0_v0_3__c0__e0__seed_41__sample_1.json,sha256:9a51e27819463cd8a5fe1323c710988f98fd6bf99d672ceb036756f03a05a5ff,direct-api,deepseek-v4-pro,api-pinned-2026-07-02,valid,true,
trellm-v0.3-protocol,outputs/v0_3_direct_api_matrix/submissions/deepseek__deepseek_v4_pro__synthetic_jump_tail_c0_v0_3__c0__e0__seed_41__sample_2.json,synthetic_jump_tail_c0_v0_3,deepseek,deepseek-v4-pro,deepseek-v4-pro (api-pinned-2026-07-02),C0,E0,41,2,stress-only;direct-api;live-provider;redacted-prompt,0.0,0.0,0.0,outputs/v0_3_direct_api_matrix/provider_manifests/deepseek__deepseek_v4_pro__synthetic_jump_tail_c0_v0_3__c0__e0__seed_41__sample_2.json,sha256:e11f45e65b2eea778efad5e10ba3598a316e21acb71bd8258a520a3358dd4110,direct-api,deepseek-v4-pro,api-pinned-2026-07-02,valid,true,
trellm-v0.3-protocol,outputs/v0_3_direct_api_matrix/submissions/deepseek__deepseek_v4_pro__synthetic_jump_tail_c0_v0_3__c0__e0__seed_43__sample_0.json,synthetic_jump_tail_c0_v0_3,deepseek,deepseek-v4-pro,deepseek-v4-pro (api-pinned-2026-07-02),C0,E0,43,0,stress-only;direct-api;live-provider;redacted-prompt,0.0,0.0,0.0,outputs/v0_3_direct_api_matrix/provider_manifests/deepseek__deepseek_v4_pro__synthetic_jump_tail_c0_v0_3__c0__e0__seed_43__sample_0.json,sha256:6500cdbb7e4f03fb8b3f31d4f4fbc211273c4d23549b6b3449c091d133a17bbf,direct-api,deepseek-v4-pro,api-pinned-2026-07-02,valid,true,
trellm-v0.3-protocol,outputs/v0_3_direct_api_matrix/submissions/deepseek__deepseek_v4_pro__synthetic_jump_tail_c0_v0_3__c0__e0__seed_43__sample_1.json,synthetic_jump_tail_c0_v0_3,deepseek,deepseek-v4-pro,deepseek-v4-pro (api-pinned-2026-07-02),C0,E0,43,1,stress-only;direct-api;live-provider;redacted-prompt,0.0,0.0,0.0,outputs/v0_3_direct_api_matrix/provider_manifests/deepseek__deepseek_v4_pro__synthetic_jump_tail_c0_v0_3__c0__e0__seed_43__sample_1.json,sha256:da4f1dad0acee39d35b4d738707f116d290a2551009e6bf41d2d4871889db48a,direct-api,deepseek-v4-pro,api-pinned-2026-07-02,valid,true,
trellm-v0.3-protocol,outputs/v0_3_direct_api_matrix/submissions/deepseek__deepseek_v4_pro__synthetic_jump_tail_c0_v0_3__c0__e0__seed_43__sample_2.json,synthetic_jump_tail_c0_v0_3,deepseek,deepseek-v4-pro,deepseek-v4-pro (api-pinned-2026-07-02),C0,E0,43,2,stress-only;direct-api;live-provider;redacted-prompt,0.0,0.0,0.0,outputs/v0_3_direct_api_matrix/provider_manifests/deepseek__deepseek_v4_pro__synthetic_jump_tail_c0_v0_3__c0__e0__seed_43__sample_2.json,sha256:ab9fa5967a3873a41c78148fd6235d313b76bdab8873e39024b0ddd8b6c42943,direct-api,deepseek-v4-pro,api-pinned-2026-07-02,valid,true,
trellm-v0.3-protocol,outputs/v0_3_direct_api_matrix/submissions/deepseek__deepseek_v4_pro__synthetic_jump_tail_c0_v0_3__c0__e0__seed_47__sample_0.json,synthetic_jump_tail_c0_v0_3,deepseek,deepseek-v4-pro,deepseek-v4-pro (api-pinned-2026-07-02),C0,E0,47,0,stress-only;direct-api;live-provider;redacted-prompt,0.0,0.0,0.0,outputs/v0_3_direct_api_matrix/provider_manifests/deepseek__deepseek_v4_pro__synthetic_jump_tail_c0_v0_3__c0__e0__seed_47__sample_0.json,sha256:50d8466f86bebea2b7364d0805d39d541a40de6a110cb21989dadfaf22f7c352,direct-api,deepseek-v4-pro,api-pinned-2026-07-02,valid,true,
trellm-v0.3-protocol,outputs/v0_3_direct_api_matrix/submissions/deepseek__deepseek_v4_pro__synthetic_jump_tail_c0_v0_3__c0__e0__seed_47__sample_1.json,synthetic_jump_tail_c0_v0_3,deepseek,deepseek-v4-pro,deepseek-v4-pro (api-pinned-2026-07-02),C0,E0,47,1,stress-only;direct-api;live-provider;redacted-prompt,0.0,0.0,0.0,outputs/v0_3_direct_api_matrix/provider_manifests/deepseek__deepseek_v4_pro__synthetic_jump_tail_c0_v0_3__c0__e0__seed_47__sample_1.json,sha256:ca8cc2b2b309b1b7e7d1cc975b9696842f23832afe337fdf046222075552ff72,direct-api,deepseek-v4-pro,api-pinned-2026-07-02,valid,true,
trellm-v0.3-protocol,outputs/v0_3_direct_api_matrix/submissions/deepseek__deepseek_v4_pro__synthetic_jump_tail_c0_v0_3__c0__e0__seed_47__sample_2.json,synthetic_jump_tail_c0_v0_3,deepseek,deepseek-v4-pro,deepseek-v4-pro (api-pinned-2026-07-02),C0,E0,47,2,stress-only;direct-api;live-provider;redacted-prompt,0.0,0.0,0.0,outputs/v0_3_direct_api_matrix/provider_manifests/deepseek__deepseek_v4_pro__synthetic_jump_tail_c0_v0_3__c0__e0__seed_47__sample_2.json,sha256:de7ccf255be0c155fbbf4e9c20bc05555ff9699834061c4ef89cbdf9f3be4ae9,direct-api,deepseek-v4-pro,api-pinned-2026-07-02,valid,true,
trellm-v0.3-protocol,outputs/v0_3_direct_api_matrix/submissions/deepseek__deepseek_v4_pro__synthetic_jump_tail_c0_v0_3__c0__e0__seed_53__sample_0.json,synthetic_jump_tail_c0_v0_3,deepseek,deepseek-v4-pro,deepseek-v4-pro (api-pinned-2026-07-02),C0,E0,53,0,stress-only;direct-api;live-provider;redacted-prompt,0.0,0.0,0.0,outputs/v0_3_direct_api_matrix/provider_manifests/deepseek__deepseek_v4_pro__synthetic_jump_tail_c0_v0_3__c0__e0__seed_53__sample_0.json,sha256:f3e07e4312e2884afd048e6823e4937915f7b7fdbea016a169315f402f885c47,direct-api,deepseek-v4-pro,api-pinned-2026-07-02,valid,true,
trellm-v0.3-protocol,outputs/v0_3_direct_api_matrix/submissions/deepseek__deepseek_v4_pro__synthetic_jump_tail_c0_v0_3__c0__e0__seed_53__sample_1.json,synthetic_jump_tail_c0_v0_3,deepseek,deepseek-v4-pro,deepseek-v4-pro (api-pinned-2026-07-02),C0,E0,53,1,stress-only;direct-api;live-provider;redacted-prompt,0.0,0.0,0.0,outputs/v0_3_direct_api_matrix/provider_manifests/deepseek__deepseek_v4_pro__synthetic_jump_tail_c0_v0_3__c0__e0__seed_53__sample_1.json,sha256:e02ba5d696520e14ee7c56325e7157bdb77e652921a2354c79351edf05a2874a,direct-api,deepseek-v4-pro,api-pinned-2026-07-02,valid,true,
trellm-v0.3-protocol,outputs/v0_3_direct_api_matrix/submissions/deepseek__deepseek_v4_pro__synthetic_jump_tail_c0_v0_3__c0__e0__seed_53__sample_2.json,synthetic_jump_tail_c0_v0_3,deepseek,deepseek-v4-pro,deepseek-v4-pro (api-pinned-2026-07-02),C0,E0,53,2,stress-only;direct-api;live-provider;redacted-prompt,0.0,0.0,0.0,outputs/v0_3_direct_api_matrix/provider_manifests/deepseek__deepseek_v4_pro__synthetic_jump_tail_c0_v0_3__c0__e0__seed_53__sample_2.json,sha256:4cb295b607b17858e5f8b818cc8d6f962b2b7945cfd926a0fcfeb93b5c2b8904,direct-api,deepseek-v4-pro,api-pinned-2026-07-02,valid,true,
trellm-v0.3-protocol,outputs/v0_3_direct_api_matrix/submissions/deepseek__deepseek_v4_pro__synthetic_jump_tail_c0_v0_3__c0__e0__seed_7__sample_0.json,synthetic_jump_tail_c0_v0_3,deepseek,deepseek-v4-pro,deepseek-v4-pro (api-pinned-2026-07-02),C0,E0,7,0,stress-only;direct-api;live-provider;redacted-prompt,0.0,0.0,0.0,outputs/v0_3_direct_api_matrix/provider_manifests/deepseek__deepseek_v4_pro__synthetic_jump_tail_c0_v0_3__c0__e0__seed_7__sample_0.json,sha256:f18a260be822c0d1c08192b8dadb7ad5c7fa325e3a33563ab5dca12a914ddbe3,direct-api,deepseek-v4-pro,api-pinned-2026-07-02,valid,true,
trellm-v0.3-protocol,outputs/v0_3_direct_api_matrix/submissions/deepseek__deepseek_v4_pro__synthetic_jump_tail_c0_v0_3__c0__e0__seed_7__sample_1.json,synthetic_jump_tail_c0_v0_3,deepseek,deepseek-v4-pro,deepseek-v4-pro (api-pinned-2026-07-02),C0,E0,7,1,stress-only;direct-api;live-provider;redacted-prompt,0.0,0.0,0.0,outputs/v0_3_direct_api_matrix/provider_manifests/deepseek__deepseek_v4_pro__synthetic_jump_tail_c0_v0_3__c0__e0__seed_7__sample_1.json,sha256:6cecb9a98dd8b19d9053cdbdc408f9f05560e3553427af9bbe24c54123bb5b89,direct-api,deepseek-v4-pro,api-pinned-2026-07-02,valid,true,
trellm-v0.3-protocol,outputs/v0_3_direct_api_matrix/submissions/deepseek__deepseek_v4_pro__synthetic_jump_tail_c0_v0_3__c0__e0__seed_7__sample_2.json,synthetic_jump_tail_c0_v0_3,deepseek,deepseek-v4-pro,deepseek-v4-pro (api-pinned-2026-07-02),C0,E0,7,2,stress-only;direct-api;live-provider;redacted-prompt,0.0,0.0,0.0,outputs/v0_3_direct_api_matrix/provider_manifests/deepseek__deepseek_v4_pro__synthetic_jump_tail_c0_v0_3__c0__e0__seed_7__sample_2.json,sha256:94c274a136a0b8133c568622df66d8fc506fbffe1b0a38ccd2fe77af4bf27917,direct-api,deepseek-v4-pro,api-pinned-2026-07-02,valid,true,
trellm-v0.3-protocol,outputs/v0_3_direct_api_matrix/submissions/deepseek__deepseek_v4_pro__synthetic_jump_tail_c0_v0_3__c0__e1__seed_11__sample_0.json,synthetic_jump_tail_c0_v0_3,deepseek,deepseek-v4-pro,deepseek-v4-pro (api-pinned-2026-07-02),C0,E1,11,0,stress-only;direct-api;live-provider;redacted-prompt,0.0,0.0,0.0,outputs/v0_3_direct_api_matrix/provider_manifests/deepseek__deepseek_v4_pro__synthetic_jump_tail_c0_v0_3__c0__e1__seed_11__sample_0.json,sha256:8831fd4e756e2cfa5480f493963348a82643e1fbcdb27ee38b02f1cbf0c2d2d5,direct-api,deepseek-v4-pro,api-pinned-2026-07-02,valid,true,
trellm-v0.3-protocol,outputs/v0_3_direct_api_matrix/submissions/deepseek__deepseek_v4_pro__synthetic_jump_tail_c0_v0_3__c0__e1__seed_11__sample_1.json,synthetic_jump_tail_c0_v0_3,deepseek,deepseek-v4-pro,deepseek-v4-pro (api-pinned-2026-07-02),C0,E1,11,1,stress-only;direct-api;live-provider;redacted-prompt,0.0,0.0,0.0,outputs/v0_3_direct_api_matrix/provider_manifests/deepseek__deepseek_v4_pro__synthetic_jump_tail_c0_v0_3__c0__e1__seed_11__sample_1.json,sha256:3f6f9d5527f20ef7382473ea67300157a80e8a5d47ab341ae9ac8ee8e4442265,direct-api,deepseek-v4-pro,api-pinned-2026-07-02,valid,true,
trellm-v0.3-protocol,outputs/v0_3_direct_api_matrix/submissions/deepseek__deepseek_v4_pro__synthetic_jump_tail_c0_v0_3__c0__e1__seed_11__sample_2.json,synthetic_jump_tail_c0_v0_3,deepseek,deepseek-v4-pro,deepseek-v4-pro (api-pinned-2026-07-02),C0,E1,11,2,stress-only;direct-api;live-provider;redacted-prompt,0.0,0.0,0.0,outputs/v0_3_direct_api_matrix/provider_manifests/deepseek__deepseek_v4_pro__synthetic_jump_tail_c0_v0_3__c0__e1__seed_11__sample_2.json,sha256:733c58e68647a4752f65324aea8abb0cd9e7009908f4dd6093c4faa23fc2449e,direct-api,deepseek-v4-pro,api-pinned-2026-07-02,valid,true,
trellm-v0.3-protocol,outputs/v0_3_direct_api_matrix/submissions/deepseek__deepseek_v4_pro__synthetic_jump_tail_c0_v0_3__c0__e1__seed_17__sample_0.json,synthetic_jump_tail_c0_v0_3,deepseek,deepseek-v4-pro,deepseek-v4-pro (api-pinned-2026-07-02),C0,E1,17,0,stress-only;direct-api;live-provider;redacted-prompt,0.0,0.0,0.0,outputs/v0_3_direct_api_matrix/provider_manifests/deepseek__deepseek_v4_pro__synthetic_jump_tail_c0_v0_3__c0__e1__seed_17__sample_0.json,sha256:d1fd47e05eff61f54049b932d10f95a5007ab52dc6a3cb849c87cd9e0dcfce78,direct-api,deepseek-v4-pro,api-pinned-2026-07-02,valid,true,
trellm-v0.3-protocol,outputs/v0_3_direct_api_matrix/submissions/deepseek__deepseek_v4_pro__synthetic_jump_tail_c0_v0_3__c0__e1__seed_17__sample_1.json,synthetic_jump_tail_c0_v0_3,deepseek,deepseek-v4-pro,deepseek-v4-pro (api-pinned-2026-07-02),C0,E1,17,1,stress-only;direct-api;live-provider;redacted-prompt,0.0,0.0,0.0,outputs/v0_3_direct_api_matrix/provider_manifests/deepseek__deepseek_v4_pro__synthetic_jump_tail_c0_v0_3__c0__e1__seed_17__sample_1.json,sha256:87269c97c36fe8e19db44c19bc288d9feb4ec326702d348e3074b7d3fde377d5,direct-api,deepseek-v4-pro,api-pinned-2026-07-02,valid,true,
trellm-v0.3-protocol,outputs/v0_3_direct_api_matrix/submissions/deepseek__deepseek_v4_pro__synthetic_jump_tail_c0_v0_3__c0__e1__seed_17__sample_2.json,synthetic_jump_tail_c0_v0_3,deepseek,deepseek-v4-pro,deepseek-v4-pro (api-pinned-2026-07-02),C0,E1,17,2,stress-only;direct-api;live-provider;redacted-prompt,0.0,0.0,0.0,outputs/v0_3_direct_api_matrix/provider_manifests/deepseek__deepseek_v4_pro__synthetic_jump_tail_c0_v0_3__c0__e1__seed_17__sample_2.json,sha256:9221851c38205ffb3a69ba01f0fe2ea4caeef3052b14f2eb11e8979ab7ed7938,direct-api,deepseek-v4-pro,api-pinned-2026-07-02,valid,true,
trellm-v0.3-protocol,outputs/v0_3_direct_api_matrix/submissions/deepseek__deepseek_v4_pro__synthetic_jump_tail_c0_v0_3__c0__e1__seed_23__sample_0.json,synthetic_jump_tail_c0_v0_3,deepseek,deepseek-v4-pro,deepseek-v4-pro (api-pinned-2026-07-02),C0,E1,23,0,stress-only;direct-api;live-provider;redacted-prompt,0.0,0.0,0.0,outputs/v0_3_direct_api_matrix/provider_manifests/deepseek__deepseek_v4_pro__synthetic_jump_tail_c0_v0_3__c0__e1__seed_23__sample_0.json,sha256:0f4d44658d4dc8a0c02070ab9158aaaf7d08c5e1e86f99eb4e477662bcf237d9,direct-api,deepseek-v4-pro,api-pinned-2026-07-02,valid,true,
trellm-v0.3-protocol,outputs/v0_3_direct_api_matrix/submissions/deepseek__deepseek_v4_pro__synthetic_jump_tail_c0_v0_3__c0__e1__seed_23__sample_1.json,synthetic_jump_tail_c0_v0_3,deepseek,deepseek-v4-pro,deepseek-v4-pro (api-pinned-2026-07-02),C0,E1,23,1,stress-only;direct-api;live-provider;redacted-prompt,0.0,0.0,0.0,outputs/v0_3_direct_api_matrix/provider_manifests/deepseek__deepseek_v4_pro__synthetic_jump_tail_c0_v0_3__c0__e1__seed_23__sample_1.json,sha256:03f1b172bdd3d71f10d2774ad3060f4fc882cee32d77e8c3bcc63d6def93735a,direct-api,deepseek-v4-pro,api-pinned-2026-07-02,valid,true,
trellm-v0.3-protocol,outputs/v0_3_direct_api_matrix/submissions/deepseek__deepseek_v4_pro__synthetic_jump_tail_c0_v0_3__c0__e1__seed_23__sample_2.json,synthetic_jump_tail_c0_v0_3,deepseek,deepseek-v4-pro,deepseek-v4-pro (api-pinned-2026-07-02),C0,E1,23,2,stress-only;direct-api;live-provider;redacted-prompt,0.0,0.0,0.0,outputs/v0_3_direct_api_matrix/provider_manifests/deepseek__deepseek_v4_pro__synthetic_jump_tail_c0_v0_3__c0__e1__seed_23__sample_2.json,sha256:a342d3300c86cf5355533474d5b268655b23198af584a6691a62a9a870347e1a,direct-api,deepseek-v4-pro,api-pinned-2026-07-02,valid,true,
trellm-v0.3-protocol,outputs/v0_3_direct_api_matrix/submissions/deepseek__deepseek_v4_pro__synthetic_jump_tail_c0_v0_3__c0__e1__seed_31__sample_0.json,synthetic_jump_tail_c0_v0_3,deepseek,deepseek-v4-pro,deepseek-v4-pro (api-pinned-2026-07-02),C0,E1,31,0,stress-only;direct-api;live-provider;redacted-prompt,0.0,0.0,0.0,outputs/v0_3_direct_api_matrix/provider_manifests/deepseek__deepseek_v4_pro__synthetic_jump_tail_c0_v0_3__c0__e1__seed_31__sample_0.json,sha256:423c10934cb6509e9f4b7282b938d4c0cbb59c9976f24c15fb248038b26d7c37,direct-api,deepseek-v4-pro,api-pinned-2026-07-02,valid,true,
trellm-v0.3-protocol,outputs/v0_3_direct_api_matrix/submissions/deepseek__deepseek_v4_pro__synthetic_jump_tail_c0_v0_3__c0__e1__seed_31__sample_1.json,synthetic_jump_tail_c0_v0_3,deepseek,deepseek-v4-pro,deepseek-v4-pro (api-pinned-2026-07-02),C0,E1,31,1,stress-only;direct-api;live-provider;redacted-prompt,0.0,0.0,0.0,outputs/v0_3_direct_api_matrix/provider_manifests/deepseek__deepseek_v4_pro__synthetic_jump_tail_c0_v0_3__c0__e1__seed_31__sample_1.json,sha256:7458b42cc4c1b832de6265244bf8286e05264ce595c723b71bad86a87c2cf290,direct-api,deepseek-v4-pro,api-pinned-2026-07-02,valid,true,
trellm-v0.3-protocol,outputs/v0_3_direct_api_matrix/submissions/deepseek__deepseek_v4_pro__synthetic_jump_tail_c0_v0_3__c0__e1__seed_31__sample_2.json,synthetic_jump_tail_c0_v0_3,deepseek,deepseek-v4-pro,deepseek-v4-pro (api-pinned-2026-07-02),C0,E1,31,2,stress-only;direct-api;live-provider;redacted-prompt,0.0,0.0,0.0,outputs/v0_3_direct_api_matrix/provider_manifests/deepseek__deepseek_v4_pro__synthetic_jump_tail_c0_v0_3__c0__e1__seed_31__sample_2.json,sha256:603762df5b8c0719e0eceba711e36b90287fa29abd9f094ed2826d9be15a5c79,direct-api,deepseek-v4-pro,api-pinned-2026-07-02,valid,true,
trellm-v0.3-protocol,outputs/v0_3_direct_api_matrix/submissions/deepseek__deepseek_v4_pro__synthetic_jump_tail_c0_v0_3__c0__e1__seed_37__sample_0.json,synthetic_jump_tail_c0_v0_3,deepseek,deepseek-v4-pro,deepseek-v4-pro (api-pinned-2026-07-02),C0,E1,37,0,stress-only;direct-api;live-provider;redacted-prompt,0.0,0.0,0.0,outputs/v0_3_direct_api_matrix/provider_manifests/deepseek__deepseek_v4_pro__synthetic_jump_tail_c0_v0_3__c0__e1__seed_37__sample_0.json,sha256:bbcb194a339daf32d4989815efc7dd1abff1d4a2de7521c228cb0a606c7c16cc,direct-api,deepseek-v4-pro,api-pinned-2026-07-02,valid,true,
trellm-v0.3-protocol,outputs/v0_3_direct_api_matrix/submissions/deepseek__deepseek_v4_pro__synthetic_jump_tail_c0_v0_3__c0__e1__seed_37__sample_1.json,synthetic_jump_tail_c0_v0_3,deepseek,deepseek-v4-pro,deepseek-v4-pro (api-pinned-2026-07-02),C0,E1,37,1,stress-only;direct-api;live-provider;redacted-prompt,0.0,0.0,0.0,outputs/v0_3_direct_api_matrix/provider_manifests/deepseek__deepseek_v4_pro__synthetic_jump_tail_c0_v0_3__c0__e1__seed_37__sample_1.json,sha256:9625162b00d425938301d9abc211cfec286cb8f415b0c608c1390dd68c3fe7bf,direct-api,deepseek-v4-pro,api-pinned-2026-07-02,valid,true,
trellm-v0.3-protocol,outputs/v0_3_direct_api_matrix/submissions/deepseek__deepseek_v4_pro__synthetic_jump_tail_c0_v0_3__c0__e1__seed_37__sample_2.json,synthetic_jump_tail_c0_v0_3,deepseek,deepseek-v4-pro,deepseek-v4-pro (api-pinned-2026-07-02),C0,E1,37,2,stress-only;direct-api;live-provider;redacted-prompt,0.0,0.0,0.0,outputs/v0_3_direct_api_matrix/provider_manifests/deepseek__deepseek_v4_pro__synthetic_jump_tail_c0_v0_3__c0__e1__seed_37__sample_2.json,sha256:b19c853af119b6fab0adfe7f39744b3b4dbb51d2813fe2243e5a964fab35333c,direct-api,deepseek-v4-pro,api-pinned-2026-07-02,valid,true,
trellm-v0.3-protocol,outputs/v0_3_direct_api_matrix/submissions/deepseek__deepseek_v4_pro__synthetic_jump_tail_c0_v0_3__c0__e1__seed_41__sample_0.json,synthetic_jump_tail_c0_v0_3,deepseek,deepseek-v4-pro,deepseek-v4-pro (api-pinned-2026-07-02),C0,E1,41,0,stress-only;direct-api;live-provider;redacted-prompt,0.0,0.0,0.0,outputs/v0_3_direct_api_matrix/provider_manifests/deepseek__deepseek_v4_pro__synthetic_jump_tail_c0_v0_3__c0__e1__seed_41__sample_0.json,sha256:6e807c70231e617f83a0b500c48b95a8f6a7386e02345ca9138121b5818d4b8b,direct-api,deepseek-v4-pro,api-pinned-2026-07-02,valid,true,
trellm-v0.3-protocol,outputs/v0_3_direct_api_matrix/submissions/deepseek__deepseek_v4_pro__synthetic_jump_tail_c0_v0_3__c0__e1__seed_41__sample_1.json,synthetic_jump_tail_c0_v0_3,deepseek,deepseek-v4-pro,deepseek-v4-pro (api-pinned-2026-07-02),C0,E1,41,1,stress-only;direct-api;live-provider;redacted-prompt,0.0,0.0,0.0,outputs/v0_3_direct_api_matrix/provider_manifests/deepseek__deepseek_v4_pro__synthetic_jump_tail_c0_v0_3__c0__e1__seed_41__sample_1.json,sha256:f88aa2043de1fe825457270ebc91c00cf712be6b06cbd4077fcfef762cc3b3a2,direct-api,deepseek-v4-pro,api-pinned-2026-07-02,valid,true,
trellm-v0.3-protocol,outputs/v0_3_direct_api_matrix/submissions/deepseek__deepseek_v4_pro__synthetic_jump_tail_c0_v0_3__c0__e1__seed_41__sample_2.json,synthetic_jump_tail_c0_v0_3,deepseek,deepseek-v4-pro,deepseek-v4-pro (api-pinned-2026-07-02),C0,E1,41,2,stress-only;direct-api;live-provider;redacted-prompt,0.0,0.0,0.0,outputs/v0_3_direct_api_matrix/provider_manifests/deepseek__deepseek_v4_pro__synthetic_jump_tail_c0_v0_3__c0__e1__seed_41__sample_2.json,sha256:9391f91467875960e3011ec38f6ff2da3f1af8024af0f5eae34566ed2740ad6e,direct-api,deepseek-v4-pro,api-pinned-2026-07-02,valid,true,
trellm-v0.3-protocol,outputs/v0_3_direct_api_matrix/submissions/deepseek__deepseek_v4_pro__synthetic_jump_tail_c0_v0_3__c0__e1__seed_43__sample_0.json,synthetic_jump_tail_c0_v0_3,deepseek,deepseek-v4-pro,deepseek-v4-pro (api-pinned-2026-07-02),C0,E1,43,0,stress-only;direct-api;live-provider;redacted-prompt,0.0,0.0,0.0,outputs/v0_3_direct_api_matrix/provider_manifests/deepseek__deepseek_v4_pro__synthetic_jump_tail_c0_v0_3__c0__e1__seed_43__sample_0.json,sha256:8f7a70f78cad7543699b46872d8fba42e92f50b882d4f8a4e21d284ab9becfeb,direct-api,deepseek-v4-pro,api-pinned-2026-07-02,valid,true,
trellm-v0.3-protocol,outputs/v0_3_direct_api_matrix/submissions/deepseek__deepseek_v4_pro__synthetic_jump_tail_c0_v0_3__c0__e1__seed_43__sample_1.json,synthetic_jump_tail_c0_v0_3,deepseek,deepseek-v4-pro,deepseek-v4-pro (api-pinned-2026-07-02),C0,E1,43,1,stress-only;direct-api;live-provider;redacted-prompt,0.0,0.0,0.0,outputs/v0_3_direct_api_matrix/provider_manifests/deepseek__deepseek_v4_pro__synthetic_jump_tail_c0_v0_3__c0__e1__seed_43__sample_1.json,sha256:4bdb935e141e2205f4d3a79bb8d1acf3425b8a5c2447deabd03e2f950870090b,direct-api,deepseek-v4-pro,api-pinned-2026-07-02,valid,true,
trellm-v0.3-protocol,outputs/v0_3_direct_api_matrix/submissions/deepseek__deepseek_v4_pro__synthetic_jump_tail_c0_v0_3__c0__e1__seed_43__sample_2.json,synthetic_jump_tail_c0_v0_3,deepseek,deepseek-v4-pro,deepseek-v4-pro (api-pinned-2026-07-02),C0,E1,43,2,stress-only;direct-api;live-provider;redacted-prompt,0.0,0.0,0.0,outputs/v0_3_direct_api_matrix/provider_manifests/deepseek__deepseek_v4_pro__synthetic_jump_tail_c0_v0_3__c0__e1__seed_43__sample_2.json,sha256:0ec71457dc7514993e0b09e3c920c74328eff92acf714f7e81f97a793c99d5ca,direct-api,deepseek-v4-pro,api-pinned-2026-07-02,valid,true,
trellm-v0.3-protocol,outputs/v0_3_direct_api_matrix/submissions/deepseek__deepseek_v4_pro__synthetic_jump_tail_c0_v0_3__c0__e1__seed_47__sample_0.json,synthetic_jump_tail_c0_v0_3,deepseek,deepseek-v4-pro,deepseek-v4-pro (api-pinned-2026-07-02),C0,E1,47,0,stress-only;direct-api;live-provider;redacted-prompt,0.0,0.0,0.0,outputs/v0_3_direct_api_matrix/provider_manifests/deepseek__deepseek_v4_pro__synthetic_jump_tail_c0_v0_3__c0__e1__seed_47__sample_0.json,sha256:300e8b139d45a9539f24c411c0483829a82c2c607d49941721a4e64e0331be11,direct-api,deepseek-v4-pro,api-pinned-2026-07-02,valid,true,
trellm-v0.3-protocol,outputs/v0_3_direct_api_matrix/submissions/deepseek__deepseek_v4_pro__synthetic_jump_tail_c0_v0_3__c0__e1__seed_47__sample_1.json,synthetic_jump_tail_c0_v0_3,deepseek,deepseek-v4-pro,deepseek-v4-pro (api-pinned-2026-07-02),C0,E1,47,1,stress-only;direct-api;live-provider;redacted-prompt,0.0,0.0,0.0,outputs/v0_3_direct_api_matrix/provider_manifests/deepseek__deepseek_v4_pro__synthetic_jump_tail_c0_v0_3__c0__e1__seed_47__sample_1.json,sha256:7814328c37f508e59aa688c762bdd2d5af0f0ba0be242e2f26be3987844ffd03,direct-api,deepseek-v4-pro,api-pinned-2026-07-02,valid,true,
trellm-v0.3-protocol,outputs/v0_3_direct_api_matrix/submissions/deepseek__deepseek_v4_pro__synthetic_jump_tail_c0_v0_3__c0__e1__seed_47__sample_2.json,synthetic_jump_tail_c0_v0_3,deepseek,deepseek-v4-pro,deepseek-v4-pro (api-pinned-2026-07-02),C0,E1,47,2,stress-only;direct-api;live-provider;redacted-prompt,0.0,0.0,0.0,outputs/v0_3_direct_api_matrix/provider_manifests/deepseek__deepseek_v4_pro__synthetic_jump_tail_c0_v0_3__c0__e1__seed_47__sample_2.json,sha256:1b1972039ee3ca84504158c7b8edba1e6d40e0fa181ea3cda731e1479a131d1c,direct-api,deepseek-v4-pro,api-pinned-2026-07-02,valid,true,
trellm-v0.3-protocol,outputs/v0_3_direct_api_matrix/submissions/deepseek__deepseek_v4_pro__synthetic_jump_tail_c0_v0_3__c0__e1__seed_53__sample_0.json,synthetic_jump_tail_c0_v0_3,deepseek,deepseek-v4-pro,deepseek-v4-pro (api-pinned-2026-07-02),C0,E1,53,0,stress-only;direct-api;live-provider;redacted-prompt,0.0,0.0,0.0,outputs/v0_3_direct_api_matrix/provider_manifests/deepseek__deepseek_v4_pro__synthetic_jump_tail_c0_v0_3__c0__e1__seed_53__sample_0.json,sha256:940ec5393871fdb107c997dc224ec414bc2b210f040a8e0b4f67e526d0f6a003,direct-api,deepseek-v4-pro,api-pinned-2026-07-02,valid,true,
trellm-v0.3-protocol,outputs/v0_3_direct_api_matrix/submissions/deepseek__deepseek_v4_pro__synthetic_jump_tail_c0_v0_3__c0__e1__seed_53__sample_1.json,synthetic_jump_tail_c0_v0_3,deepseek,deepseek-v4-pro,deepseek-v4-pro (api-pinned-2026-07-02),C0,E1,53,1,stress-only;direct-api;live-provider;redacted-prompt,0.0,0.0,0.0,outputs/v0_3_direct_api_matrix/provider_manifests/deepseek__deepseek_v4_pro__synthetic_jump_tail_c0_v0_3__c0__e1__seed_53__sample_1.json,sha256:97fdfcb51ef71f67379f3f5c4816a0a56974b763522a61869d3285b68cec304c,direct-api,deepseek-v4-pro,api-pinned-2026-07-02,valid,true,
trellm-v0.3-protocol,outputs/v0_3_direct_api_matrix/submissions/deepseek__deepseek_v4_pro__synthetic_jump_tail_c0_v0_3__c0__e1__seed_53__sample_2.json,synthetic_jump_tail_c0_v0_3,deepseek,deepseek-v4-pro,deepseek-v4-pro (api-pinned-2026-07-02),C0,E1,53,2,stress-only;direct-api;live-provider;redacted-prompt,0.0,0.0,0.0,outputs/v0_3_direct_api_matrix/provider_manifests/deepseek__deepseek_v4_pro__synthetic_jump_tail_c0_v0_3__c0__e1__seed_53__sample_2.json,sha256:cbfc0a0193aa900436487ac9a556be591aaa243923cad207a78a4e01629cab8a,direct-api,deepseek-v4-pro,api-pinned-2026-07-02,valid,true,
trellm-v0.3-protocol,outputs/v0_3_direct_api_matrix/submissions/deepseek__deepseek_v4_pro__synthetic_jump_tail_c0_v0_3__c0__e1__seed_7__sample_0.json,synthetic_jump_tail_c0_v0_3,deepseek,deepseek-v4-pro,deepseek-v4-pro (api-pinned-2026-07-02),C0,E1,7,0,stress-only;direct-api;live-provider;redacted-prompt,0.0,0.0,0.0,outputs/v0_3_direct_api_matrix/provider_manifests/deepseek__deepseek_v4_pro__synthetic_jump_tail_c0_v0_3__c0__e1__seed_7__sample_0.json,sha256:532b56a925c5b60a01813b04979c0e94aa0e0122fbc817a8a236153cbdaca73e,direct-api,deepseek-v4-pro,api-pinned-2026-07-02,valid,true,
trellm-v0.3-protocol,outputs/v0_3_direct_api_matrix/submissions/deepseek__deepseek_v4_pro__synthetic_jump_tail_c0_v0_3__c0__e1__seed_7__sample_1.json,synthetic_jump_tail_c0_v0_3,deepseek,deepseek-v4-pro,deepseek-v4-pro (api-pinned-2026-07-02),C0,E1,7,1,stress-only;direct-api;live-provider;redacted-prompt,0.0,0.0,0.0,outputs/v0_3_direct_api_matrix/provider_manifests/deepseek__deepseek_v4_pro__synthetic_jump_tail_c0_v0_3__c0__e1__seed_7__sample_1.json,sha256:e457b2826a999b3655617948ec294b9fea0e684c7dfdb30ab1e66a577b14a944,direct-api,deepseek-v4-pro,api-pinned-2026-07-02,valid,true,
trellm-v0.3-protocol,outputs/v0_3_direct_api_matrix/submissions/deepseek__deepseek_v4_pro__synthetic_jump_tail_c0_v0_3__c0__e1__seed_7__sample_2.json,synthetic_jump_tail_c0_v0_3,deepseek,deepseek-v4-pro,deepseek-v4-pro (api-pinned-2026-07-02),C0,E1,7,2,stress-only;direct-api;live-provider;redacted-prompt,0.0,0.0,0.0,outputs/v0_3_direct_api_matrix/provider_manifests/deepseek__deepseek_v4_pro__synthetic_jump_tail_c0_v0_3__c0__e1__seed_7__sample_2.json,sha256:1d5e6d5d83656beb855a8c2edc37d043e95861184b6448dbf9d287ec6e824c29,direct-api,deepseek-v4-pro,api-pinned-2026-07-02,valid,true,
trellm-v0.3-protocol,outputs/v0_3_direct_api_matrix/submissions/glm__glm_5_2__synthetic_calm_trend_c0_v0_3__c0__e0__seed_11__sample_0.json,synthetic_calm_trend_c0_v0_3,glm,glm-5.2,glm-5.2 (api-pinned-2026-07-06),C0,E0,11,0,stress-only;direct-api;live-provider;redacted-prompt,0.281519,0.0,28.811429,outputs/v0_3_direct_api_matrix/provider_manifests/glm__glm_5_2__synthetic_calm_trend_c0_v0_3__c0__e0__seed_11__sample_0.json,sha256:9986f561a53d71164dc7abeaf8bbf04b270e928cc964d11d8ab3810dcb09c6cd,direct-api,glm-5.2,api-pinned-2026-07-06,valid,true,
trellm-v0.3-protocol,outputs/v0_3_direct_api_matrix/submissions/glm__glm_5_2__synthetic_calm_trend_c0_v0_3__c0__e0__seed_11__sample_1.json,synthetic_calm_trend_c0_v0_3,glm,glm-5.2,glm-5.2 (api-pinned-2026-07-06),C0,E0,11,1,stress-only;direct-api;live-provider;redacted-prompt,0.281406,0.0,29.993822,outputs/v0_3_direct_api_matrix/provider_manifests/glm__glm_5_2__synthetic_calm_trend_c0_v0_3__c0__e0__seed_11__sample_1.json,sha256:976c323a00a3784278fbf3c5cb0d6b7131c8b13c186e57e64d014947c849c409,direct-api,glm-5.2,api-pinned-2026-07-06,valid,true,
trellm-v0.3-protocol,outputs/v0_3_direct_api_matrix/submissions/glm__glm_5_2__synthetic_calm_trend_c0_v0_3__c0__e0__seed_11__sample_2.json,synthetic_calm_trend_c0_v0_3,glm,glm-5.2,glm-5.2 (api-pinned-2026-07-06),C0,E0,11,2,stress-only;direct-api;live-provider;redacted-prompt,0.280373,0.0,28.670307,outputs/v0_3_direct_api_matrix/provider_manifests/glm__glm_5_2__synthetic_calm_trend_c0_v0_3__c0__e0__seed_11__sample_2.json,sha256:f00fded05b01191e189287870ba0c9eaf49f31ddd99114e8d18a92696513e00d,direct-api,glm-5.2,api-pinned-2026-07-06,valid,true,
trellm-v0.3-protocol,outputs/v0_3_direct_api_matrix/submissions/glm__glm_5_2__synthetic_calm_trend_c0_v0_3__c0__e0__seed_17__sample_0.json,synthetic_calm_trend_c0_v0_3,glm,glm-5.2,glm-5.2 (api-pinned-2026-07-06),C0,E0,17,0,stress-only;direct-api;live-provider;redacted-prompt,0.218696,-0.000427,23.650992,outputs/v0_3_direct_api_matrix/provider_manifests/glm__glm_5_2__synthetic_calm_trend_c0_v0_3__c0__e0__seed_17__sample_0.json,sha256:2ba02a30c0fbf876009674bc9c781d24a5a85c73c6f0cb5f7c3946d580a84164,direct-api,glm-5.2,api-pinned-2026-07-06,valid,true,
trellm-v0.3-protocol,outputs/v0_3_direct_api_matrix/submissions/glm__glm_5_2__synthetic_calm_trend_c0_v0_3__c0__e0__seed_17__sample_1.json,synthetic_calm_trend_c0_v0_3,glm,glm-5.2,glm-5.2 (api-pinned-2026-07-06),C0,E0,17,1,stress-only;direct-api;live-provider;redacted-prompt,0.222564,0.0,23.988866,outputs/v0_3_direct_api_matrix/provider_manifests/glm__glm_5_2__synthetic_calm_trend_c0_v0_3__c0__e0__seed_17__sample_1.json,sha256:633a13840f30f3a2d7a82d3d161b1264d60a9f74d7ef358c3615d7eaf5812a1e,direct-api,glm-5.2,api-pinned-2026-07-06,valid,true,
trellm-v0.3-protocol,outputs/v0_3_direct_api_matrix/submissions/glm__glm_5_2__synthetic_calm_trend_c0_v0_3__c0__e0__seed_17__sample_2.json,synthetic_calm_trend_c0_v0_3,glm,glm-5.2,glm-5.2 (api-pinned-2026-07-06),C0,E0,17,2,stress-only;direct-api;live-provider;redacted-prompt,0.216101,-0.000595,23.945784,outputs/v0_3_direct_api_matrix/provider_manifests/glm__glm_5_2__synthetic_calm_trend_c0_v0_3__c0__e0__seed_17__sample_2.json,sha256:64eba91bb170000fdce876871429e357d48e8700366e8974715e169146dcb640,direct-api,glm-5.2,api-pinned-2026-07-06,valid,true,
trellm-v0.3-protocol,outputs/v0_3_direct_api_matrix/submissions/glm__glm_5_2__synthetic_calm_trend_c0_v0_3__c0__e0__seed_23__sample_0.json,synthetic_calm_trend_c0_v0_3,glm,glm-5.2,glm-5.2 (api-pinned-2026-07-06),C0,E0,23,0,stress-only;direct-api;live-provider;redacted-prompt,0.253275,0.0,27.804466,outputs/v0_3_direct_api_matrix/provider_manifests/glm__glm_5_2__synthetic_calm_trend_c0_v0_3__c0__e0__seed_23__sample_0.json,sha256:e49e2a9a1fd202cac7bcbc585995406eeb7d4b04d8bf06dfb767a33184658b7a,direct-api,glm-5.2,api-pinned-2026-07-06,valid,true,
trellm-v0.3-protocol,outputs/v0_3_direct_api_matrix/submissions/glm__glm_5_2__synthetic_calm_trend_c0_v0_3__c0__e0__seed_23__sample_1.json,synthetic_calm_trend_c0_v0_3,glm,glm-5.2,glm-5.2 (api-pinned-2026-07-06),C0,E0,23,1,stress-only;direct-api;live-provider;redacted-prompt,0.253099,0.0,29.393689,outputs/v0_3_direct_api_matrix/provider_manifests/glm__glm_5_2__synthetic_calm_trend_c0_v0_3__c0__e0__seed_23__sample_1.json,sha256:70a0437a40b596245b3935418440f62526c9b22d0ed4da7a3b57a00eb9459ff8,direct-api,glm-5.2,api-pinned-2026-07-06,valid,true,
trellm-v0.3-protocol,outputs/v0_3_direct_api_matrix/submissions/glm__glm_5_2__synthetic_calm_trend_c0_v0_3__c0__e0__seed_23__sample_2.json,synthetic_calm_trend_c0_v0_3,glm,glm-5.2,glm-5.2 (api-pinned-2026-07-06),C0,E0,23,2,stress-only;direct-api;live-provider;redacted-prompt,0.255964,0.0,28.581969,outputs/v0_3_direct_api_matrix/provider_manifests/glm__glm_5_2__synthetic_calm_trend_c0_v0_3__c0__e0__seed_23__sample_2.json,sha256:b8ac33dbaedc11fa3313a528b13f26092363a6bdc70794969b3e489310533e53,direct-api,glm-5.2,api-pinned-2026-07-06,valid,true,
trellm-v0.3-protocol,outputs/v0_3_direct_api_matrix/submissions/glm__glm_5_2__synthetic_calm_trend_c0_v0_3__c0__e0__seed_31__sample_0.json,synthetic_calm_trend_c0_v0_3,glm,glm-5.2,glm-5.2 (api-pinned-2026-07-06),C0,E0,31,0,stress-only;direct-api;live-provider;redacted-prompt,0.22817,0.0,31.578811,outputs/v0_3_direct_api_matrix/provider_manifests/glm__glm_5_2__synthetic_calm_trend_c0_v0_3__c0__e0__seed_31__sample_0.json,sha256:0470b47d0ef058ea90e7ce0962214b600104965e76a9757cb70d0c52092c5d10,direct-api,glm-5.2,api-pinned-2026-07-06,valid,true,
trellm-v0.3-protocol,outputs/v0_3_direct_api_matrix/submissions/glm__glm_5_2__synthetic_calm_trend_c0_v0_3__c0__e0__seed_31__sample_1.json,synthetic_calm_trend_c0_v0_3,glm,glm-5.2,glm-5.2 (api-pinned-2026-07-06),C0,E0,31,1,stress-only;direct-api;live-provider;redacted-prompt,0.23223,0.0,31.255417,outputs/v0_3_direct_api_matrix/provider_manifests/glm__glm_5_2__synthetic_calm_trend_c0_v0_3__c0__e0__seed_31__sample_1.json,sha256:256835868d7dd8679a8565098c83678aca4cd4d0970627e78d7b23b2f6d3f064,direct-api,glm-5.2,api-pinned-2026-07-06,valid,true,
trellm-v0.3-protocol,outputs/v0_3_direct_api_matrix/submissions/glm__glm_5_2__synthetic_calm_trend_c0_v0_3__c0__e0__seed_31__sample_2.json,synthetic_calm_trend_c0_v0_3,glm,glm-5.2,glm-5.2 (api-pinned-2026-07-06),C0,E0,31,2,stress-only;direct-api;live-provider;redacted-prompt,0.235521,0.0,31.907713,outputs/v0_3_direct_api_matrix/provider_manifests/glm__glm_5_2__synthetic_calm_trend_c0_v0_3__c0__e0__seed_31__sample_2.json,sha256:dd91e3a1e2d85bbe8f09467dca19cfb5a50d78078c0d3f47bb93e9523e572f40,direct-api,glm-5.2,api-pinned-2026-07-06,valid,true,
trellm-v0.3-protocol,outputs/v0_3_direct_api_matrix/submissions/glm__glm_5_2__synthetic_calm_trend_c0_v0_3__c0__e0__seed_37__sample_0.json,synthetic_calm_trend_c0_v0_3,glm,glm-5.2,glm-5.2 (api-pinned-2026-07-06),C0,E0,37,0,stress-only;direct-api;live-provider;redacted-prompt,0.316412,0.0,39.060924,outputs/v0_3_direct_api_matrix/provider_manifests/glm__glm_5_2__synthetic_calm_trend_c0_v0_3__c0__e0__seed_37__sample_0.json,sha256:210694b0238a6ffbbfb0e10c7630f313a47bf1c3b720a750bce6d7fff37b9912,direct-api,glm-5.2,api-pinned-2026-07-06,valid,true,
trellm-v0.3-protocol,outputs/v0_3_direct_api_matrix/submissions/glm__glm_5_2__synthetic_calm_trend_c0_v0_3__c0__e0__seed_37__sample_1.json,synthetic_calm_trend_c0_v0_3,glm,glm-5.2,glm-5.2 (api-pinned-2026-07-06),C0,E0,37,1,stress-only;direct-api;live-provider;redacted-prompt,0.313041,0.0,38.564931,outputs/v0_3_direct_api_matrix/provider_manifests/glm__glm_5_2__synthetic_calm_trend_c0_v0_3__c0__e0__seed_37__sample_1.json,sha256:454407d90ed1b0ff291f2176d76569aa19420ec8b7170be9bbdbb3e08175aba7,direct-api,glm-5.2,api-pinned-2026-07-06,valid,true,
trellm-v0.3-protocol,outputs/v0_3_direct_api_matrix/submissions/glm__glm_5_2__synthetic_calm_trend_c0_v0_3__c0__e0__seed_37__sample_2.json,synthetic_calm_trend_c0_v0_3,glm,glm-5.2,glm-5.2 (api-pinned-2026-07-06),C0,E0,37,2,stress-only;direct-api;live-provider;redacted-prompt,0.293842,0.0,39.292398,outputs/v0_3_direct_api_matrix/provider_manifests/glm__glm_5_2__synthetic_calm_trend_c0_v0_3__c0__e0__seed_37__sample_2.json,sha256:69191fd1e4d144f4ebac2065226edd084897b876132b8562d0cae1cb1c4d19a3,direct-api,glm-5.2,api-pinned-2026-07-06,valid,true,
trellm-v0.3-protocol,outputs/v0_3_direct_api_matrix/submissions/glm__glm_5_2__synthetic_calm_trend_c0_v0_3__c0__e0__seed_41__sample_0.json,synthetic_calm_trend_c0_v0_3,glm,glm-5.2,glm-5.2 (api-pinned-2026-07-06),C0,E0,41,0,stress-only;direct-api;live-provider;redacted-prompt,0.212553,-3.2e-05,25.950056,outputs/v0_3_direct_api_matrix/provider_manifests/glm__glm_5_2__synthetic_calm_trend_c0_v0_3__c0__e0__seed_41__sample_0.json,sha256:7968d08ede88e5d4d256e4b13cf5dd065047b5e60876b6e8a39cd82a7a85e471,direct-api,glm-5.2,api-pinned-2026-07-06,valid,true,
trellm-v0.3-protocol,outputs/v0_3_direct_api_matrix/submissions/glm__glm_5_2__synthetic_calm_trend_c0_v0_3__c0__e0__seed_41__sample_1.json,synthetic_calm_trend_c0_v0_3,glm,glm-5.2,glm-5.2 (api-pinned-2026-07-06),C0,E0,41,1,stress-only;direct-api;live-provider;redacted-prompt,0.212907,-4.7e-05,26.045095,outputs/v0_3_direct_api_matrix/provider_manifests/glm__glm_5_2__synthetic_calm_trend_c0_v0_3__c0__e0__seed_41__sample_1.json,sha256:21e4bb849521ce54c7dc5010f0bc06eece14513235d6a1a3526b757aaf1635a1,direct-api,glm-5.2,api-pinned-2026-07-06,valid,true,
trellm-v0.3-protocol,outputs/v0_3_direct_api_matrix/submissions/glm__glm_5_2__synthetic_calm_trend_c0_v0_3__c0__e0__seed_41__sample_2.json,synthetic_calm_trend_c0_v0_3,glm,glm-5.2,glm-5.2 (api-pinned-2026-07-06),C0,E0,41,2,stress-only;direct-api;live-provider;redacted-prompt,0.209209,0.0,26.411707,outputs/v0_3_direct_api_matrix/provider_manifests/glm__glm_5_2__synthetic_calm_trend_c0_v0_3__c0__e0__seed_41__sample_2.json,sha256:6a9cf1ddbc17127c4a66c7abf4732277844653b5c5b2a34502ba49634725e027,direct-api,glm-5.2,api-pinned-2026-07-06,valid,true,
trellm-v0.3-protocol,outputs/v0_3_direct_api_matrix/submissions/glm__glm_5_2__synthetic_calm_trend_c0_v0_3__c0__e0__seed_43__sample_0.json,synthetic_calm_trend_c0_v0_3,glm,glm-5.2,glm-5.2 (api-pinned-2026-07-06),C0,E0,43,0,stress-only;direct-api;live-provider;redacted-prompt,0.257846,-0.000161,28.945392,outputs/v0_3_direct_api_matrix/provider_manifests/glm__glm_5_2__synthetic_calm_trend_c0_v0_3__c0__e0__seed_43__sample_0.json,sha256:675b45012308b3ea4f982f391f3bd38a28f25daec623e4ddebf60d6280a40496,direct-api,glm-5.2,api-pinned-2026-07-06,valid,true,
trellm-v0.3-protocol,outputs/v0_3_direct_api_matrix/submissions/glm__glm_5_2__synthetic_calm_trend_c0_v0_3__c0__e0__seed_43__sample_1.json,synthetic_calm_trend_c0_v0_3,glm,glm-5.2,glm-5.2 (api-pinned-2026-07-06),C0,E0,43,1,stress-only;direct-api;live-provider;redacted-prompt,0.226463,-0.001014,28.491602,outputs/v0_3_direct_api_matrix/provider_manifests/glm__glm_5_2__synthetic_calm_trend_c0_v0_3__c0__e0__seed_43__sample_1.json,sha256:0bab2274e56d5c42cc5db0ca43d88cb337587adf62f89456fe37c11ad13ae5d3,direct-api,glm-5.2,api-pinned-2026-07-06,valid,true,
trellm-v0.3-protocol,outputs/v0_3_direct_api_matrix/submissions/glm__glm_5_2__synthetic_calm_trend_c0_v0_3__c0__e0__seed_43__sample_2.json,synthetic_calm_trend_c0_v0_3,glm,glm-5.2,glm-5.2 (api-pinned-2026-07-06),C0,E0,43,2,stress-only;direct-api;live-provider;redacted-prompt,0.257846,-0.000161,28.945392,outputs/v0_3_direct_api_matrix/provider_manifests/glm__glm_5_2__synthetic_calm_trend_c0_v0_3__c0__e0__seed_43__sample_2.json,sha256:50db778b110e98bd6642005d53138f526beb5c601a7c3e6e70e82fd6860bc482,direct-api,glm-5.2,api-pinned-2026-07-06,valid,true,
trellm-v0.3-protocol,outputs/v0_3_direct_api_matrix/submissions/glm__glm_5_2__synthetic_calm_trend_c0_v0_3__c0__e0__seed_47__sample_0.json,synthetic_calm_trend_c0_v0_3,glm,glm-5.2,glm-5.2 (api-pinned-2026-07-06),C0,E0,47,0,stress-only;direct-api;live-provider;redacted-prompt,0.227653,0.0,28.759538,outputs/v0_3_direct_api_matrix/provider_manifests/glm__glm_5_2__synthetic_calm_trend_c0_v0_3__c0__e0__seed_47__sample_0.json,sha256:a6a0923a91efce0876be9db4004bf0f08ab8ad80f88a5fb3258fe655baf74cd5,direct-api,glm-5.2,api-pinned-2026-07-06,valid,true,
trellm-v0.3-protocol,outputs/v0_3_direct_api_matrix/submissions/glm__glm_5_2__synthetic_calm_trend_c0_v0_3__c0__e0__seed_47__sample_1.json,synthetic_calm_trend_c0_v0_3,glm,glm-5.2,glm-5.2 (api-pinned-2026-07-06),C0,E0,47,1,stress-only;direct-api;live-provider;redacted-prompt,0.231164,0.0,27.746231,outputs/v0_3_direct_api_matrix/provider_manifests/glm__glm_5_2__synthetic_calm_trend_c0_v0_3__c0__e0__seed_47__sample_1.json,sha256:8c757637cda31987cc0e364ecf03b97fa43f24570a73663f1434e03f83f84bae,direct-api,glm-5.2,api-pinned-2026-07-06,valid,true,
trellm-v0.3-protocol,outputs/v0_3_direct_api_matrix/submissions/glm__glm_5_2__synthetic_calm_trend_c0_v0_3__c0__e0__seed_47__sample_2.json,synthetic_calm_trend_c0_v0_3,glm,glm-5.2,glm-5.2 (api-pinned-2026-07-06),C0,E0,47,2,stress-only;direct-api;live-provider;redacted-prompt,0.230301,0.0,28.341184,outputs/v0_3_direct_api_matrix/provider_manifests/glm__glm_5_2__synthetic_calm_trend_c0_v0_3__c0__e0__seed_47__sample_2.json,sha256:6181ee0342b815b1ab74d4bdf6cdf602b2c2186f9452dcc2022014cde1e08350,direct-api,glm-5.2,api-pinned-2026-07-06,valid,true,
trellm-v0.3-protocol,outputs/v0_3_direct_api_matrix/submissions/glm__glm_5_2__synthetic_calm_trend_c0_v0_3__c0__e0__seed_53__sample_0.json,synthetic_calm_trend_c0_v0_3,glm,glm-5.2,glm-5.2 (api-pinned-2026-07-06),C0,E0,53,0,stress-only;direct-api;live-provider;redacted-prompt,0.202764,-0.001149,22.609429,outputs/v0_3_direct_api_matrix/provider_manifests/glm__glm_5_2__synthetic_calm_trend_c0_v0_3__c0__e0__seed_53__sample_0.json,sha256:1edfc8f621f063179f950b2d3850484fb0776eb224bf0683c12efb3a42081e9f,direct-api,glm-5.2,api-pinned-2026-07-06,valid,true,
trellm-v0.3-protocol,outputs/v0_3_direct_api_matrix/submissions/glm__glm_5_2__synthetic_calm_trend_c0_v0_3__c0__e0__seed_53__sample_1.json,synthetic_calm_trend_c0_v0_3,glm,glm-5.2,glm-5.2 (api-pinned-2026-07-06),C0,E0,53,1,stress-only;direct-api;live-provider;redacted-prompt,0.200347,-0.001149,21.417274,outputs/v0_3_direct_api_matrix/provider_manifests/glm__glm_5_2__synthetic_calm_trend_c0_v0_3__c0__e0__seed_53__sample_1.json,sha256:8029d51f3c543d5f34859658696cc42f043b172299eef5ca1d9b1292a9ae6c38,direct-api,glm-5.2,api-pinned-2026-07-06,valid,true,
trellm-v0.3-protocol,outputs/v0_3_direct_api_matrix/submissions/glm__glm_5_2__synthetic_calm_trend_c0_v0_3__c0__e0__seed_53__sample_2.json,synthetic_calm_trend_c0_v0_3,glm,glm-5.2,glm-5.2 (api-pinned-2026-07-06),C0,E0,53,2,stress-only;direct-api;live-provider;redacted-prompt,0.192395,-0.001149,22.504488,outputs/v0_3_direct_api_matrix/provider_manifests/glm__glm_5_2__synthetic_calm_trend_c0_v0_3__c0__e0__seed_53__sample_2.json,sha256:b978f76837d62c95287a2037db0965242fc4e1014dbd9846de18b9fef70ccd44,direct-api,glm-5.2,api-pinned-2026-07-06,valid,true,
trellm-v0.3-protocol,outputs/v0_3_direct_api_matrix/submissions/glm__glm_5_2__synthetic_calm_trend_c0_v0_3__c0__e0__seed_7__sample_0.json,synthetic_calm_trend_c0_v0_3,glm,glm-5.2,glm-5.2 (api-pinned-2026-07-06),C0,E0,7,0,stress-only;direct-api;live-provider;redacted-prompt,0.192276,0.0,27.254564,outputs/v0_3_direct_api_matrix/provider_manifests/glm__glm_5_2__synthetic_calm_trend_c0_v0_3__c0__e0__seed_7__sample_0.json,sha256:b31fb6d095cfb31bc1398afbe95beaf1f9202f50abe6f2af65559392eeb7d8e3,direct-api,glm-5.2,api-pinned-2026-07-06,valid,true,
trellm-v0.3-protocol,outputs/v0_3_direct_api_matrix/submissions/glm__glm_5_2__synthetic_calm_trend_c0_v0_3__c0__e0__seed_7__sample_1.json,synthetic_calm_trend_c0_v0_3,glm,glm-5.2,glm-5.2 (api-pinned-2026-07-06),C0,E0,7,1,stress-only;direct-api;live-provider;redacted-prompt,0.1928,0.0,27.413451,outputs/v0_3_direct_api_matrix/provider_manifests/glm__glm_5_2__synthetic_calm_trend_c0_v0_3__c0__e0__seed_7__sample_1.json,sha256:918f13b944562e1e4dc1631b5755a983de3854906f9b6a13ebf5668ffce19566,direct-api,glm-5.2,api-pinned-2026-07-06,valid,true,
trellm-v0.3-protocol,outputs/v0_3_direct_api_matrix/submissions/glm__glm_5_2__synthetic_calm_trend_c0_v0_3__c0__e0__seed_7__sample_2.json,synthetic_calm_trend_c0_v0_3,glm,glm-5.2,glm-5.2 (api-pinned-2026-07-06),C0,E0,7,2,stress-only;direct-api;live-provider;redacted-prompt,0.200046,-0.006348,24.906634,outputs/v0_3_direct_api_matrix/provider_manifests/glm__glm_5_2__synthetic_calm_trend_c0_v0_3__c0__e0__seed_7__sample_2.json,sha256:01646e519b94baf3dec5220efb8f434c387d7642e28f8a83c7b84473f5de4631,direct-api,glm-5.2,api-pinned-2026-07-06,valid,true,
trellm-v0.3-protocol,outputs/v0_3_direct_api_matrix/submissions/glm__glm_5_2__synthetic_calm_trend_c0_v0_3__c0__e1__seed_11__sample_0.json,synthetic_calm_trend_c0_v0_3,glm,glm-5.2,glm-5.2 (api-pinned-2026-07-06),C0,E1,11,0,stress-only;direct-api;live-provider;redacted-prompt,0.253918,-0.001024,22.794368,outputs/v0_3_direct_api_matrix/provider_manifests/glm__glm_5_2__synthetic_calm_trend_c0_v0_3__c0__e1__seed_11__sample_0.json,sha256:e3d571d575ee58e07c3c581aae90064995131b52942fc61162af4d986c27c982,direct-api,glm-5.2,api-pinned-2026-07-06,valid,true,
trellm-v0.3-protocol,outputs/v0_3_direct_api_matrix/submissions/glm__glm_5_2__synthetic_calm_trend_c0_v0_3__c0__e1__seed_11__sample_1.json,synthetic_calm_trend_c0_v0_3,glm,glm-5.2,glm-5.2 (api-pinned-2026-07-06),C0,E1,11,1,stress-only;direct-api;live-provider;redacted-prompt,0.266442,-0.001567,24.027499,outputs/v0_3_direct_api_matrix/provider_manifests/glm__glm_5_2__synthetic_calm_trend_c0_v0_3__c0__e1__seed_11__sample_1.json,sha256:95f7fe809918c177583194c2541c62b3ebe262b28f2b778e59876487ec0097e0,direct-api,glm-5.2,api-pinned-2026-07-06,valid,true,
trellm-v0.3-protocol,outputs/v0_3_direct_api_matrix/submissions/glm__glm_5_2__synthetic_calm_trend_c0_v0_3__c0__e1__seed_11__sample_2.json,synthetic_calm_trend_c0_v0_3,glm,glm-5.2,glm-5.2 (api-pinned-2026-07-06),C0,E1,11,2,stress-only;direct-api;live-provider;redacted-prompt,0.234789,-0.001567,21.236287,outputs/v0_3_direct_api_matrix/provider_manifests/glm__glm_5_2__synthetic_calm_trend_c0_v0_3__c0__e1__seed_11__sample_2.json,sha256:2d5916c27d5824caa1d1fb1fbdb5d076fa8bad15305630d37e7e68dc58e2faaf,direct-api,glm-5.2,api-pinned-2026-07-06,valid,true,
trellm-v0.3-protocol,outputs/v0_3_direct_api_matrix/submissions/glm__glm_5_2__synthetic_calm_trend_c0_v0_3__c0__e1__seed_17__sample_0.json,synthetic_calm_trend_c0_v0_3,glm,glm-5.2,glm-5.2 (api-pinned-2026-07-06),C0,E1,17,0,stress-only;direct-api;live-provider;redacted-prompt,0.19962,-0.00179,16.562853,outputs/v0_3_direct_api_matrix/provider_manifests/glm__glm_5_2__synthetic_calm_trend_c0_v0_3__c0__e1__seed_17__sample_0.json,sha256:fa7e024c7ef164b644501fe30e5b90734ad8e46f67ef0498673f6cbba5f919d3,direct-api,glm-5.2,api-pinned-2026-07-06,valid,true,
trellm-v0.3-protocol,outputs/v0_3_direct_api_matrix/submissions/glm__glm_5_2__synthetic_calm_trend_c0_v0_3__c0__e1__seed_17__sample_1.json,synthetic_calm_trend_c0_v0_3,glm,glm-5.2,glm-5.2 (api-pinned-2026-07-06),C0,E1,17,1,stress-only;direct-api;live-provider;redacted-prompt,0.165041,-0.001771,15.619526,outputs/v0_3_direct_api_matrix/provider_manifests/glm__glm_5_2__synthetic_calm_trend_c0_v0_3__c0__e1__seed_17__sample_1.json,sha256:2d83caadef504a516d41ca11673dd018c9ef30a0649efe319690d9eccd60ead1,direct-api,glm-5.2,api-pinned-2026-07-06,valid,true,
trellm-v0.3-protocol,outputs/v0_3_direct_api_matrix/submissions/glm__glm_5_2__synthetic_calm_trend_c0_v0_3__c0__e1__seed_17__sample_2.json,synthetic_calm_trend_c0_v0_3,glm,glm-5.2,glm-5.2 (api-pinned-2026-07-06),C0,E1,17,2,stress-only;direct-api;live-provider;redacted-prompt,0.201991,-0.001455,19.6707,outputs/v0_3_direct_api_matrix/provider_manifests/glm__glm_5_2__synthetic_calm_trend_c0_v0_3__c0__e1__seed_17__sample_2.json,sha256:74300fd44ed7202fed4990947ca2fe5c9b0d31c6fe9715ccf3e5af92d0180f4e,direct-api,glm-5.2,api-pinned-2026-07-06,valid,true,
trellm-v0.3-protocol,outputs/v0_3_direct_api_matrix/submissions/glm__glm_5_2__synthetic_calm_trend_c0_v0_3__c0__e1__seed_23__sample_0.json,synthetic_calm_trend_c0_v0_3,glm,glm-5.2,glm-5.2 (api-pinned-2026-07-06),C0,E1,23,0,stress-only;direct-api;live-provider;redacted-prompt,0.223981,-0.000911,21.434638,outputs/v0_3_direct_api_matrix/provider_manifests/glm__glm_5_2__synthetic_calm_trend_c0_v0_3__c0__e1__seed_23__sample_0.json,sha256:1cfb6106849d14bcb074458488ede779ac4d45d161d9e21e6a25422d4aed93ce,direct-api,glm-5.2,api-pinned-2026-07-06,valid,true,
trellm-v0.3-protocol,outputs/v0_3_direct_api_matrix/submissions/glm__glm_5_2__synthetic_calm_trend_c0_v0_3__c0__e1__seed_23__sample_1.json,synthetic_calm_trend_c0_v0_3,glm,glm-5.2,glm-5.2 (api-pinned-2026-07-06),C0,E1,23,1,stress-only;direct-api;live-provider;redacted-prompt,0.263138,-0.000911,23.003423,outputs/v0_3_direct_api_matrix/provider_manifests/glm__glm_5_2__synthetic_calm_trend_c0_v0_3__c0__e1__seed_23__sample_1.json,sha256:512a7975d16c2506d0ce684784209e699b80e419e039b2a7281e30b63e7f42a2,direct-api,glm-5.2,api-pinned-2026-07-06,valid,true,
trellm-v0.3-protocol,outputs/v0_3_direct_api_matrix/submissions/glm__glm_5_2__synthetic_calm_trend_c0_v0_3__c0__e1__seed_23__sample_2.json,synthetic_calm_trend_c0_v0_3,glm,glm-5.2,glm-5.2 (api-pinned-2026-07-06),C0,E1,23,2,stress-only;direct-api;live-provider;redacted-prompt,0.268442,-0.000911,24.838571,outputs/v0_3_direct_api_matrix/provider_manifests/glm__glm_5_2__synthetic_calm_trend_c0_v0_3__c0__e1__seed_23__sample_2.json,sha256:b391cbedea018e6448e6f4f29f76ac5bbff2ab9311ae09542b8b428edd47934e,direct-api,glm-5.2,api-pinned-2026-07-06,valid,true,
trellm-v0.3-protocol,outputs/v0_3_direct_api_matrix/submissions/glm__glm_5_2__synthetic_calm_trend_c0_v0_3__c0__e1__seed_31__sample_0.json,synthetic_calm_trend_c0_v0_3,glm,glm-5.2,glm-5.2 (api-pinned-2026-07-06),C0,E1,31,0,stress-only;direct-api;live-provider;redacted-prompt,0.219759,-0.001118,25.349738,outputs/v0_3_direct_api_matrix/provider_manifests/glm__glm_5_2__synthetic_calm_trend_c0_v0_3__c0__e1__seed_31__sample_0.json,sha256:9f843b8b7c38dbbb51301dbbbcf55a9a37418208ef0f85e044ec5c8425116800,direct-api,glm-5.2,api-pinned-2026-07-06,valid,true,
trellm-v0.3-protocol,outputs/v0_3_direct_api_matrix/submissions/glm__glm_5_2__synthetic_calm_trend_c0_v0_3__c0__e1__seed_31__sample_1.json,synthetic_calm_trend_c0_v0_3,glm,glm-5.2,glm-5.2 (api-pinned-2026-07-06),C0,E1,31,1,stress-only;direct-api;live-provider;redacted-prompt,0.219631,-0.000835,23.268652,outputs/v0_3_direct_api_matrix/provider_manifests/glm__glm_5_2__synthetic_calm_trend_c0_v0_3__c0__e1__seed_31__sample_1.json,sha256:94f9e818f8d7b2e9a77095cfe9b6e2316d5d21089873b726b8701dde758df666,direct-api,glm-5.2,api-pinned-2026-07-06,valid,true,
trellm-v0.3-protocol,outputs/v0_3_direct_api_matrix/submissions/glm__glm_5_2__synthetic_calm_trend_c0_v0_3__c0__e1__seed_31__sample_2.json,synthetic_calm_trend_c0_v0_3,glm,glm-5.2,glm-5.2 (api-pinned-2026-07-06),C0,E1,31,2,stress-only;direct-api;live-provider;redacted-prompt,0.22155,-0.000835,26.069227,outputs/v0_3_direct_api_matrix/provider_manifests/glm__glm_5_2__synthetic_calm_trend_c0_v0_3__c0__e1__seed_31__sample_2.json,sha256:427fd8d1359052a269e2c081900ba15f1c143a807d99ebec97a8ae36485caab2,direct-api,glm-5.2,api-pinned-2026-07-06,valid,true,
trellm-v0.3-protocol,outputs/v0_3_direct_api_matrix/submissions/glm__glm_5_2__synthetic_calm_trend_c0_v0_3__c0__e1__seed_37__sample_0.json,synthetic_calm_trend_c0_v0_3,glm,glm-5.2,glm-5.2 (api-pinned-2026-07-06),C0,E1,37,0,stress-only;direct-api;live-provider;redacted-prompt,0.274858,-0.001329,25.225936,outputs/v0_3_direct_api_matrix/provider_manifests/glm__glm_5_2__synthetic_calm_trend_c0_v0_3__c0__e1__seed_37__sample_0.json,sha256:25492e1cb85aba91507dc45292d5749db99e686f7b87317ac83460924884c1c7,direct-api,glm-5.2,api-pinned-2026-07-06,valid,true,
trellm-v0.3-protocol,outputs/v0_3_direct_api_matrix/submissions/glm__glm_5_2__synthetic_calm_trend_c0_v0_3__c0__e1__seed_37__sample_1.json,synthetic_calm_trend_c0_v0_3,glm,glm-5.2,glm-5.2 (api-pinned-2026-07-06),C0,E1,37,1,stress-only;direct-api;live-provider;redacted-prompt,0.271443,-0.001325,23.57785,outputs/v0_3_direct_api_matrix/provider_manifests/glm__glm_5_2__synthetic_calm_trend_c0_v0_3__c0__e1__seed_37__sample_1.json,sha256:161f9cb087a044f8302e347a2ebbe54639c363cd24378ca50fed02ce1a267f22,direct-api,glm-5.2,api-pinned-2026-07-06,valid,true,
trellm-v0.3-protocol,outputs/v0_3_direct_api_matrix/submissions/glm__glm_5_2__synthetic_calm_trend_c0_v0_3__c0__e1__seed_37__sample_2.json,synthetic_calm_trend_c0_v0_3,glm,glm-5.2,glm-5.2 (api-pinned-2026-07-06),C0,E1,37,2,stress-only;direct-api;live-provider;redacted-prompt,0.267633,-0.001329,23.256468,outputs/v0_3_direct_api_matrix/provider_manifests/glm__glm_5_2__synthetic_calm_trend_c0_v0_3__c0__e1__seed_37__sample_2.json,sha256:f348ad9c7ae23ca14ae81c9ac75a277b2088a8200d658f7b957e9fefb7095283,direct-api,glm-5.2,api-pinned-2026-07-06,valid,true,
trellm-v0.3-protocol,outputs/v0_3_direct_api_matrix/submissions/glm__glm_5_2__synthetic_calm_trend_c0_v0_3__c0__e1__seed_41__sample_0.json,synthetic_calm_trend_c0_v0_3,glm,glm-5.2,glm-5.2 (api-pinned-2026-07-06),C0,E1,41,0,stress-only;direct-api;live-provider;redacted-prompt,0.198782,-0.001725,21.112553,outputs/v0_3_direct_api_matrix/provider_manifests/glm__glm_5_2__synthetic_calm_trend_c0_v0_3__c0__e1__seed_41__sample_0.json,sha256:5f631e3eecad38e61974511bf01fdec5fce05ac5c465cad55e47bc5be71cd303,direct-api,glm-5.2,api-pinned-2026-07-06,valid,true,
trellm-v0.3-protocol,outputs/v0_3_direct_api_matrix/submissions/glm__glm_5_2__synthetic_calm_trend_c0_v0_3__c0__e1__seed_41__sample_1.json,synthetic_calm_trend_c0_v0_3,glm,glm-5.2,glm-5.2 (api-pinned-2026-07-06),C0,E1,41,1,stress-only;direct-api;live-provider;redacted-prompt,0.20603,-0.000776,23.459406,outputs/v0_3_direct_api_matrix/provider_manifests/glm__glm_5_2__synthetic_calm_trend_c0_v0_3__c0__e1__seed_41__sample_1.json,sha256:a2db12f39902f744207330843dc2d7bfe2235253c6ecb60fa657f4752c9fa298,direct-api,glm-5.2,api-pinned-2026-07-06,valid,true,
trellm-v0.3-protocol,outputs/v0_3_direct_api_matrix/submissions/glm__glm_5_2__synthetic_calm_trend_c0_v0_3__c0__e1__seed_41__sample_2.json,synthetic_calm_trend_c0_v0_3,glm,glm-5.2,glm-5.2 (api-pinned-2026-07-06),C0,E1,41,2,stress-only;direct-api;live-provider;redacted-prompt,0.200782,-0.001848,20.326523,outputs/v0_3_direct_api_matrix/provider_manifests/glm__glm_5_2__synthetic_calm_trend_c0_v0_3__c0__e1__seed_41__sample_2.json,sha256:7478d8a5c1ed126558332c1046e5b5d65235c82ab4ed07bc44c59156efd306eb,direct-api,glm-5.2,api-pinned-2026-07-06,valid,true,
trellm-v0.3-protocol,outputs/v0_3_direct_api_matrix/submissions/glm__glm_5_2__synthetic_calm_trend_c0_v0_3__c0__e1__seed_43__sample_0.json,synthetic_calm_trend_c0_v0_3,glm,glm-5.2,glm-5.2 (api-pinned-2026-07-06),C0,E1,43,0,stress-only;direct-api;live-provider;redacted-prompt,0.222863,-0.005477,19.675317,outputs/v0_3_direct_api_matrix/provider_manifests/glm__glm_5_2__synthetic_calm_trend_c0_v0_3__c0__e1__seed_43__sample_0.json,sha256:86f154f5ee6390209a59835845377a50932e7951cf857c9b773e5cf480227bbc,direct-api,glm-5.2,api-pinned-2026-07-06,valid,true,
trellm-v0.3-protocol,outputs/v0_3_direct_api_matrix/submissions/glm__glm_5_2__synthetic_calm_trend_c0_v0_3__c0__e1__seed_43__sample_1.json,synthetic_calm_trend_c0_v0_3,glm,glm-5.2,glm-5.2 (api-pinned-2026-07-06),C0,E1,43,1,stress-only;direct-api;live-provider;redacted-prompt,0.224446,-0.001068,24.802928,outputs/v0_3_direct_api_matrix/provider_manifests/glm__glm_5_2__synthetic_calm_trend_c0_v0_3__c0__e1__seed_43__sample_1.json,sha256:93ab77dd98f8980ecf0c7b8afcd3e0e413338e464af4430fc9a5d629c21897f7,direct-api,glm-5.2,api-pinned-2026-07-06,valid,true,
trellm-v0.3-protocol,outputs/v0_3_direct_api_matrix/submissions/glm__glm_5_2__synthetic_calm_trend_c0_v0_3__c0__e1__seed_43__sample_2.json,synthetic_calm_trend_c0_v0_3,glm,glm-5.2,glm-5.2 (api-pinned-2026-07-06),C0,E1,43,2,stress-only;direct-api;live-provider;redacted-prompt,0.209845,-0.005273,23.345333,outputs/v0_3_direct_api_matrix/provider_manifests/glm__glm_5_2__synthetic_calm_trend_c0_v0_3__c0__e1__seed_43__sample_2.json,sha256:7793f8c850a9aa274ff5cc7d6324828a1a8502c2ce0daf4f503cc3599a9e0194,direct-api,glm-5.2,api-pinned-2026-07-06,valid,true,
trellm-v0.3-protocol,outputs/v0_3_direct_api_matrix/submissions/glm__glm_5_2__synthetic_calm_trend_c0_v0_3__c0__e1__seed_47__sample_0.json,synthetic_calm_trend_c0_v0_3,glm,glm-5.2,glm-5.2 (api-pinned-2026-07-06),C0,E1,47,0,stress-only;direct-api;live-provider;redacted-prompt,0.202977,-0.001124,22.181521,outputs/v0_3_direct_api_matrix/provider_manifests/glm__glm_5_2__synthetic_calm_trend_c0_v0_3__c0__e1__seed_47__sample_0.json,sha256:0bee33b00d7bf37fbe0b5e6c5b2f25201ce225468e1e2c7591d37431a3955441,direct-api,glm-5.2,api-pinned-2026-07-06,valid,true,
trellm-v0.3-protocol,outputs/v0_3_direct_api_matrix/submissions/glm__glm_5_2__synthetic_calm_trend_c0_v0_3__c0__e1__seed_47__sample_1.json,synthetic_calm_trend_c0_v0_3,glm,glm-5.2,glm-5.2 (api-pinned-2026-07-06),C0,E1,47,1,stress-only;direct-api;live-provider;redacted-prompt,0.212872,-0.001315,21.824579,outputs/v0_3_direct_api_matrix/provider_manifests/glm__glm_5_2__synthetic_calm_trend_c0_v0_3__c0__e1__seed_47__sample_1.json,sha256:610daad35ad20666ab8bebcb061cf228ab19680d7a4d2eb660ad348e150f1944,direct-api,glm-5.2,api-pinned-2026-07-06,valid,true,
trellm-v0.3-protocol,outputs/v0_3_direct_api_matrix/submissions/glm__glm_5_2__synthetic_calm_trend_c0_v0_3__c0__e1__seed_47__sample_2.json,synthetic_calm_trend_c0_v0_3,glm,glm-5.2,glm-5.2 (api-pinned-2026-07-06),C0,E1,47,2,stress-only;direct-api;live-provider;redacted-prompt,0.206275,-0.001124,21.536063,outputs/v0_3_direct_api_matrix/provider_manifests/glm__glm_5_2__synthetic_calm_trend_c0_v0_3__c0__e1__seed_47__sample_2.json,sha256:b1ab2d1cb1618e4b71a5f1b905b6d7be8d1f0bd427504b3310f8d0762fd61a18,direct-api,glm-5.2,api-pinned-2026-07-06,valid,true,
trellm-v0.3-protocol,outputs/v0_3_direct_api_matrix/submissions/glm__glm_5_2__synthetic_calm_trend_c0_v0_3__c0__e1__seed_53__sample_0.json,synthetic_calm_trend_c0_v0_3,glm,glm-5.2,glm-5.2 (api-pinned-2026-07-06),C0,E1,53,0,stress-only;direct-api;live-provider;redacted-prompt,0.165684,-0.001314,21.918289,outputs/v0_3_direct_api_matrix/provider_manifests/glm__glm_5_2__synthetic_calm_trend_c0_v0_3__c0__e1__seed_53__sample_0.json,sha256:91fd12c5662bbcbc625464bb8c73f96cbabb17c8c65c844c69dc9da97fdafea5,direct-api,glm-5.2,api-pinned-2026-07-06,valid,true,
trellm-v0.3-protocol,outputs/v0_3_direct_api_matrix/submissions/glm__glm_5_2__synthetic_calm_trend_c0_v0_3__c0__e1__seed_53__sample_1.json,synthetic_calm_trend_c0_v0_3,glm,glm-5.2,glm-5.2 (api-pinned-2026-07-06),C0,E1,53,1,stress-only;direct-api;live-provider;redacted-prompt,0.176827,-0.001809,23.529869,outputs/v0_3_direct_api_matrix/provider_manifests/glm__glm_5_2__synthetic_calm_trend_c0_v0_3__c0__e1__seed_53__sample_1.json,sha256:07d891027951c250cb022f2c60cd8d6eedab49332659515dee346311e73d366c,direct-api,glm-5.2,api-pinned-2026-07-06,valid,true,
trellm-v0.3-protocol,outputs/v0_3_direct_api_matrix/submissions/glm__glm_5_2__synthetic_calm_trend_c0_v0_3__c0__e1__seed_53__sample_2.json,synthetic_calm_trend_c0_v0_3,glm,glm-5.2,glm-5.2 (api-pinned-2026-07-06),C0,E1,53,2,stress-only;direct-api;live-provider;redacted-prompt,0.18557,-0.001178,23.646996,outputs/v0_3_direct_api_matrix/provider_manifests/glm__glm_5_2__synthetic_calm_trend_c0_v0_3__c0__e1__seed_53__sample_2.json,sha256:fc85e053af1ccd6144c54ee310dcb62182456694a9ca23d0b298e47c9107bcde,direct-api,glm-5.2,api-pinned-2026-07-06,valid,true,
trellm-v0.3-protocol,outputs/v0_3_direct_api_matrix/submissions/glm__glm_5_2__synthetic_calm_trend_c0_v0_3__c0__e1__seed_7__sample_0.json,synthetic_calm_trend_c0_v0_3,glm,glm-5.2,glm-5.2 (api-pinned-2026-07-06),C0,E1,7,0,stress-only;direct-api;live-provider;redacted-prompt,0.19522,-0.001494,25.907609,outputs/v0_3_direct_api_matrix/provider_manifests/glm__glm_5_2__synthetic_calm_trend_c0_v0_3__c0__e1__seed_7__sample_0.json,sha256:b0ebd873586b884e7cf2c1572451b76c027e9398309499f0afe13b3ee4b8c273,direct-api,glm-5.2,api-pinned-2026-07-06,valid,true,
trellm-v0.3-protocol,outputs/v0_3_direct_api_matrix/submissions/glm__glm_5_2__synthetic_calm_trend_c0_v0_3__c0__e1__seed_7__sample_1.json,synthetic_calm_trend_c0_v0_3,glm,glm-5.2,glm-5.2 (api-pinned-2026-07-06),C0,E1,7,1,stress-only;direct-api;live-provider;redacted-prompt,0.174918,-0.006047,23.798379,outputs/v0_3_direct_api_matrix/provider_manifests/glm__glm_5_2__synthetic_calm_trend_c0_v0_3__c0__e1__seed_7__sample_1.json,sha256:2cd27bfc685f9267e5f68776399162139590b4a9529a60b151f0accea1d0dcc3,direct-api,glm-5.2,api-pinned-2026-07-06,valid,true,
trellm-v0.3-protocol,outputs/v0_3_direct_api_matrix/submissions/glm__glm_5_2__synthetic_calm_trend_c0_v0_3__c0__e1__seed_7__sample_2.json,synthetic_calm_trend_c0_v0_3,glm,glm-5.2,glm-5.2 (api-pinned-2026-07-06),C0,E1,7,2,stress-only;direct-api;live-provider;redacted-prompt,0.181063,-0.005989,21.442047,outputs/v0_3_direct_api_matrix/provider_manifests/glm__glm_5_2__synthetic_calm_trend_c0_v0_3__c0__e1__seed_7__sample_2.json,sha256:e3ce49356e1ebad293b67a3538528ecf63129cfc02dfd9f4d13573a220d9bb91,direct-api,glm-5.2,api-pinned-2026-07-06,valid,true,
trellm-v0.3-protocol,outputs/v0_3_direct_api_matrix/submissions/glm__glm_5_2__synthetic_high_volatility_c0_v0_3__c0__e0__seed_11__sample_0.json,synthetic_high_volatility_c0_v0_3,glm,glm-5.2,glm-5.2 (api-pinned-2026-07-06),C0,E0,11,0,stress-only;direct-api;live-provider;redacted-prompt,0.360452,-0.007865,18.553653,outputs/v0_3_direct_api_matrix/provider_manifests/glm__glm_5_2__synthetic_high_volatility_c0_v0_3__c0__e0__seed_11__sample_0.json,sha256:b59ebf2ba32c201afa4e84f218c7f5c537f63cd91bf9151838988c738e25a25e,direct-api,glm-5.2,api-pinned-2026-07-06,valid,true,
trellm-v0.3-protocol,outputs/v0_3_direct_api_matrix/submissions/glm__glm_5_2__synthetic_high_volatility_c0_v0_3__c0__e0__seed_11__sample_1.json,synthetic_high_volatility_c0_v0_3,glm,glm-5.2,glm-5.2 (api-pinned-2026-07-06),C0,E0,11,1,stress-only;direct-api;live-provider;redacted-prompt,0.344734,-0.007865,18.922198,outputs/v0_3_direct_api_matrix/provider_manifests/glm__glm_5_2__synthetic_high_volatility_c0_v0_3__c0__e0__seed_11__sample_1.json,sha256:4c08f8e4af5b6ef073493f743c9d7e76e6fa0ad79d860ad9a5c60ad843dd3fee,direct-api,glm-5.2,api-pinned-2026-07-06,valid,true,
trellm-v0.3-protocol,outputs/v0_3_direct_api_matrix/submissions/glm__glm_5_2__synthetic_high_volatility_c0_v0_3__c0__e0__seed_11__sample_2.json,synthetic_high_volatility_c0_v0_3,glm,glm-5.2,glm-5.2 (api-pinned-2026-07-06),C0,E0,11,2,stress-only;direct-api;live-provider;redacted-prompt,0.356973,-0.007865,18.674295,outputs/v0_3_direct_api_matrix/provider_manifests/glm__glm_5_2__synthetic_high_volatility_c0_v0_3__c0__e0__seed_11__sample_2.json,sha256:3b76c30c8df573f7db13df9df7d01b0909eadfd63cdfbd561aa32b04aeab2620,direct-api,glm-5.2,api-pinned-2026-07-06,valid,true,
trellm-v0.3-protocol,outputs/v0_3_direct_api_matrix/submissions/glm__glm_5_2__synthetic_high_volatility_c0_v0_3__c0__e0__seed_17__sample_0.json,synthetic_high_volatility_c0_v0_3,glm,glm-5.2,glm-5.2 (api-pinned-2026-07-06),C0,E0,17,0,stress-only;direct-api;live-provider;redacted-prompt,0.214855,-0.012596,11.796518,outputs/v0_3_direct_api_matrix/provider_manifests/glm__glm_5_2__synthetic_high_volatility_c0_v0_3__c0__e0__seed_17__sample_0.json,sha256:124f09a184cd8420c40009fe3316213a286b540a6adef93a31e466139dd0fa63,direct-api,glm-5.2,api-pinned-2026-07-06,valid,true,
trellm-v0.3-protocol,outputs/v0_3_direct_api_matrix/submissions/glm__glm_5_2__synthetic_high_volatility_c0_v0_3__c0__e0__seed_17__sample_1.json,synthetic_high_volatility_c0_v0_3,glm,glm-5.2,glm-5.2 (api-pinned-2026-07-06),C0,E0,17,1,stress-only;direct-api;live-provider;redacted-prompt,0.211524,-0.012619,11.672478,outputs/v0_3_direct_api_matrix/provider_manifests/glm__glm_5_2__synthetic_high_volatility_c0_v0_3__c0__e0__seed_17__sample_1.json,sha256:3b874d6f829d021602c223ba35e8e5df728f3838024084f27a410f99d88f62c9,direct-api,glm-5.2,api-pinned-2026-07-06,valid,true,
trellm-v0.3-protocol,outputs/v0_3_direct_api_matrix/submissions/glm__glm_5_2__synthetic_high_volatility_c0_v0_3__c0__e0__seed_17__sample_2.json,synthetic_high_volatility_c0_v0_3,glm,glm-5.2,glm-5.2 (api-pinned-2026-07-06),C0,E0,17,2,stress-only;direct-api;live-provider;redacted-prompt,0.216695,-0.012619,11.448518,outputs/v0_3_direct_api_matrix/provider_manifests/glm__glm_5_2__synthetic_high_volatility_c0_v0_3__c0__e0__seed_17__sample_2.json,sha256:332b0ba2d5d1bbfcac816ac85dac51f5bbcb702e1b0cdd2ac31362fef38b2cec,direct-api,glm-5.2,api-pinned-2026-07-06,valid,true,
trellm-v0.3-protocol,outputs/v0_3_direct_api_matrix/submissions/glm__glm_5_2__synthetic_high_volatility_c0_v0_3__c0__e0__seed_23__sample_0.json,synthetic_high_volatility_c0_v0_3,glm,glm-5.2,glm-5.2 (api-pinned-2026-07-06),C0,E0,23,0,stress-only;direct-api;live-provider;redacted-prompt,0.300123,-0.005134,17.812144,outputs/v0_3_direct_api_matrix/provider_manifests/glm__glm_5_2__synthetic_high_volatility_c0_v0_3__c0__e0__seed_23__sample_0.json,sha256:ca35083cb914b7486f5501c68f9277085c3d5e8fb9106690965040cd840b8d53,direct-api,glm-5.2,api-pinned-2026-07-06,valid,true,
trellm-v0.3-protocol,outputs/v0_3_direct_api_matrix/submissions/glm__glm_5_2__synthetic_high_volatility_c0_v0_3__c0__e0__seed_23__sample_1.json,synthetic_high_volatility_c0_v0_3,glm,glm-5.2,glm-5.2 (api-pinned-2026-07-06),C0,E0,23,1,stress-only;direct-api;live-provider;redacted-prompt,0.29493,-0.00523,17.040144,outputs/v0_3_direct_api_matrix/provider_manifests/glm__glm_5_2__synthetic_high_volatility_c0_v0_3__c0__e0__seed_23__sample_1.json,sha256:8af5b3cb28a0b4c72d16c606a07dba0d66974b6ceaf1c02cc9f21eb22144f1cb,direct-api,glm-5.2,api-pinned-2026-07-06,valid,true,
trellm-v0.3-protocol,outputs/v0_3_direct_api_matrix/submissions/glm__glm_5_2__synthetic_high_volatility_c0_v0_3__c0__e0__seed_23__sample_2.json,synthetic_high_volatility_c0_v0_3,glm,glm-5.2,glm-5.2 (api-pinned-2026-07-06),C0,E0,23,2,stress-only;direct-api;live-provider;redacted-prompt,0.301485,-0.004,16.984852,outputs/v0_3_direct_api_matrix/provider_manifests/glm__glm_5_2__synthetic_high_volatility_c0_v0_3__c0__e0__seed_23__sample_2.json,sha256:ff054c9abc6f8bf6c84bacd841e70981f1ddb8fba7eb774d393bd1d1ffaa10d8,direct-api,glm-5.2,api-pinned-2026-07-06,valid,true,
trellm-v0.3-protocol,outputs/v0_3_direct_api_matrix/submissions/glm__glm_5_2__synthetic_high_volatility_c0_v0_3__c0__e0__seed_31__sample_0.json,synthetic_high_volatility_c0_v0_3,glm,glm-5.2,glm-5.2 (api-pinned-2026-07-06),C0,E0,31,0,stress-only;direct-api;live-provider;redacted-prompt,0.236256,-0.004555,17.494548,outputs/v0_3_direct_api_matrix/provider_manifests/glm__glm_5_2__synthetic_high_volatility_c0_v0_3__c0__e0__seed_31__sample_0.json,sha256:f7fdccad97c86776b5821047ab68149c924653e34b4f837993f899814485b593,direct-api,glm-5.2,api-pinned-2026-07-06,valid,true,
trellm-v0.3-protocol,outputs/v0_3_direct_api_matrix/submissions/glm__glm_5_2__synthetic_high_volatility_c0_v0_3__c0__e0__seed_31__sample_1.json,synthetic_high_volatility_c0_v0_3,glm,glm-5.2,glm-5.2 (api-pinned-2026-07-06),C0,E0,31,1,stress-only;direct-api;live-provider;redacted-prompt,0.230775,-0.005583,17.851277,outputs/v0_3_direct_api_matrix/provider_manifests/glm__glm_5_2__synthetic_high_volatility_c0_v0_3__c0__e0__seed_31__sample_1.json,sha256:eecdbddd2b9a69f2de4616d3edd6c480b9982c49203fd2fbb28d6707990b6618,direct-api,glm-5.2,api-pinned-2026-07-06,valid,true,
trellm-v0.3-protocol,outputs/v0_3_direct_api_matrix/submissions/glm__glm_5_2__synthetic_high_volatility_c0_v0_3__c0__e0__seed_31__sample_2.json,synthetic_high_volatility_c0_v0_3,glm,glm-5.2,glm-5.2 (api-pinned-2026-07-06),C0,E0,31,2,stress-only;direct-api;live-provider;redacted-prompt,0.234707,-0.006613,17.324531,outputs/v0_3_direct_api_matrix/provider_manifests/glm__glm_5_2__synthetic_high_volatility_c0_v0_3__c0__e0__seed_31__sample_2.json,sha256:27ddf6408137f41e552b9497a71f874e97a39ce88b5222d3e07015a4906cfcce,direct-api,glm-5.2,api-pinned-2026-07-06,valid,true,
trellm-v0.3-protocol,outputs/v0_3_direct_api_matrix/submissions/glm__glm_5_2__synthetic_high_volatility_c0_v0_3__c0__e0__seed_37__sample_0.json,synthetic_high_volatility_c0_v0_3,glm,glm-5.2,glm-5.2 (api-pinned-2026-07-06),C0,E0,37,0,stress-only;direct-api;live-provider;redacted-prompt,0.419814,-0.002515,25.717425,outputs/v0_3_direct_api_matrix/provider_manifests/glm__glm_5_2__synthetic_high_volatility_c0_v0_3__c0__e0__seed_37__sample_0.json,sha256:a92ce8bd4556c35df2bdbb7484d8bbd0a408dfebd0d20b06b766d609c025c155,direct-api,glm-5.2,api-pinned-2026-07-06,valid,true,
trellm-v0.3-protocol,outputs/v0_3_direct_api_matrix/submissions/glm__glm_5_2__synthetic_high_volatility_c0_v0_3__c0__e0__seed_37__sample_1.json,synthetic_high_volatility_c0_v0_3,glm,glm-5.2,glm-5.2 (api-pinned-2026-07-06),C0,E0,37,1,stress-only;direct-api;live-provider;redacted-prompt,0.420484,-0.002515,25.136288,outputs/v0_3_direct_api_matrix/provider_manifests/glm__glm_5_2__synthetic_high_volatility_c0_v0_3__c0__e0__seed_37__sample_1.json,sha256:c9448dffe9c6d19b02a68c1346bb4be4270990f0fa4a7f3e2b4dfe926117655f,direct-api,glm-5.2,api-pinned-2026-07-06,valid,true,
trellm-v0.3-protocol,outputs/v0_3_direct_api_matrix/submissions/glm__glm_5_2__synthetic_high_volatility_c0_v0_3__c0__e0__seed_37__sample_2.json,synthetic_high_volatility_c0_v0_3,glm,glm-5.2,glm-5.2 (api-pinned-2026-07-06),C0,E0,37,2,stress-only;direct-api;live-provider;redacted-prompt,0.421024,-0.002515,25.19056,outputs/v0_3_direct_api_matrix/provider_manifests/glm__glm_5_2__synthetic_high_volatility_c0_v0_3__c0__e0__seed_37__sample_2.json,sha256:a0d525f020a05db0cbbe563d3312a97596ebcfeace1e2734d5c08c1749b60b83,direct-api,glm-5.2,api-pinned-2026-07-06,valid,true,
trellm-v0.3-protocol,outputs/v0_3_direct_api_matrix/submissions/glm__glm_5_2__synthetic_high_volatility_c0_v0_3__c0__e0__seed_41__sample_0.json,synthetic_high_volatility_c0_v0_3,glm,glm-5.2,glm-5.2 (api-pinned-2026-07-06),C0,E0,41,0,stress-only;direct-api;live-provider;redacted-prompt,0.191875,-0.012902,12.724981,outputs/v0_3_direct_api_matrix/provider_manifests/glm__glm_5_2__synthetic_high_volatility_c0_v0_3__c0__e0__seed_41__sample_0.json,sha256:b1279e8b291a3816479e7cf7c48e5e138a36a3f823b37c58a03df0863b727700,direct-api,glm-5.2,api-pinned-2026-07-06,valid,true,
trellm-v0.3-protocol,outputs/v0_3_direct_api_matrix/submissions/glm__glm_5_2__synthetic_high_volatility_c0_v0_3__c0__e0__seed_41__sample_1.json,synthetic_high_volatility_c0_v0_3,glm,glm-5.2,glm-5.2 (api-pinned-2026-07-06),C0,E0,41,1,stress-only;direct-api;live-provider;redacted-prompt,0.189618,-0.012916,12.422307,outputs/v0_3_direct_api_matrix/provider_manifests/glm__glm_5_2__synthetic_high_volatility_c0_v0_3__c0__e0__seed_41__sample_1.json,sha256:8fa733ca9bac72ac91ade5d1bdc954d279898b7b05eb6782637151a7271ba371,direct-api,glm-5.2,api-pinned-2026-07-06,valid,true,
trellm-v0.3-protocol,outputs/v0_3_direct_api_matrix/submissions/glm__glm_5_2__synthetic_high_volatility_c0_v0_3__c0__e0__seed_41__sample_2.json,synthetic_high_volatility_c0_v0_3,glm,glm-5.2,glm-5.2 (api-pinned-2026-07-06),C0,E0,41,2,stress-only;direct-api;live-provider;redacted-prompt,0.189768,-0.011685,12.335434,outputs/v0_3_direct_api_matrix/provider_manifests/glm__glm_5_2__synthetic_high_volatility_c0_v0_3__c0__e0__seed_41__sample_2.json,sha256:4656f868e1d724aa815f4990cc254f2a3834e9d163e3fcf7f75a5ba16b281f66,direct-api,glm-5.2,api-pinned-2026-07-06,valid,true,
trellm-v0.3-protocol,outputs/v0_3_direct_api_matrix/submissions/glm__glm_5_2__synthetic_high_volatility_c0_v0_3__c0__e0__seed_43__sample_0.json,synthetic_high_volatility_c0_v0_3,glm,glm-5.2,glm-5.2 (api-pinned-2026-07-06),C0,E0,43,0,stress-only;direct-api;live-provider;redacted-prompt,0.278081,-0.008582,16.841324,outputs/v0_3_direct_api_matrix/provider_manifests/glm__glm_5_2__synthetic_high_volatility_c0_v0_3__c0__e0__seed_43__sample_0.json,sha256:105da079a53a2cd8fff964d8263a9746f9d9d35602aaf687e54d5660f459b518,direct-api,glm-5.2,api-pinned-2026-07-06,valid,true,
trellm-v0.3-protocol,outputs/v0_3_direct_api_matrix/submissions/glm__glm_5_2__synthetic_high_volatility_c0_v0_3__c0__e0__seed_43__sample_1.json,synthetic_high_volatility_c0_v0_3,glm,glm-5.2,glm-5.2 (api-pinned-2026-07-06),C0,E0,43,1,stress-only;direct-api;live-provider;redacted-prompt,0.284573,-0.008553,16.833764,outputs/v0_3_direct_api_matrix/provider_manifests/glm__glm_5_2__synthetic_high_volatility_c0_v0_3__c0__e0__seed_43__sample_1.json,sha256:453424c0b295190505e4c97ae27bb09afaeb8690eacfab9f494a63f87af3034f,direct-api,glm-5.2,api-pinned-2026-07-06,valid,true,
trellm-v0.3-protocol,outputs/v0_3_direct_api_matrix/submissions/glm__glm_5_2__synthetic_high_volatility_c0_v0_3__c0__e0__seed_43__sample_2.json,synthetic_high_volatility_c0_v0_3,glm,glm-5.2,glm-5.2 (api-pinned-2026-07-06),C0,E0,43,2,stress-only;direct-api;live-provider;redacted-prompt,0.287575,-0.008582,16.698926,outputs/v0_3_direct_api_matrix/provider_manifests/glm__glm_5_2__synthetic_high_volatility_c0_v0_3__c0__e0__seed_43__sample_2.json,sha256:2d659f47ecdc5a316f0aae0669a4b8e9a477ea1f1c03ff73cc50152f6ede684d,direct-api,glm-5.2,api-pinned-2026-07-06,valid,true,
trellm-v0.3-protocol,outputs/v0_3_direct_api_matrix/submissions/glm__glm_5_2__synthetic_high_volatility_c0_v0_3__c0__e0__seed_47__sample_0.json,synthetic_high_volatility_c0_v0_3,glm,glm-5.2,glm-5.2 (api-pinned-2026-07-06),C0,E0,47,0,stress-only;direct-api;live-provider;redacted-prompt,0.22455,-0.012338,13.436674,outputs/v0_3_direct_api_matrix/provider_manifests/glm__glm_5_2__synthetic_high_volatility_c0_v0_3__c0__e0__seed_47__sample_0.json,sha256:290b7c972bb7c6b8ed5bb6f4875cdadf6dfdfb97caceb9e3eceab5898be89d10,direct-api,glm-5.2,api-pinned-2026-07-06,valid,true,
trellm-v0.3-protocol,outputs/v0_3_direct_api_matrix/submissions/glm__glm_5_2__synthetic_high_volatility_c0_v0_3__c0__e0__seed_47__sample_1.json,synthetic_high_volatility_c0_v0_3,glm,glm-5.2,glm-5.2 (api-pinned-2026-07-06),C0,E0,47,1,stress-only;direct-api;live-provider;redacted-prompt,0.233081,-0.01194,13.786315,outputs/v0_3_direct_api_matrix/provider_manifests/glm__glm_5_2__synthetic_high_volatility_c0_v0_3__c0__e0__seed_47__sample_1.json,sha256:9e91fcc57842e27e7ca7465da4837994dbe6804069df7dcdd205ef695dd22cc3,direct-api,glm-5.2,api-pinned-2026-07-06,valid,true,
trellm-v0.3-protocol,outputs/v0_3_direct_api_matrix/submissions/glm__glm_5_2__synthetic_high_volatility_c0_v0_3__c0__e0__seed_47__sample_2.json,synthetic_high_volatility_c0_v0_3,glm,glm-5.2,glm-5.2 (api-pinned-2026-07-06),C0,E0,47,2,stress-only;direct-api;live-provider;redacted-prompt,0.233687,-0.012314,13.891022,outputs/v0_3_direct_api_matrix/provider_manifests/glm__glm_5_2__synthetic_high_volatility_c0_v0_3__c0__e0__seed_47__sample_2.json,sha256:74344d57cf4fa5c0883ba7b93b15909abed535a99717fce771df9dc6b80a4d04,direct-api,glm-5.2,api-pinned-2026-07-06,valid,true,
trellm-v0.3-protocol,outputs/v0_3_direct_api_matrix/submissions/glm__glm_5_2__synthetic_high_volatility_c0_v0_3__c0__e0__seed_53__sample_0.json,synthetic_high_volatility_c0_v0_3,glm,glm-5.2,glm-5.2 (api-pinned-2026-07-06),C0,E0,53,0,stress-only;direct-api;live-provider;redacted-prompt,0.18795,-0.016917,10.629483,outputs/v0_3_direct_api_matrix/provider_manifests/glm__glm_5_2__synthetic_high_volatility_c0_v0_3__c0__e0__seed_53__sample_0.json,sha256:2bde8577eb84f974304a29db0f9f64e5291fd298e6606af8b4ef31c657d85824,direct-api,glm-5.2,api-pinned-2026-07-06,valid,true,
trellm-v0.3-protocol,outputs/v0_3_direct_api_matrix/submissions/glm__glm_5_2__synthetic_high_volatility_c0_v0_3__c0__e0__seed_53__sample_1.json,synthetic_high_volatility_c0_v0_3,glm,glm-5.2,glm-5.2 (api-pinned-2026-07-06),C0,E0,53,1,stress-only;direct-api;live-provider;redacted-prompt,0.185946,-0.018522,10.27275,outputs/v0_3_direct_api_matrix/provider_manifests/glm__glm_5_2__synthetic_high_volatility_c0_v0_3__c0__e0__seed_53__sample_1.json,sha256:c819a50b2bfe365c5d155af2900ec15e56cc7af6849fbe2704acd7f5485471d5,direct-api,glm-5.2,api-pinned-2026-07-06,valid,true,
trellm-v0.3-protocol,outputs/v0_3_direct_api_matrix/submissions/glm__glm_5_2__synthetic_high_volatility_c0_v0_3__c0__e0__seed_53__sample_2.json,synthetic_high_volatility_c0_v0_3,glm,glm-5.2,glm-5.2 (api-pinned-2026-07-06),C0,E0,53,2,stress-only;direct-api;live-provider;redacted-prompt,0.18656,-0.016917,10.598207,outputs/v0_3_direct_api_matrix/provider_manifests/glm__glm_5_2__synthetic_high_volatility_c0_v0_3__c0__e0__seed_53__sample_2.json,sha256:01e733bd4a3ae3b4ae52ac7a93e29cf886af144ca0814707e4f673b112f80bfd,direct-api,glm-5.2,api-pinned-2026-07-06,valid,true,
trellm-v0.3-protocol,outputs/v0_3_direct_api_matrix/submissions/glm__glm_5_2__synthetic_high_volatility_c0_v0_3__c0__e0__seed_7__sample_0.json,synthetic_high_volatility_c0_v0_3,glm,glm-5.2,glm-5.2 (api-pinned-2026-07-06),C0,E0,7,0,stress-only;direct-api;live-provider;redacted-prompt,0.165441,-0.020426,10.539399,outputs/v0_3_direct_api_matrix/provider_manifests/glm__glm_5_2__synthetic_high_volatility_c0_v0_3__c0__e0__seed_7__sample_0.json,sha256:5a692f44c43875efa66c99314543976a03ebcb76e08bfe1fed704d78c0acc8c1,direct-api,glm-5.2,api-pinned-2026-07-06,valid,true,
trellm-v0.3-protocol,outputs/v0_3_direct_api_matrix/submissions/glm__glm_5_2__synthetic_high_volatility_c0_v0_3__c0__e0__seed_7__sample_1.json,synthetic_high_volatility_c0_v0_3,glm,glm-5.2,glm-5.2 (api-pinned-2026-07-06),C0,E0,7,1,stress-only;direct-api;live-provider;redacted-prompt,0.166877,-0.020425,10.925916,outputs/v0_3_direct_api_matrix/provider_manifests/glm__glm_5_2__synthetic_high_volatility_c0_v0_3__c0__e0__seed_7__sample_1.json,sha256:c009dd1aa5928ebf82988dc9b0ecd7d16f0ef2a6da51fedc00069d45d1183796,direct-api,glm-5.2,api-pinned-2026-07-06,valid,true,
trellm-v0.3-protocol,outputs/v0_3_direct_api_matrix/submissions/glm__glm_5_2__synthetic_high_volatility_c0_v0_3__c0__e0__seed_7__sample_2.json,synthetic_high_volatility_c0_v0_3,glm,glm-5.2,glm-5.2 (api-pinned-2026-07-06),C0,E0,7,2,stress-only;direct-api;live-provider;redacted-prompt,0.172624,-0.020425,11.028699,outputs/v0_3_direct_api_matrix/provider_manifests/glm__glm_5_2__synthetic_high_volatility_c0_v0_3__c0__e0__seed_7__sample_2.json,sha256:15995a23b14386083281657492f2112d1d580a09b204c6263da9418d3a2006ff,direct-api,glm-5.2,api-pinned-2026-07-06,valid,true,
trellm-v0.3-protocol,outputs/v0_3_direct_api_matrix/submissions/glm__glm_5_2__synthetic_high_volatility_c0_v0_3__c0__e1__seed_11__sample_0.json,synthetic_high_volatility_c0_v0_3,glm,glm-5.2,glm-5.2 (api-pinned-2026-07-06),C0,E1,11,0,stress-only;direct-api;live-provider;redacted-prompt,0.312029,-0.009976,16.867619,outputs/v0_3_direct_api_matrix/provider_manifests/glm__glm_5_2__synthetic_high_volatility_c0_v0_3__c0__e1__seed_11__sample_0.json,sha256:db37bb5eabe7fe0b9ff7d28f748de071746c837c07f6940b69bf36a0db79749f,direct-api,glm-5.2,api-pinned-2026-07-06,valid,true,
trellm-v0.3-protocol,outputs/v0_3_direct_api_matrix/submissions/glm__glm_5_2__synthetic_high_volatility_c0_v0_3__c0__e1__seed_11__sample_1.json,synthetic_high_volatility_c0_v0_3,glm,glm-5.2,glm-5.2 (api-pinned-2026-07-06),C0,E1,11,1,stress-only;direct-api;live-provider;redacted-prompt,0.316188,-0.008043,16.910106,outputs/v0_3_direct_api_matrix/provider_manifests/glm__glm_5_2__synthetic_high_volatility_c0_v0_3__c0__e1__seed_11__sample_1.json,sha256:882f5191754b074fcae05b680455917e9a07b2155402ce21a925c1fe14a29b05,direct-api,glm-5.2,api-pinned-2026-07-06,valid,true,
trellm-v0.3-protocol,outputs/v0_3_direct_api_matrix/submissions/glm__glm_5_2__synthetic_high_volatility_c0_v0_3__c0__e1__seed_11__sample_2.json,synthetic_high_volatility_c0_v0_3,glm,glm-5.2,glm-5.2 (api-pinned-2026-07-06),C0,E1,11,2,stress-only;direct-api;live-provider;redacted-prompt,0.301472,-0.007085,17.451275,outputs/v0_3_direct_api_matrix/provider_manifests/glm__glm_5_2__synthetic_high_volatility_c0_v0_3__c0__e1__seed_11__sample_2.json,sha256:593a31cc30156618b7d4aea97d4e9952cce3484c6d433a11cd9b21c9e0f50ce6,direct-api,glm-5.2,api-pinned-2026-07-06,valid,true,
trellm-v0.3-protocol,outputs/v0_3_direct_api_matrix/submissions/glm__glm_5_2__synthetic_high_volatility_c0_v0_3__c0__e1__seed_17__sample_0.json,synthetic_high_volatility_c0_v0_3,glm,glm-5.2,glm-5.2 (api-pinned-2026-07-06),C0,E1,17,0,stress-only;direct-api;live-provider;redacted-prompt,0.189498,-0.009686,9.719551,outputs/v0_3_direct_api_matrix/provider_manifests/glm__glm_5_2__synthetic_high_volatility_c0_v0_3__c0__e1__seed_17__sample_0.json,sha256:f83122cf407358152c5087eca2a288330230203c2c2a9a1844f93522403971a4,direct-api,glm-5.2,api-pinned-2026-07-06,valid,true,
trellm-v0.3-protocol,outputs/v0_3_direct_api_matrix/submissions/glm__glm_5_2__synthetic_high_volatility_c0_v0_3__c0__e1__seed_17__sample_1.json,synthetic_high_volatility_c0_v0_3,glm,glm-5.2,glm-5.2 (api-pinned-2026-07-06),C0,E1,17,1,stress-only;direct-api;live-provider;redacted-prompt,0.170987,-0.010545,9.508645,outputs/v0_3_direct_api_matrix/provider_manifests/glm__glm_5_2__synthetic_high_volatility_c0_v0_3__c0__e1__seed_17__sample_1.json,sha256:7b839a2abc2427d960a0c0b1434e29042365e926f348abb265368112158a3e4e,direct-api,glm-5.2,api-pinned-2026-07-06,valid,true,
trellm-v0.3-protocol,outputs/v0_3_direct_api_matrix/submissions/glm__glm_5_2__synthetic_high_volatility_c0_v0_3__c0__e1__seed_17__sample_2.json,synthetic_high_volatility_c0_v0_3,glm,glm-5.2,glm-5.2 (api-pinned-2026-07-06),C0,E1,17,2,stress-only;direct-api;live-provider;redacted-prompt,0.180239,-0.01038,9.657534,outputs/v0_3_direct_api_matrix/provider_manifests/glm__glm_5_2__synthetic_high_volatility_c0_v0_3__c0__e1__seed_17__sample_2.json,sha256:1ff6f17c0e75eda8c5bf6085168ca4447b06ac5b33cdeb077937256d99a209ce,direct-api,glm-5.2,api-pinned-2026-07-06,valid,true,
trellm-v0.3-protocol,outputs/v0_3_direct_api_matrix/submissions/glm__glm_5_2__synthetic_high_volatility_c0_v0_3__c0__e1__seed_23__sample_0.json,synthetic_high_volatility_c0_v0_3,glm,glm-5.2,glm-5.2 (api-pinned-2026-07-06),C0,E1,23,0,stress-only;direct-api;live-provider;redacted-prompt,0.321113,-0.002949,15.418923,outputs/v0_3_direct_api_matrix/provider_manifests/glm__glm_5_2__synthetic_high_volatility_c0_v0_3__c0__e1__seed_23__sample_0.json,sha256:2d6655f35dcda69cac4f023be337705473b2c75640b1675f5c271cff33c41ca8,direct-api,glm-5.2,api-pinned-2026-07-06,valid,true,
trellm-v0.3-protocol,outputs/v0_3_direct_api_matrix/submissions/glm__glm_5_2__synthetic_high_volatility_c0_v0_3__c0__e1__seed_23__sample_1.json,synthetic_high_volatility_c0_v0_3,glm,glm-5.2,glm-5.2 (api-pinned-2026-07-06),C0,E1,23,1,stress-only;direct-api;live-provider;redacted-prompt,0.313738,-0.00299,15.174443,outputs/v0_3_direct_api_matrix/provider_manifests/glm__glm_5_2__synthetic_high_volatility_c0_v0_3__c0__e1__seed_23__sample_1.json,sha256:627ab18548b034fcdd3b193b89587a3128f775384db31b3bc7d483e43bc88d61,direct-api,glm-5.2,api-pinned-2026-07-06,valid,true,
trellm-v0.3-protocol,outputs/v0_3_direct_api_matrix/submissions/glm__glm_5_2__synthetic_high_volatility_c0_v0_3__c0__e1__seed_23__sample_2.json,synthetic_high_volatility_c0_v0_3,glm,glm-5.2,glm-5.2 (api-pinned-2026-07-06),C0,E1,23,2,stress-only;direct-api;live-provider;redacted-prompt,0.334056,-0.0034,15.815514,outputs/v0_3_direct_api_matrix/provider_manifests/glm__glm_5_2__synthetic_high_volatility_c0_v0_3__c0__e1__seed_23__sample_2.json,sha256:ffce2325aeabb118cd4ec01c4cb89302f534bc105d891839493ed10cd14f792f,direct-api,glm-5.2,api-pinned-2026-07-06,valid,true,
trellm-v0.3-protocol,outputs/v0_3_direct_api_matrix/submissions/glm__glm_5_2__synthetic_high_volatility_c0_v0_3__c0__e1__seed_31__sample_0.json,synthetic_high_volatility_c0_v0_3,glm,glm-5.2,glm-5.2 (api-pinned-2026-07-06),C0,E1,31,0,stress-only;direct-api;live-provider;redacted-prompt,0.24511,-0.008749,15.564848,outputs/v0_3_direct_api_matrix/provider_manifests/glm__glm_5_2__synthetic_high_volatility_c0_v0_3__c0__e1__seed_31__sample_0.json,sha256:f92ffdd69cf6caad1498f2314d00cf9ee720cdf5608b7de0db3af5f6bad0584b,direct-api,glm-5.2,api-pinned-2026-07-06,valid,true,
trellm-v0.3-protocol,outputs/v0_3_direct_api_matrix/submissions/glm__glm_5_2__synthetic_high_volatility_c0_v0_3__c0__e1__seed_31__sample_1.json,synthetic_high_volatility_c0_v0_3,glm,glm-5.2,glm-5.2 (api-pinned-2026-07-06),C0,E1,31,1,stress-only;direct-api;live-provider;redacted-prompt,0.232837,-0.007491,15.969646,outputs/v0_3_direct_api_matrix/provider_manifests/glm__glm_5_2__synthetic_high_volatility_c0_v0_3__c0__e1__seed_31__sample_1.json,sha256:515f458440c40d80114bb4924d141d04cbfa63c4d9eedde54cecef18916f9f1e,direct-api,glm-5.2,api-pinned-2026-07-06,valid,true,
trellm-v0.3-protocol,outputs/v0_3_direct_api_matrix/submissions/glm__glm_5_2__synthetic_high_volatility_c0_v0_3__c0__e1__seed_31__sample_2.json,synthetic_high_volatility_c0_v0_3,glm,glm-5.2,glm-5.2 (api-pinned-2026-07-06),C0,E1,31,2,stress-only;direct-api;live-provider;redacted-prompt,0.239177,-0.008523,15.458349,outputs/v0_3_direct_api_matrix/provider_manifests/glm__glm_5_2__synthetic_high_volatility_c0_v0_3__c0__e1__seed_31__sample_2.json,sha256:545c9d4b07699e040802a69ec6510dcfb60b8647229283213d39522d1e3b69a6,direct-api,glm-5.2,api-pinned-2026-07-06,valid,true,
trellm-v0.3-protocol,outputs/v0_3_direct_api_matrix/submissions/glm__glm_5_2__synthetic_high_volatility_c0_v0_3__c0__e1__seed_37__sample_0.json,synthetic_high_volatility_c0_v0_3,glm,glm-5.2,glm-5.2 (api-pinned-2026-07-06),C0,E1,37,0,stress-only;direct-api;live-provider;redacted-prompt,0.357363,-0.003761,18.982594,outputs/v0_3_direct_api_matrix/provider_manifests/glm__glm_5_2__synthetic_high_volatility_c0_v0_3__c0__e1__seed_37__sample_0.json,sha256:a7502b7858868d1ad75e9278c27be5ed3bb99811e1c8dc16d569afa2007eb927,direct-api,glm-5.2,api-pinned-2026-07-06,valid,true,
trellm-v0.3-protocol,outputs/v0_3_direct_api_matrix/submissions/glm__glm_5_2__synthetic_high_volatility_c0_v0_3__c0__e1__seed_37__sample_1.json,synthetic_high_volatility_c0_v0_3,glm,glm-5.2,glm-5.2 (api-pinned-2026-07-06),C0,E1,37,1,stress-only;direct-api;live-provider;redacted-prompt,0.348446,-0.00279,19.483774,outputs/v0_3_direct_api_matrix/provider_manifests/glm__glm_5_2__synthetic_high_volatility_c0_v0_3__c0__e1__seed_37__sample_1.json,sha256:bf67ff2c2e44bbb9102bc026b26930488392c204958640a3833f953683b015ee,direct-api,glm-5.2,api-pinned-2026-07-06,valid,true,
trellm-v0.3-protocol,outputs/v0_3_direct_api_matrix/submissions/glm__glm_5_2__synthetic_high_volatility_c0_v0_3__c0__e1__seed_37__sample_2.json,synthetic_high_volatility_c0_v0_3,glm,glm-5.2,glm-5.2 (api-pinned-2026-07-06),C0,E1,37,2,stress-only;direct-api;live-provider;redacted-prompt,0.3505,-0.003752,18.270922,outputs/v0_3_direct_api_matrix/provider_manifests/glm__glm_5_2__synthetic_high_volatility_c0_v0_3__c0__e1__seed_37__sample_2.json,sha256:8ed2f77dad84dd08cac7b94ec45529512623989bac0003007b062a8b812d14b0,direct-api,glm-5.2,api-pinned-2026-07-06,valid,true,
trellm-v0.3-protocol,outputs/v0_3_direct_api_matrix/submissions/glm__glm_5_2__synthetic_high_volatility_c0_v0_3__c0__e1__seed_41__sample_0.json,synthetic_high_volatility_c0_v0_3,glm,glm-5.2,glm-5.2 (api-pinned-2026-07-06),C0,E1,41,0,stress-only;direct-api;live-provider;redacted-prompt,0.218257,-0.011359,13.424127,outputs/v0_3_direct_api_matrix/provider_manifests/glm__glm_5_2__synthetic_high_volatility_c0_v0_3__c0__e1__seed_41__sample_0.json,sha256:5f7142961eb52699a513fc2a3b98c7c9f0fa689dbfbb443e764be98ed05f2d7a,direct-api,glm-5.2,api-pinned-2026-07-06,valid,true,
trellm-v0.3-protocol,outputs/v0_3_direct_api_matrix/submissions/glm__glm_5_2__synthetic_high_volatility_c0_v0_3__c0__e1__seed_41__sample_1.json,synthetic_high_volatility_c0_v0_3,glm,glm-5.2,glm-5.2 (api-pinned-2026-07-06),C0,E1,41,1,stress-only;direct-api;live-provider;redacted-prompt,0.21888,-0.013011,13.125694,outputs/v0_3_direct_api_matrix/provider_manifests/glm__glm_5_2__synthetic_high_volatility_c0_v0_3__c0__e1__seed_41__sample_1.json,sha256:beb31bc3e3cd3aa7137ea1fc4ced62146be379cfe3195204eebcbd788f1cd568,direct-api,glm-5.2,api-pinned-2026-07-06,valid,true,
trellm-v0.3-protocol,outputs/v0_3_direct_api_matrix/submissions/glm__glm_5_2__synthetic_high_volatility_c0_v0_3__c0__e1__seed_41__sample_2.json,synthetic_high_volatility_c0_v0_3,glm,glm-5.2,glm-5.2 (api-pinned-2026-07-06),C0,E1,41,2,stress-only;direct-api;live-provider;redacted-prompt,0.212932,-0.014969,12.962002,outputs/v0_3_direct_api_matrix/provider_manifests/glm__glm_5_2__synthetic_high_volatility_c0_v0_3__c0__e1__seed_41__sample_2.json,sha256:39481d15478da541ea4313ff26acadb125ae6d0cf7066d9303a3b945db3d3b32,direct-api,glm-5.2,api-pinned-2026-07-06,valid,true,
trellm-v0.3-protocol,outputs/v0_3_direct_api_matrix/submissions/glm__glm_5_2__synthetic_high_volatility_c0_v0_3__c0__e1__seed_43__sample_0.json,synthetic_high_volatility_c0_v0_3,glm,glm-5.2,glm-5.2 (api-pinned-2026-07-06),C0,E1,43,0,stress-only;direct-api;live-provider;redacted-prompt,0.226864,-0.014535,14.561836,outputs/v0_3_direct_api_matrix/provider_manifests/glm__glm_5_2__synthetic_high_volatility_c0_v0_3__c0__e1__seed_43__sample_0.json,sha256:d00aaed33b74d17d41509b1e5ce0764fdb3e31ab02d363c3689653cb2d0d5038,direct-api,glm-5.2,api-pinned-2026-07-06,valid,true,
trellm-v0.3-protocol,outputs/v0_3_direct_api_matrix/submissions/glm__glm_5_2__synthetic_high_volatility_c0_v0_3__c0__e1__seed_43__sample_1.json,synthetic_high_volatility_c0_v0_3,glm,glm-5.2,glm-5.2 (api-pinned-2026-07-06),C0,E1,43,1,stress-only;direct-api;live-provider;redacted-prompt,0.23357,-0.011216,15.191207,outputs/v0_3_direct_api_matrix/provider_manifests/glm__glm_5_2__synthetic_high_volatility_c0_v0_3__c0__e1__seed_43__sample_1.json,sha256:b87698b3f09b34f31928dac24f3376f15e699716650423b5b959fc2378ea830d,direct-api,glm-5.2,api-pinned-2026-07-06,valid,true,
trellm-v0.3-protocol,outputs/v0_3_direct_api_matrix/submissions/glm__glm_5_2__synthetic_high_volatility_c0_v0_3__c0__e1__seed_43__sample_2.json,synthetic_high_volatility_c0_v0_3,glm,glm-5.2,glm-5.2 (api-pinned-2026-07-06),C0,E1,43,2,stress-only;direct-api;live-provider;redacted-prompt,0.230593,-0.011216,14.83222,outputs/v0_3_direct_api_matrix/provider_manifests/glm__glm_5_2__synthetic_high_volatility_c0_v0_3__c0__e1__seed_43__sample_2.json,sha256:083c9f54d95b657e6b354a03697bac2c35feaa6af3eef412ab8e74603ed6495e,direct-api,glm-5.2,api-pinned-2026-07-06,valid,true,
trellm-v0.3-protocol,outputs/v0_3_direct_api_matrix/submissions/glm__glm_5_2__synthetic_high_volatility_c0_v0_3__c0__e1__seed_47__sample_0.json,synthetic_high_volatility_c0_v0_3,glm,glm-5.2,glm-5.2 (api-pinned-2026-07-06),C0,E1,47,0,stress-only;direct-api;live-provider;redacted-prompt,0.184931,-0.01179,11.475111,outputs/v0_3_direct_api_matrix/provider_manifests/glm__glm_5_2__synthetic_high_volatility_c0_v0_3__c0__e1__seed_47__sample_0.json,sha256:891d6d4c98d9d7ad83899bcaafccea34f0a9ab767acbae1cee67244875b5d5c9,direct-api,glm-5.2,api-pinned-2026-07-06,valid,true,
trellm-v0.3-protocol,outputs/v0_3_direct_api_matrix/submissions/glm__glm_5_2__synthetic_high_volatility_c0_v0_3__c0__e1__seed_47__sample_1.json,synthetic_high_volatility_c0_v0_3,glm,glm-5.2,glm-5.2 (api-pinned-2026-07-06),C0,E1,47,1,stress-only;direct-api;live-provider;redacted-prompt,0.206184,-0.00748,12.089316,outputs/v0_3_direct_api_matrix/provider_manifests/glm__glm_5_2__synthetic_high_volatility_c0_v0_3__c0__e1__seed_47__sample_1.json,sha256:5a0f4682630dda0b1f49fef880ce9035c3c92a048ae13bd3153e59db97d10cf7,direct-api,glm-5.2,api-pinned-2026-07-06,valid,true,
trellm-v0.3-protocol,outputs/v0_3_direct_api_matrix/submissions/glm__glm_5_2__synthetic_high_volatility_c0_v0_3__c0__e1__seed_47__sample_2.json,synthetic_high_volatility_c0_v0_3,glm,glm-5.2,glm-5.2 (api-pinned-2026-07-06),C0,E1,47,2,stress-only;direct-api;live-provider;redacted-prompt,0.158222,-0.015742,10.167383,outputs/v0_3_direct_api_matrix/provider_manifests/glm__glm_5_2__synthetic_high_volatility_c0_v0_3__c0__e1__seed_47__sample_2.json,sha256:216543fa42fffd8d0fe361640b924aefa12f136a4f132e3f1a9aa0bb939ba9fd,direct-api,glm-5.2,api-pinned-2026-07-06,valid,true,
trellm-v0.3-protocol,outputs/v0_3_direct_api_matrix/submissions/glm__glm_5_2__synthetic_high_volatility_c0_v0_3__c0__e1__seed_53__sample_0.json,synthetic_high_volatility_c0_v0_3,glm,glm-5.2,glm-5.2 (api-pinned-2026-07-06),C0,E1,53,0,stress-only;direct-api;live-provider;redacted-prompt,0.18083,-0.022021,9.907449,outputs/v0_3_direct_api_matrix/provider_manifests/glm__glm_5_2__synthetic_high_volatility_c0_v0_3__c0__e1__seed_53__sample_0.json,sha256:6947e1d1ecd614508e4fe4aa07f1227ef800d3440ef29a442ad61c911c3af427,direct-api,glm-5.2,api-pinned-2026-07-06,valid,true,
trellm-v0.3-protocol,outputs/v0_3_direct_api_matrix/submissions/glm__glm_5_2__synthetic_high_volatility_c0_v0_3__c0__e1__seed_53__sample_1.json,synthetic_high_volatility_c0_v0_3,glm,glm-5.2,glm-5.2 (api-pinned-2026-07-06),C0,E1,53,1,stress-only;direct-api;live-provider;redacted-prompt,0.166057,-0.018712,10.566313,outputs/v0_3_direct_api_matrix/provider_manifests/glm__glm_5_2__synthetic_high_volatility_c0_v0_3__c0__e1__seed_53__sample_1.json,sha256:75461e101c6d8c15101298bbcb7301388cdf63dcdba8cafba0d29eaf9385e5ec,direct-api,glm-5.2,api-pinned-2026-07-06,valid,true,
trellm-v0.3-protocol,outputs/v0_3_direct_api_matrix/submissions/glm__glm_5_2__synthetic_high_volatility_c0_v0_3__c0__e1__seed_53__sample_2.json,synthetic_high_volatility_c0_v0_3,glm,glm-5.2,glm-5.2 (api-pinned-2026-07-06),C0,E1,53,2,stress-only;direct-api;live-provider;redacted-prompt,0.204126,-0.017491,10.892595,outputs/v0_3_direct_api_matrix/provider_manifests/glm__glm_5_2__synthetic_high_volatility_c0_v0_3__c0__e1__seed_53__sample_2.json,sha256:48d0e14bc79c44ccbf81ae5b41ab6aef103a2721d0980d5ffd91eb8f6cb85285,direct-api,glm-5.2,api-pinned-2026-07-06,valid,true,
trellm-v0.3-protocol,outputs/v0_3_direct_api_matrix/submissions/glm__glm_5_2__synthetic_high_volatility_c0_v0_3__c0__e1__seed_7__sample_0.json,synthetic_high_volatility_c0_v0_3,glm,glm-5.2,glm-5.2 (api-pinned-2026-07-06),C0,E1,7,0,stress-only;direct-api;live-provider;redacted-prompt,0.141747,-0.018239,9.559502,outputs/v0_3_direct_api_matrix/provider_manifests/glm__glm_5_2__synthetic_high_volatility_c0_v0_3__c0__e1__seed_7__sample_0.json,sha256:3947266a873866b9ef4b3f7ebc87580ddd290036ac34bc11dd16fe63768f8508,direct-api,glm-5.2,api-pinned-2026-07-06,valid,true,
trellm-v0.3-protocol,outputs/v0_3_direct_api_matrix/submissions/glm__glm_5_2__synthetic_high_volatility_c0_v0_3__c0__e1__seed_7__sample_1.json,synthetic_high_volatility_c0_v0_3,glm,glm-5.2,glm-5.2 (api-pinned-2026-07-06),C0,E1,7,1,stress-only;direct-api;live-provider;redacted-prompt,0.142345,-0.022866,8.093966,outputs/v0_3_direct_api_matrix/provider_manifests/glm__glm_5_2__synthetic_high_volatility_c0_v0_3__c0__e1__seed_7__sample_1.json,sha256:d9e0a4d59ead667dd75bcc2197e54ea49ec3b739ce93cee33d4f613464f440f2,direct-api,glm-5.2,api-pinned-2026-07-06,valid,true,
trellm-v0.3-protocol,outputs/v0_3_direct_api_matrix/submissions/glm__glm_5_2__synthetic_high_volatility_c0_v0_3__c0__e1__seed_7__sample_2.json,synthetic_high_volatility_c0_v0_3,glm,glm-5.2,glm-5.2 (api-pinned-2026-07-06),C0,E1,7,2,stress-only;direct-api;live-provider;redacted-prompt,0.147532,-0.018104,10.121158,outputs/v0_3_direct_api_matrix/provider_manifests/glm__glm_5_2__synthetic_high_volatility_c0_v0_3__c0__e1__seed_7__sample_2.json,sha256:103ea94d8a3e521f0d4f8ed50e20720ed1977b065b8353621c5a77b6ea7f9593,direct-api,glm-5.2,api-pinned-2026-07-06,valid,true,
trellm-v0.3-protocol,outputs/v0_3_direct_api_matrix/submissions/glm__glm_5_2__synthetic_jump_tail_c0_v0_3__c0__e0__seed_11__sample_0.json,synthetic_jump_tail_c0_v0_3,glm,glm-5.2,glm-5.2 (api-pinned-2026-07-06),C0,E0,11,0,stress-only;direct-api;live-provider;redacted-prompt,0.357384,-0.018369,11.840279,outputs/v0_3_direct_api_matrix/provider_manifests/glm__glm_5_2__synthetic_jump_tail_c0_v0_3__c0__e0__seed_11__sample_0.json,sha256:5da4281194918f9b557162a586dd884c697fea9329e6c8cc28c0b51ad5f68e76,direct-api,glm-5.2,api-pinned-2026-07-06,valid,true,
trellm-v0.3-protocol,outputs/v0_3_direct_api_matrix/submissions/glm__glm_5_2__synthetic_jump_tail_c0_v0_3__c0__e0__seed_11__sample_1.json,synthetic_jump_tail_c0_v0_3,glm,glm-5.2,glm-5.2 (api-pinned-2026-07-06),C0,E0,11,1,stress-only;direct-api;live-provider;redacted-prompt,0.323561,-0.008423,13.474544,outputs/v0_3_direct_api_matrix/provider_manifests/glm__glm_5_2__synthetic_jump_tail_c0_v0_3__c0__e0__seed_11__sample_1.json,sha256:e232f212b2f79e8223bc129ce60c489171b2ae3fe89cf3705f831ea74ab5df84,direct-api,glm-5.2,api-pinned-2026-07-06,valid,true,
trellm-v0.3-protocol,outputs/v0_3_direct_api_matrix/submissions/glm__glm_5_2__synthetic_jump_tail_c0_v0_3__c0__e0__seed_11__sample_2.json,synthetic_jump_tail_c0_v0_3,glm,glm-5.2,glm-5.2 (api-pinned-2026-07-06),C0,E0,11,2,stress-only;direct-api;live-provider;redacted-prompt,0.360249,-0.015619,12.09191,outputs/v0_3_direct_api_matrix/provider_manifests/glm__glm_5_2__synthetic_jump_tail_c0_v0_3__c0__e0__seed_11__sample_2.json,sha256:611dc918dcbadef326512b8b12f2081f0ecc524bedf3ed020095f183782ccc8d,direct-api,glm-5.2,api-pinned-2026-07-06,valid,true,
trellm-v0.3-protocol,outputs/v0_3_direct_api_matrix/submissions/glm__glm_5_2__synthetic_jump_tail_c0_v0_3__c0__e0__seed_17__sample_0.json,synthetic_jump_tail_c0_v0_3,glm,glm-5.2,glm-5.2 (api-pinned-2026-07-06),C0,E0,17,0,stress-only;direct-api;live-provider;redacted-prompt,0.280906,-0.038164,9.572223,outputs/v0_3_direct_api_matrix/provider_manifests/glm__glm_5_2__synthetic_jump_tail_c0_v0_3__c0__e0__seed_17__sample_0.json,sha256:bb7499572d4c5928e866b445b8e5528a721177e8cad6929af0f347eea8d9046c,direct-api,glm-5.2,api-pinned-2026-07-06,valid,true,
trellm-v0.3-protocol,outputs/v0_3_direct_api_matrix/submissions/glm__glm_5_2__synthetic_jump_tail_c0_v0_3__c0__e0__seed_17__sample_1.json,synthetic_jump_tail_c0_v0_3,glm,glm-5.2,glm-5.2 (api-pinned-2026-07-06),C0,E0,17,1,stress-only;direct-api;live-provider;redacted-prompt,0.278952,-0.043377,8.627079,outputs/v0_3_direct_api_matrix/provider_manifests/glm__glm_5_2__synthetic_jump_tail_c0_v0_3__c0__e0__seed_17__sample_1.json,sha256:9dc3fb5ccd6484252d673ea008a3e46e00f16b618ca92784d689f8982a108976,direct-api,glm-5.2,api-pinned-2026-07-06,valid,true,
trellm-v0.3-protocol,outputs/v0_3_direct_api_matrix/submissions/glm__glm_5_2__synthetic_jump_tail_c0_v0_3__c0__e0__seed_17__sample_2.json,synthetic_jump_tail_c0_v0_3,glm,glm-5.2,glm-5.2 (api-pinned-2026-07-06),C0,E0,17,2,stress-only;direct-api;live-provider;redacted-prompt,0.279228,-0.043406,8.565344,outputs/v0_3_direct_api_matrix/provider_manifests/glm__glm_5_2__synthetic_jump_tail_c0_v0_3__c0__e0__seed_17__sample_2.json,sha256:13d048f4d53e96434b43c8b23c5abd16c49247d52af2375d5e2506486e01e625,direct-api,glm-5.2,api-pinned-2026-07-06,valid,true,
trellm-v0.3-protocol,outputs/v0_3_direct_api_matrix/submissions/glm__glm_5_2__synthetic_jump_tail_c0_v0_3__c0__e0__seed_23__sample_0.json,synthetic_jump_tail_c0_v0_3,glm,glm-5.2,glm-5.2 (api-pinned-2026-07-06),C0,E0,23,0,stress-only;direct-api;live-provider;redacted-prompt,0.193592,-0.03821,8.069572,outputs/v0_3_direct_api_matrix/provider_manifests/glm__glm_5_2__synthetic_jump_tail_c0_v0_3__c0__e0__seed_23__sample_0.json,sha256:8a8766f26250da3728d72ddb0142ec4a40e4d7fae8f06ad3a97b12bc2b78f2db,direct-api,glm-5.2,api-pinned-2026-07-06,valid,true,
trellm-v0.3-protocol,outputs/v0_3_direct_api_matrix/submissions/glm__glm_5_2__synthetic_jump_tail_c0_v0_3__c0__e0__seed_23__sample_1.json,synthetic_jump_tail_c0_v0_3,glm,glm-5.2,glm-5.2 (api-pinned-2026-07-06),C0,E0,23,1,stress-only;direct-api;live-provider;redacted-prompt,0.204063,-0.049671,7.691066,outputs/v0_3_direct_api_matrix/provider_manifests/glm__glm_5_2__synthetic_jump_tail_c0_v0_3__c0__e0__seed_23__sample_1.json,sha256:93670aa6e2523c40c81335a15009c0e4d499a88948b5078e5c31584e04e80e46,direct-api,glm-5.2,api-pinned-2026-07-06,valid,true,
trellm-v0.3-protocol,outputs/v0_3_direct_api_matrix/submissions/glm__glm_5_2__synthetic_jump_tail_c0_v0_3__c0__e0__seed_23__sample_2.json,synthetic_jump_tail_c0_v0_3,glm,glm-5.2,glm-5.2 (api-pinned-2026-07-06),C0,E0,23,2,stress-only;direct-api;live-provider;redacted-prompt,0.214397,-0.038216,8.946079,outputs/v0_3_direct_api_matrix/provider_manifests/glm__glm_5_2__synthetic_jump_tail_c0_v0_3__c0__e0__seed_23__sample_2.json,sha256:5215bf38cc79cff53dda0bb9099a6317cdf450eeb72fafb63c60ad5669f064c8,direct-api,glm-5.2,api-pinned-2026-07-06,valid,true,
trellm-v0.3-protocol,outputs/v0_3_direct_api_matrix/submissions/glm__glm_5_2__synthetic_jump_tail_c0_v0_3__c0__e0__seed_31__sample_0.json,synthetic_jump_tail_c0_v0_3,glm,glm-5.2,glm-5.2 (api-pinned-2026-07-06),C0,E0,31,0,stress-only;direct-api;live-provider;redacted-prompt,0.415751,-0.004065,12.111272,outputs/v0_3_direct_api_matrix/provider_manifests/glm__glm_5_2__synthetic_jump_tail_c0_v0_3__c0__e0__seed_31__sample_0.json,sha256:92e143bff116e10acdeecdc9d476f60d3e38f48ec3dae0aeb4e1274815aad807,direct-api,glm-5.2,api-pinned-2026-07-06,valid,true,
trellm-v0.3-protocol,outputs/v0_3_direct_api_matrix/submissions/glm__glm_5_2__synthetic_jump_tail_c0_v0_3__c0__e0__seed_31__sample_1.json,synthetic_jump_tail_c0_v0_3,glm,glm-5.2,glm-5.2 (api-pinned-2026-07-06),C0,E0,31,1,stress-only;direct-api;live-provider;redacted-prompt,0.374384,-0.008935,10.892705,outputs/v0_3_direct_api_matrix/provider_manifests/glm__glm_5_2__synthetic_jump_tail_c0_v0_3__c0__e0__seed_31__sample_1.json,sha256:e729631c5d9741d94663f8846720cd38fe9be0369acd2f7f483a4c783678db24,direct-api,glm-5.2,api-pinned-2026-07-06,valid,true,
trellm-v0.3-protocol,outputs/v0_3_direct_api_matrix/submissions/glm__glm_5_2__synthetic_jump_tail_c0_v0_3__c0__e0__seed_31__sample_2.json,synthetic_jump_tail_c0_v0_3,glm,glm-5.2,glm-5.2 (api-pinned-2026-07-06),C0,E0,31,2,stress-only;direct-api;live-provider;redacted-prompt,0.394784,-0.008957,11.391335,outputs/v0_3_direct_api_matrix/provider_manifests/glm__glm_5_2__synthetic_jump_tail_c0_v0_3__c0__e0__seed_31__sample_2.json,sha256:3140d2e329e1cbaa23ee0115c82bee0cd04756719c5d2667dbf66229ed675dce,direct-api,glm-5.2,api-pinned-2026-07-06,valid,true,
trellm-v0.3-protocol,outputs/v0_3_direct_api_matrix/submissions/glm__glm_5_2__synthetic_jump_tail_c0_v0_3__c0__e0__seed_37__sample_0.json,synthetic_jump_tail_c0_v0_3,glm,glm-5.2,glm-5.2 (api-pinned-2026-07-06),C0,E0,37,0,stress-only;direct-api;live-provider;redacted-prompt,0.250272,-0.032427,7.961944,outputs/v0_3_direct_api_matrix/provider_manifests/glm__glm_5_2__synthetic_jump_tail_c0_v0_3__c0__e0__seed_37__sample_0.json,sha256:d74d3ee683ebc044f003e7897e2421923956d2e0179d32302d66bad0270b74a1,direct-api,glm-5.2,api-pinned-2026-07-06,valid,true,
trellm-v0.3-protocol,outputs/v0_3_direct_api_matrix/submissions/glm__glm_5_2__synthetic_jump_tail_c0_v0_3__c0__e0__seed_37__sample_1.json,synthetic_jump_tail_c0_v0_3,glm,glm-5.2,glm-5.2 (api-pinned-2026-07-06),C0,E0,37,1,stress-only;direct-api;live-provider;redacted-prompt,0.256368,-0.026997,8.586221,outputs/v0_3_direct_api_matrix/provider_manifests/glm__glm_5_2__synthetic_jump_tail_c0_v0_3__c0__e0__seed_37__sample_1.json,sha256:560e6de1f83575e63247a65c2cc6d55841fc5e0201225a62885bd3b3c5127a54,direct-api,glm-5.2,api-pinned-2026-07-06,valid,true,
trellm-v0.3-protocol,outputs/v0_3_direct_api_matrix/submissions/glm__glm_5_2__synthetic_jump_tail_c0_v0_3__c0__e0__seed_37__sample_2.json,synthetic_jump_tail_c0_v0_3,glm,glm-5.2,glm-5.2 (api-pinned-2026-07-06),C0,E0,37,2,stress-only;direct-api;live-provider;redacted-prompt,0.232608,-0.029234,8.205895,outputs/v0_3_direct_api_matrix/provider_manifests/glm__glm_5_2__synthetic_jump_tail_c0_v0_3__c0__e0__seed_37__sample_2.json,sha256:5fc8869558570652aacd47b6df2adfb1bac17c72f1163432836faf1326a29f03,direct-api,glm-5.2,api-pinned-2026-07-06,valid,true,
trellm-v0.3-protocol,outputs/v0_3_direct_api_matrix/submissions/glm__glm_5_2__synthetic_jump_tail_c0_v0_3__c0__e0__seed_41__sample_0.json,synthetic_jump_tail_c0_v0_3,glm,glm-5.2,glm-5.2 (api-pinned-2026-07-06),C0,E0,41,0,stress-only;direct-api;live-provider;redacted-prompt,0.219148,-0.042212,8.227188,outputs/v0_3_direct_api_matrix/provider_manifests/glm__glm_5_2__synthetic_jump_tail_c0_v0_3__c0__e0__seed_41__sample_0.json,sha256:11d73d664e5249cc2935d024b8783d16299b5f207c50c10f64efbd1c8fbc51e0,direct-api,glm-5.2,api-pinned-2026-07-06,valid,true,
trellm-v0.3-protocol,outputs/v0_3_direct_api_matrix/submissions/glm__glm_5_2__synthetic_jump_tail_c0_v0_3__c0__e0__seed_41__sample_1.json,synthetic_jump_tail_c0_v0_3,glm,glm-5.2,glm-5.2 (api-pinned-2026-07-06),C0,E0,41,1,stress-only;direct-api;live-provider;redacted-prompt,0.199237,-0.04733,7.545257,outputs/v0_3_direct_api_matrix/provider_manifests/glm__glm_5_2__synthetic_jump_tail_c0_v0_3__c0__e0__seed_41__sample_1.json,sha256:8312921ab3bddd8e7a92fdec8983c2df38ca7e25a4f895eade5306a9dd0d31f3,direct-api,glm-5.2,api-pinned-2026-07-06,valid,true,
trellm-v0.3-protocol,outputs/v0_3_direct_api_matrix/submissions/glm__glm_5_2__synthetic_jump_tail_c0_v0_3__c0__e0__seed_41__sample_2.json,synthetic_jump_tail_c0_v0_3,glm,glm-5.2,glm-5.2 (api-pinned-2026-07-06),C0,E0,41,2,stress-only;direct-api;live-provider;redacted-prompt,0.247351,-0.029659,9.396645,outputs/v0_3_direct_api_matrix/provider_manifests/glm__glm_5_2__synthetic_jump_tail_c0_v0_3__c0__e0__seed_41__sample_2.json,sha256:6be35696233376ddb3ec9e92c0f19e566fcf53ebfadfb18343624fcbd4529247,direct-api,glm-5.2,api-pinned-2026-07-06,valid,true,
trellm-v0.3-protocol,outputs/v0_3_direct_api_matrix/submissions/glm__glm_5_2__synthetic_jump_tail_c0_v0_3__c0__e0__seed_43__sample_0.json,synthetic_jump_tail_c0_v0_3,glm,glm-5.2,glm-5.2 (api-pinned-2026-07-06),C0,E0,43,0,stress-only;direct-api;live-provider;redacted-prompt,0.166996,-0.037181,5.51295,outputs/v0_3_direct_api_matrix/provider_manifests/glm__glm_5_2__synthetic_jump_tail_c0_v0_3__c0__e0__seed_43__sample_0.json,sha256:c331c18bc1ddbbf75994c678a5a46e191cfa391e10cdc4e3a2009cfb9f801f74,direct-api,glm-5.2,api-pinned-2026-07-06,valid,true,
trellm-v0.3-protocol,outputs/v0_3_direct_api_matrix/submissions/glm__glm_5_2__synthetic_jump_tail_c0_v0_3__c0__e0__seed_43__sample_1.json,synthetic_jump_tail_c0_v0_3,glm,glm-5.2,glm-5.2 (api-pinned-2026-07-06),C0,E0,43,1,stress-only;direct-api;live-provider;redacted-prompt,0.179116,-0.037181,5.966923,outputs/v0_3_direct_api_matrix/provider_manifests/glm__glm_5_2__synthetic_jump_tail_c0_v0_3__c0__e0__seed_43__sample_1.json,sha256:5b967b3b2d63df0d948cac54cd1d0bb0491fc6610cb983359f9171e62fb77832,direct-api,glm-5.2,api-pinned-2026-07-06,valid,true,
trellm-v0.3-protocol,outputs/v0_3_direct_api_matrix/submissions/glm__glm_5_2__synthetic_jump_tail_c0_v0_3__c0__e0__seed_43__sample_2.json,synthetic_jump_tail_c0_v0_3,glm,glm-5.2,glm-5.2 (api-pinned-2026-07-06),C0,E0,43,2,stress-only;direct-api;live-provider;redacted-prompt,0.180372,-0.036927,6.043038,outputs/v0_3_direct_api_matrix/provider_manifests/glm__glm_5_2__synthetic_jump_tail_c0_v0_3__c0__e0__seed_43__sample_2.json,sha256:d3e6be8cd5ff29f24cae77bcc3b8e80a0a47504174b12117f905cd054068ca6d,direct-api,glm-5.2,api-pinned-2026-07-06,valid,true,
trellm-v0.3-protocol,outputs/v0_3_direct_api_matrix/submissions/glm__glm_5_2__synthetic_jump_tail_c0_v0_3__c0__e0__seed_47__sample_0.json,synthetic_jump_tail_c0_v0_3,glm,glm-5.2,glm-5.2 (api-pinned-2026-07-06),C0,E0,47,0,stress-only;direct-api;live-provider;redacted-prompt,0.220537,-0.046368,7.103459,outputs/v0_3_direct_api_matrix/provider_manifests/glm__glm_5_2__synthetic_jump_tail_c0_v0_3__c0__e0__seed_47__sample_0.json,sha256:2ee52cad819130124def8ed8e2da359ea31f1828355bbc4c45ef5ed3d290d7ed,direct-api,glm-5.2,api-pinned-2026-07-06,valid,true,
trellm-v0.3-protocol,outputs/v0_3_direct_api_matrix/submissions/glm__glm_5_2__synthetic_jump_tail_c0_v0_3__c0__e0__seed_47__sample_1.json,synthetic_jump_tail_c0_v0_3,glm,glm-5.2,glm-5.2 (api-pinned-2026-07-06),C0,E0,47,1,stress-only;direct-api;live-provider;redacted-prompt,0.211481,-0.044945,6.997334,outputs/v0_3_direct_api_matrix/provider_manifests/glm__glm_5_2__synthetic_jump_tail_c0_v0_3__c0__e0__seed_47__sample_1.json,sha256:2eab4813082c577cde144ebb36d7793f297018a5e8ec45a0161d40e1924ef961,direct-api,glm-5.2,api-pinned-2026-07-06,valid,true,
trellm-v0.3-protocol,outputs/v0_3_direct_api_matrix/submissions/glm__glm_5_2__synthetic_jump_tail_c0_v0_3__c0__e0__seed_47__sample_2.json,synthetic_jump_tail_c0_v0_3,glm,glm-5.2,glm-5.2 (api-pinned-2026-07-06),C0,E0,47,2,stress-only;direct-api;live-provider;redacted-prompt,0.216208,-0.043563,6.978452,outputs/v0_3_direct_api_matrix/provider_manifests/glm__glm_5_2__synthetic_jump_tail_c0_v0_3__c0__e0__seed_47__sample_2.json,sha256:b01da244e0d2e4c83c1d5003734127031c596d8fea5aede2ab279bd2303a95d7,direct-api,glm-5.2,api-pinned-2026-07-06,valid,true,
trellm-v0.3-protocol,outputs/v0_3_direct_api_matrix/submissions/glm__glm_5_2__synthetic_jump_tail_c0_v0_3__c0__e0__seed_53__sample_0.json,synthetic_jump_tail_c0_v0_3,glm,glm-5.2,glm-5.2 (api-pinned-2026-07-06),C0,E0,53,0,stress-only;direct-api;live-provider;redacted-prompt,0.365316,-0.030744,11.383465,outputs/v0_3_direct_api_matrix/provider_manifests/glm__glm_5_2__synthetic_jump_tail_c0_v0_3__c0__e0__seed_53__sample_0.json,sha256:810ca727209f7fe8d7dcfeacadc447710f1e69b8f5bff2447cf3ccbc82959674,direct-api,glm-5.2,api-pinned-2026-07-06,valid,true,
trellm-v0.3-protocol,outputs/v0_3_direct_api_matrix/submissions/glm__glm_5_2__synthetic_jump_tail_c0_v0_3__c0__e0__seed_53__sample_1.json,synthetic_jump_tail_c0_v0_3,glm,glm-5.2,glm-5.2 (api-pinned-2026-07-06),C0,E0,53,1,stress-only;direct-api;live-provider;redacted-prompt,0.36365,-0.029616,11.41597,outputs/v0_3_direct_api_matrix/provider_manifests/glm__glm_5_2__synthetic_jump_tail_c0_v0_3__c0__e0__seed_53__sample_1.json,sha256:d4394569dc318f86592297cf844bfa0d923d03f2720374bcb4a700e2c9744528,direct-api,glm-5.2,api-pinned-2026-07-06,valid,true,
trellm-v0.3-protocol,outputs/v0_3_direct_api_matrix/submissions/glm__glm_5_2__synthetic_jump_tail_c0_v0_3__c0__e0__seed_53__sample_2.json,synthetic_jump_tail_c0_v0_3,glm,glm-5.2,glm-5.2 (api-pinned-2026-07-06),C0,E0,53,2,stress-only;direct-api;live-provider;redacted-prompt,0.371505,-0.030729,11.366334,outputs/v0_3_direct_api_matrix/provider_manifests/glm__glm_5_2__synthetic_jump_tail_c0_v0_3__c0__e0__seed_53__sample_2.json,sha256:20f0df0488a855f4510ce59284c992133dd056f64c43ff5e9fdbb0b1f83d7ef7,direct-api,glm-5.2,api-pinned-2026-07-06,valid,true,
trellm-v0.3-protocol,outputs/v0_3_direct_api_matrix/submissions/glm__glm_5_2__synthetic_jump_tail_c0_v0_3__c0__e0__seed_7__sample_0.json,synthetic_jump_tail_c0_v0_3,glm,glm-5.2,glm-5.2 (api-pinned-2026-07-06),C0,E0,7,0,stress-only;direct-api;live-provider;redacted-prompt,0.400517,-0.017001,12.057076,outputs/v0_3_direct_api_matrix/provider_manifests/glm__glm_5_2__synthetic_jump_tail_c0_v0_3__c0__e0__seed_7__sample_0.json,sha256:fab4a4bbcd143fccef2447b726b99e5801f15df4dd4875f3b108408d381948d2,direct-api,glm-5.2,api-pinned-2026-07-06,valid,true,
trellm-v0.3-protocol,outputs/v0_3_direct_api_matrix/submissions/glm__glm_5_2__synthetic_jump_tail_c0_v0_3__c0__e0__seed_7__sample_1.json,synthetic_jump_tail_c0_v0_3,glm,glm-5.2,glm-5.2 (api-pinned-2026-07-06),C0,E0,7,1,stress-only;direct-api;live-provider;redacted-prompt,0.391861,-0.013928,11.79203,outputs/v0_3_direct_api_matrix/provider_manifests/glm__glm_5_2__synthetic_jump_tail_c0_v0_3__c0__e0__seed_7__sample_1.json,sha256:f7a7365d6b618061bd4a8d0136d6bb9e8032e9411de751fa69a260e849f87471,direct-api,glm-5.2,api-pinned-2026-07-06,valid,true,
trellm-v0.3-protocol,outputs/v0_3_direct_api_matrix/submissions/glm__glm_5_2__synthetic_jump_tail_c0_v0_3__c0__e0__seed_7__sample_2.json,synthetic_jump_tail_c0_v0_3,glm,glm-5.2,glm-5.2 (api-pinned-2026-07-06),C0,E0,7,2,stress-only;direct-api;live-provider;redacted-prompt,0.373833,-0.017001,11.317575,outputs/v0_3_direct_api_matrix/provider_manifests/glm__glm_5_2__synthetic_jump_tail_c0_v0_3__c0__e0__seed_7__sample_2.json,sha256:c67e6a0bd30bcd000ac6ccef0d7ce4d122306182725ce70efc69e91799cd6d34,direct-api,glm-5.2,api-pinned-2026-07-06,valid,true,
trellm-v0.3-protocol,outputs/v0_3_direct_api_matrix/submissions/glm__glm_5_2__synthetic_jump_tail_c0_v0_3__c0__e1__seed_11__sample_0.json,synthetic_jump_tail_c0_v0_3,glm,glm-5.2,glm-5.2 (api-pinned-2026-07-06),C0,E1,11,0,stress-only;direct-api;live-provider;redacted-prompt,0.32258,-0.005874,14.546339,outputs/v0_3_direct_api_matrix/provider_manifests/glm__glm_5_2__synthetic_jump_tail_c0_v0_3__c0__e1__seed_11__sample_0.json,sha256:43ea1ddf64f0b82499b62872250e3c4e8ebf76d1d996cbf0c4654c89c17dd9f7,direct-api,glm-5.2,api-pinned-2026-07-06,valid,true,
trellm-v0.3-protocol,outputs/v0_3_direct_api_matrix/submissions/glm__glm_5_2__synthetic_jump_tail_c0_v0_3__c0__e1__seed_11__sample_1.json,synthetic_jump_tail_c0_v0_3,glm,glm-5.2,glm-5.2 (api-pinned-2026-07-06),C0,E1,11,1,stress-only;direct-api;live-provider;redacted-prompt,0.283168,-0.00871,15.105723,outputs/v0_3_direct_api_matrix/provider_manifests/glm__glm_5_2__synthetic_jump_tail_c0_v0_3__c0__e1__seed_11__sample_1.json,sha256:abeb9f59ac38d0ce971954ad6b83e6841137c67db94b03e932d8499bcf6625c2,direct-api,glm-5.2,api-pinned-2026-07-06,valid,true,
trellm-v0.3-protocol,outputs/v0_3_direct_api_matrix/submissions/glm__glm_5_2__synthetic_jump_tail_c0_v0_3__c0__e1__seed_11__sample_2.json,synthetic_jump_tail_c0_v0_3,glm,glm-5.2,glm-5.2 (api-pinned-2026-07-06),C0,E1,11,2,stress-only;direct-api;live-provider;redacted-prompt,0.416053,-0.003457,11.404218,outputs/v0_3_direct_api_matrix/provider_manifests/glm__glm_5_2__synthetic_jump_tail_c0_v0_3__c0__e1__seed_11__sample_2.json,sha256:1939358e94654afd31e0f0f487fcc4f82ff1e1e4bf188124a43e24cfed8633ae,direct-api,glm-5.2,api-pinned-2026-07-06,valid,true,
trellm-v0.3-protocol,outputs/v0_3_direct_api_matrix/submissions/glm__glm_5_2__synthetic_jump_tail_c0_v0_3__c0__e1__seed_17__sample_0.json,synthetic_jump_tail_c0_v0_3,glm,glm-5.2,glm-5.2 (api-pinned-2026-07-06),C0,E1,17,0,stress-only;direct-api;live-provider;redacted-prompt,0.240025,-0.054766,6.417442,outputs/v0_3_direct_api_matrix/provider_manifests/glm__glm_5_2__synthetic_jump_tail_c0_v0_3__c0__e1__seed_17__sample_0.json,sha256:69f8a35ca78b3b6d7adbf734fc76d7ac3199e1dd0a753c90d47716a9bc1d5b64,direct-api,glm-5.2,api-pinned-2026-07-06,valid,true,
trellm-v0.3-protocol,outputs/v0_3_direct_api_matrix/submissions/glm__glm_5_2__synthetic_jump_tail_c0_v0_3__c0__e1__seed_17__sample_1.json,synthetic_jump_tail_c0_v0_3,glm,glm-5.2,glm-5.2 (api-pinned-2026-07-06),C0,E1,17,1,stress-only;direct-api;live-provider;redacted-prompt,0.214054,-0.049168,7.179808,outputs/v0_3_direct_api_matrix/provider_manifests/glm__glm_5_2__synthetic_jump_tail_c0_v0_3__c0__e1__seed_17__sample_1.json,sha256:44b09aaf178df333a92e9879400a6ba43ebda11df8ce19cb04fdae64f4769b47,direct-api,glm-5.2,api-pinned-2026-07-06,valid,true,
trellm-v0.3-protocol,outputs/v0_3_direct_api_matrix/submissions/glm__glm_5_2__synthetic_jump_tail_c0_v0_3__c0__e1__seed_17__sample_2.json,synthetic_jump_tail_c0_v0_3,glm,glm-5.2,glm-5.2 (api-pinned-2026-07-06),C0,E1,17,2,stress-only;direct-api;live-provider;redacted-prompt,0.19501,-0.053652,6.590415,outputs/v0_3_direct_api_matrix/provider_manifests/glm__glm_5_2__synthetic_jump_tail_c0_v0_3__c0__e1__seed_17__sample_2.json,sha256:277b9a0c89601310fbfaf2b7a091568545603c589dca8472987596cbf59bb132,direct-api,glm-5.2,api-pinned-2026-07-06,valid,true,
trellm-v0.3-protocol,outputs/v0_3_direct_api_matrix/submissions/glm__glm_5_2__synthetic_jump_tail_c0_v0_3__c0__e1__seed_23__sample_0.json,synthetic_jump_tail_c0_v0_3,glm,glm-5.2,glm-5.2 (api-pinned-2026-07-06),C0,E1,23,0,stress-only;direct-api;live-provider;redacted-prompt,0.10777,-0.065026,3.477432,outputs/v0_3_direct_api_matrix/provider_manifests/glm__glm_5_2__synthetic_jump_tail_c0_v0_3__c0__e1__seed_23__sample_0.json,sha256:c90b77c55ca2140a73ce9434caced46694b022e9bfe7d31c44e2a6d9538431bd,direct-api,glm-5.2,api-pinned-2026-07-06,valid,true,
trellm-v0.3-protocol,outputs/v0_3_direct_api_matrix/submissions/glm__glm_5_2__synthetic_jump_tail_c0_v0_3__c0__e1__seed_23__sample_1.json,synthetic_jump_tail_c0_v0_3,glm,glm-5.2,glm-5.2 (api-pinned-2026-07-06),C0,E1,23,1,stress-only;direct-api;live-provider;redacted-prompt,0.098651,-0.051496,4.069838,outputs/v0_3_direct_api_matrix/provider_manifests/glm__glm_5_2__synthetic_jump_tail_c0_v0_3__c0__e1__seed_23__sample_1.json,sha256:ff7fb5856eacf238b9d85eea301a28638d229c0d1b550ce749370cbd04403f2e,direct-api,glm-5.2,api-pinned-2026-07-06,valid,true,
trellm-v0.3-protocol,outputs/v0_3_direct_api_matrix/submissions/glm__glm_5_2__synthetic_jump_tail_c0_v0_3__c0__e1__seed_23__sample_2.json,synthetic_jump_tail_c0_v0_3,glm,glm-5.2,glm-5.2 (api-pinned-2026-07-06),C0,E1,23,2,stress-only;direct-api;live-provider;redacted-prompt,0.091538,-0.056008,3.655628,outputs/v0_3_direct_api_matrix/provider_manifests/glm__glm_5_2__synthetic_jump_tail_c0_v0_3__c0__e1__seed_23__sample_2.json,sha256:592b8a6d7e9d2995390da4e03286c858ec6500f75b527b95b1b218d374cfaac2,direct-api,glm-5.2,api-pinned-2026-07-06,valid,true,
trellm-v0.3-protocol,outputs/v0_3_direct_api_matrix/submissions/glm__glm_5_2__synthetic_jump_tail_c0_v0_3__c0__e1__seed_31__sample_0.json,synthetic_jump_tail_c0_v0_3,glm,glm-5.2,glm-5.2 (api-pinned-2026-07-06),C0,E1,31,0,stress-only;direct-api;live-provider;redacted-prompt,0.320258,-0.025427,10.983976,outputs/v0_3_direct_api_matrix/provider_manifests/glm__glm_5_2__synthetic_jump_tail_c0_v0_3__c0__e1__seed_31__sample_0.json,sha256:a120ea6eb42aa07f2a14e8baacc5cc615c82da1fb450624178a7f45b81d72bd2,direct-api,glm-5.2,api-pinned-2026-07-06,valid,true,
trellm-v0.3-protocol,outputs/v0_3_direct_api_matrix/submissions/glm__glm_5_2__synthetic_jump_tail_c0_v0_3__c0__e1__seed_31__sample_1.json,synthetic_jump_tail_c0_v0_3,glm,glm-5.2,glm-5.2 (api-pinned-2026-07-06),C0,E1,31,1,stress-only;direct-api;live-provider;redacted-prompt,0.391028,-0.024299,9.987729,outputs/v0_3_direct_api_matrix/provider_manifests/glm__glm_5_2__synthetic_jump_tail_c0_v0_3__c0__e1__seed_31__sample_1.json,sha256:b9255e0d00234be5c05663b53f4877a089fa6535ef76911574d30e7c2a7d9b6e,direct-api,glm-5.2,api-pinned-2026-07-06,valid,true,
trellm-v0.3-protocol,outputs/v0_3_direct_api_matrix/submissions/glm__glm_5_2__synthetic_jump_tail_c0_v0_3__c0__e1__seed_31__sample_2.json,synthetic_jump_tail_c0_v0_3,glm,glm-5.2,glm-5.2 (api-pinned-2026-07-06),C0,E1,31,2,stress-only;direct-api;live-provider;redacted-prompt,0.33577,-0.025109,9.975441,outputs/v0_3_direct_api_matrix/provider_manifests/glm__glm_5_2__synthetic_jump_tail_c0_v0_3__c0__e1__seed_31__sample_2.json,sha256:dd7ccb3b07b5cf7dde04acb7e0638a5883b8f4b327ec12f92515d3fde41ea226,direct-api,glm-5.2,api-pinned-2026-07-06,valid,true,
trellm-v0.3-protocol,outputs/v0_3_direct_api_matrix/submissions/glm__glm_5_2__synthetic_jump_tail_c0_v0_3__c0__e1__seed_37__sample_0.json,synthetic_jump_tail_c0_v0_3,glm,glm-5.2,glm-5.2 (api-pinned-2026-07-06),C0,E1,37,0,stress-only;direct-api;live-provider;redacted-prompt,0.146804,-0.093361,4.080168,outputs/v0_3_direct_api_matrix/provider_manifests/glm__glm_5_2__synthetic_jump_tail_c0_v0_3__c0__e1__seed_37__sample_0.json,sha256:d254983f29bd822ed795fafc35ca0bb7093a90836df201301e0118cd17a168ec,direct-api,glm-5.2,api-pinned-2026-07-06,valid,true,
trellm-v0.3-protocol,outputs/v0_3_direct_api_matrix/submissions/glm__glm_5_2__synthetic_jump_tail_c0_v0_3__c0__e1__seed_37__sample_1.json,synthetic_jump_tail_c0_v0_3,glm,glm-5.2,glm-5.2 (api-pinned-2026-07-06),C0,E1,37,1,stress-only;direct-api;live-provider;redacted-prompt,0.23902,-0.054393,6.658838,outputs/v0_3_direct_api_matrix/provider_manifests/glm__glm_5_2__synthetic_jump_tail_c0_v0_3__c0__e1__seed_37__sample_1.json,sha256:1fd9bcf4b5862c80d949fc673cd86ee391abe63c61038d97cb6fea7d5add8197,direct-api,glm-5.2,api-pinned-2026-07-06,valid,true,
trellm-v0.3-protocol,outputs/v0_3_direct_api_matrix/submissions/glm__glm_5_2__synthetic_jump_tail_c0_v0_3__c0__e1__seed_37__sample_2.json,synthetic_jump_tail_c0_v0_3,glm,glm-5.2,glm-5.2 (api-pinned-2026-07-06),C0,E1,37,2,stress-only;direct-api;live-provider;redacted-prompt,0.248978,-0.054318,7.284575,outputs/v0_3_direct_api_matrix/provider_manifests/glm__glm_5_2__synthetic_jump_tail_c0_v0_3__c0__e1__seed_37__sample_2.json,sha256:83739522ea35e2e9f826a7925ac1b8f68d3fed72004af44389d1561752b64c21,direct-api,glm-5.2,api-pinned-2026-07-06,valid,true,
trellm-v0.3-protocol,outputs/v0_3_direct_api_matrix/submissions/glm__glm_5_2__synthetic_jump_tail_c0_v0_3__c0__e1__seed_41__sample_0.json,synthetic_jump_tail_c0_v0_3,glm,glm-5.2,glm-5.2 (api-pinned-2026-07-06),C0,E1,41,0,stress-only;direct-api;live-provider;redacted-prompt,0.114486,-0.068883,4.220431,outputs/v0_3_direct_api_matrix/provider_manifests/glm__glm_5_2__synthetic_jump_tail_c0_v0_3__c0__e1__seed_41__sample_0.json,sha256:f752edd9fd650d539142bab5937342c571eaecc2bb2a8ee6fc2ab668ac8d431d,direct-api,glm-5.2,api-pinned-2026-07-06,valid,true,
trellm-v0.3-protocol,outputs/v0_3_direct_api_matrix/submissions/glm__glm_5_2__synthetic_jump_tail_c0_v0_3__c0__e1__seed_41__sample_1.json,synthetic_jump_tail_c0_v0_3,glm,glm-5.2,glm-5.2 (api-pinned-2026-07-06),C0,E1,41,1,stress-only;direct-api;live-provider;redacted-prompt,0.101163,-0.068883,4.03025,outputs/v0_3_direct_api_matrix/provider_manifests/glm__glm_5_2__synthetic_jump_tail_c0_v0_3__c0__e1__seed_41__sample_1.json,sha256:9627d9b8695eb878af86e2e8062cbcd5bea1da10a91ac75624daa3f36f6122aa,direct-api,glm-5.2,api-pinned-2026-07-06,valid,true,
trellm-v0.3-protocol,outputs/v0_3_direct_api_matrix/submissions/glm__glm_5_2__synthetic_jump_tail_c0_v0_3__c0__e1__seed_41__sample_2.json,synthetic_jump_tail_c0_v0_3,glm,glm-5.2,glm-5.2 (api-pinned-2026-07-06),C0,E1,41,2,stress-only;direct-api;live-provider;redacted-prompt,0.134544,-0.056864,5.102899,outputs/v0_3_direct_api_matrix/provider_manifests/glm__glm_5_2__synthetic_jump_tail_c0_v0_3__c0__e1__seed_41__sample_2.json,sha256:025be9c1fc07c2d9db2c7b094f0269fc30763951507f0fe940fe8de045ff9c35,direct-api,glm-5.2,api-pinned-2026-07-06,valid,true,
trellm-v0.3-protocol,outputs/v0_3_direct_api_matrix/submissions/glm__glm_5_2__synthetic_jump_tail_c0_v0_3__c0__e1__seed_43__sample_0.json,synthetic_jump_tail_c0_v0_3,glm,glm-5.2,glm-5.2 (api-pinned-2026-07-06),C0,E1,43,0,stress-only;direct-api;live-provider;redacted-prompt,0.117506,-0.024656,4.424833,outputs/v0_3_direct_api_matrix/provider_manifests/glm__glm_5_2__synthetic_jump_tail_c0_v0_3__c0__e1__seed_43__sample_0.json,sha256:45555e5fb789696f0b3af096b206cef382e642cf293d84223a3f43d2fbb70b38,direct-api,glm-5.2,api-pinned-2026-07-06,valid,true,
trellm-v0.3-protocol,outputs/v0_3_direct_api_matrix/submissions/glm__glm_5_2__synthetic_jump_tail_c0_v0_3__c0__e1__seed_43__sample_1.json,synthetic_jump_tail_c0_v0_3,glm,glm-5.2,glm-5.2 (api-pinned-2026-07-06),C0,E1,43,1,stress-only;direct-api;live-provider;redacted-prompt,0.11032,-0.02615,4.332643,outputs/v0_3_direct_api_matrix/provider_manifests/glm__glm_5_2__synthetic_jump_tail_c0_v0_3__c0__e1__seed_43__sample_1.json,sha256:672298a7c5fc1bac866cab705f1d609477070c83c2b55cd7aaf861046d1bc235,direct-api,glm-5.2,api-pinned-2026-07-06,valid,true,
trellm-v0.3-protocol,outputs/v0_3_direct_api_matrix/submissions/glm__glm_5_2__synthetic_jump_tail_c0_v0_3__c0__e1__seed_43__sample_2.json,synthetic_jump_tail_c0_v0_3,glm,glm-5.2,glm-5.2 (api-pinned-2026-07-06),C0,E1,43,2,stress-only;direct-api;live-provider;redacted-prompt,0.068861,-0.049775,2.445228,outputs/v0_3_direct_api_matrix/provider_manifests/glm__glm_5_2__synthetic_jump_tail_c0_v0_3__c0__e1__seed_43__sample_2.json,sha256:527e8cfe3c509fa4f7dbd72f408d5e20ccbb03db36f9a12aab4cf32957e504f1,direct-api,glm-5.2,api-pinned-2026-07-06,valid,true,
trellm-v0.3-protocol,outputs/v0_3_direct_api_matrix/submissions/glm__glm_5_2__synthetic_jump_tail_c0_v0_3__c0__e1__seed_47__sample_0.json,synthetic_jump_tail_c0_v0_3,glm,glm-5.2,glm-5.2 (api-pinned-2026-07-06),C0,E1,47,0,stress-only;direct-api;live-provider;redacted-prompt,0.153328,-0.053909,4.714155,outputs/v0_3_direct_api_matrix/provider_manifests/glm__glm_5_2__synthetic_jump_tail_c0_v0_3__c0__e1__seed_47__sample_0.json,sha256:9b74542cba451906a6ffe9b8cf78314c6d567c3c436e65b1e155b1d486fc5660,direct-api,glm-5.2,api-pinned-2026-07-06,valid,true,
trellm-v0.3-protocol,outputs/v0_3_direct_api_matrix/submissions/glm__glm_5_2__synthetic_jump_tail_c0_v0_3__c0__e1__seed_47__sample_1.json,synthetic_jump_tail_c0_v0_3,glm,glm-5.2,glm-5.2 (api-pinned-2026-07-06),C0,E1,47,1,stress-only;direct-api;live-provider;redacted-prompt,0.163747,-0.049399,5.594224,outputs/v0_3_direct_api_matrix/provider_manifests/glm__glm_5_2__synthetic_jump_tail_c0_v0_3__c0__e1__seed_47__sample_1.json,sha256:fe88d049bf2e05116ebbb29be4872cb9c6dfcedb80a417c2408e4b2f39626bf5,direct-api,glm-5.2,api-pinned-2026-07-06,valid,true,
trellm-v0.3-protocol,outputs/v0_3_direct_api_matrix/submissions/glm__glm_5_2__synthetic_jump_tail_c0_v0_3__c0__e1__seed_47__sample_2.json,synthetic_jump_tail_c0_v0_3,glm,glm-5.2,glm-5.2 (api-pinned-2026-07-06),C0,E1,47,2,stress-only;direct-api;live-provider;redacted-prompt,0.115863,-0.067648,3.894834,outputs/v0_3_direct_api_matrix/provider_manifests/glm__glm_5_2__synthetic_jump_tail_c0_v0_3__c0__e1__seed_47__sample_2.json,sha256:d662c7779401e71a4ba9cad54de47e9d50ab40bc1a21d1322a35d3939f61acac,direct-api,glm-5.2,api-pinned-2026-07-06,valid,true,
trellm-v0.3-protocol,outputs/v0_3_direct_api_matrix/submissions/glm__glm_5_2__synthetic_jump_tail_c0_v0_3__c0__e1__seed_53__sample_0.json,synthetic_jump_tail_c0_v0_3,glm,glm-5.2,glm-5.2 (api-pinned-2026-07-06),C0,E1,53,0,stress-only;direct-api;live-provider;redacted-prompt,0.339987,-0.029222,10.863558,outputs/v0_3_direct_api_matrix/provider_manifests/glm__glm_5_2__synthetic_jump_tail_c0_v0_3__c0__e1__seed_53__sample_0.json,sha256:a77dd09a78fa2f7e02d9376b61f91cde6ff2e27e35f022604b3fed18cdae6e84,direct-api,glm-5.2,api-pinned-2026-07-06,valid,true,
trellm-v0.3-protocol,outputs/v0_3_direct_api_matrix/submissions/glm__glm_5_2__synthetic_jump_tail_c0_v0_3__c0__e1__seed_53__sample_1.json,synthetic_jump_tail_c0_v0_3,glm,glm-5.2,glm-5.2 (api-pinned-2026-07-06),C0,E1,53,1,stress-only;direct-api;live-provider;redacted-prompt,0.383016,-0.008713,13.471665,outputs/v0_3_direct_api_matrix/provider_manifests/glm__glm_5_2__synthetic_jump_tail_c0_v0_3__c0__e1__seed_53__sample_1.json,sha256:db65340972a8e3706ff8305cceb0e1266df9cb52214d33d8686a4c9cad3f34dc,direct-api,glm-5.2,api-pinned-2026-07-06,valid,true,
trellm-v0.3-protocol,outputs/v0_3_direct_api_matrix/submissions/glm__glm_5_2__synthetic_jump_tail_c0_v0_3__c0__e1__seed_53__sample_2.json,synthetic_jump_tail_c0_v0_3,glm,glm-5.2,glm-5.2 (api-pinned-2026-07-06),C0,E1,53,2,stress-only;direct-api;live-provider;redacted-prompt,0.352464,-0.029201,11.577634,outputs/v0_3_direct_api_matrix/provider_manifests/glm__glm_5_2__synthetic_jump_tail_c0_v0_3__c0__e1__seed_53__sample_2.json,sha256:97b9f6a4daf3e3066694a8efd13fc061f2bea0ef2822512bd9d643375699eeeb,direct-api,glm-5.2,api-pinned-2026-07-06,valid,true,
trellm-v0.3-protocol,outputs/v0_3_direct_api_matrix/submissions/glm__glm_5_2__synthetic_jump_tail_c0_v0_3__c0__e1__seed_7__sample_0.json,synthetic_jump_tail_c0_v0_3,glm,glm-5.2,glm-5.2 (api-pinned-2026-07-06),C0,E1,7,0,stress-only;direct-api;live-provider;redacted-prompt,0.344811,-0.01555,7.659188,outputs/v0_3_direct_api_matrix/provider_manifests/glm__glm_5_2__synthetic_jump_tail_c0_v0_3__c0__e1__seed_7__sample_0.json,sha256:67c317682d947ee01de608834ac74dc902b5ec15339123aad7c070409162035e,direct-api,glm-5.2,api-pinned-2026-07-06,valid,true,
trellm-v0.3-protocol,outputs/v0_3_direct_api_matrix/submissions/glm__glm_5_2__synthetic_jump_tail_c0_v0_3__c0__e1__seed_7__sample_1.json,synthetic_jump_tail_c0_v0_3,glm,glm-5.2,glm-5.2 (api-pinned-2026-07-06),C0,E1,7,1,stress-only;direct-api;live-provider;redacted-prompt,0.32079,-0.014613,8.078157,outputs/v0_3_direct_api_matrix/provider_manifests/glm__glm_5_2__synthetic_jump_tail_c0_v0_3__c0__e1__seed_7__sample_1.json,sha256:8f632ffa63536854496ef0771f5c1a64287cc4f9396f70031038f52e0842d10d,direct-api,glm-5.2,api-pinned-2026-07-06,valid,true,
trellm-v0.3-protocol,outputs/v0_3_direct_api_matrix/submissions/glm__glm_5_2__synthetic_jump_tail_c0_v0_3__c0__e1__seed_7__sample_2.json,synthetic_jump_tail_c0_v0_3,glm,glm-5.2,glm-5.2 (api-pinned-2026-07-06),C0,E1,7,2,stress-only;direct-api;live-provider;redacted-prompt,0.343184,-0.014215,10.73871,outputs/v0_3_direct_api_matrix/provider_manifests/glm__glm_5_2__synthetic_jump_tail_c0_v0_3__c0__e1__seed_7__sample_2.json,sha256:9d17be1a85348977ae9c0ae5431c87d66420f9ce65fe40ae9762e379310596b1,direct-api,glm-5.2,api-pinned-2026-07-06,valid,true,
trellm-v0.3-protocol,outputs/v0_3_direct_api_matrix/submissions/glm__glm_5__synthetic_calm_trend_c0_v0_3__c0__e0__seed_11__sample_0.json,synthetic_calm_trend_c0_v0_3,glm,glm-5,glm-5 (api-pinned-2026-07-02),C0,E0,11,0,stress-only;direct-api;live-provider;redacted-prompt,0.262464,0.0,27.034017,outputs/v0_3_direct_api_matrix/provider_manifests/glm__glm_5__synthetic_calm_trend_c0_v0_3__c0__e0__seed_11__sample_0.json,sha256:4c21c40ffb3383f51c6ee106c4ed7e40bd572514494e620c8011f9971ccff382,direct-api,glm-5,api-pinned-2026-07-02,valid,true,
trellm-v0.3-protocol,outputs/v0_3_direct_api_matrix/submissions/glm__glm_5__synthetic_calm_trend_c0_v0_3__c0__e0__seed_11__sample_1.json,synthetic_calm_trend_c0_v0_3,glm,glm-5,glm-5 (api-pinned-2026-07-02),C0,E0,11,1,stress-only;direct-api;live-provider;redacted-prompt,0.270284,0.0,28.054179,outputs/v0_3_direct_api_matrix/provider_manifests/glm__glm_5__synthetic_calm_trend_c0_v0_3__c0__e0__seed_11__sample_1.json,sha256:d6a96b3c38683f90365d280d6e5eb4f4743c7c921bb1d08ed1105a15555a46ce,direct-api,glm-5,api-pinned-2026-07-02,valid,true,
trellm-v0.3-protocol,outputs/v0_3_direct_api_matrix/submissions/glm__glm_5__synthetic_calm_trend_c0_v0_3__c0__e0__seed_11__sample_2.json,synthetic_calm_trend_c0_v0_3,glm,glm-5,glm-5 (api-pinned-2026-07-02),C0,E0,11,2,stress-only;direct-api;live-provider;redacted-prompt,0.263221,0.0,27.404487,outputs/v0_3_direct_api_matrix/provider_manifests/glm__glm_5__synthetic_calm_trend_c0_v0_3__c0__e0__seed_11__sample_2.json,sha256:c51461573d7433a504234b0e752f2fe3e6fd381b94396eca4ac4d03aea1dfe05,direct-api,glm-5,api-pinned-2026-07-02,valid,true,
trellm-v0.3-protocol,outputs/v0_3_direct_api_matrix/submissions/glm__glm_5__synthetic_calm_trend_c0_v0_3__c0__e0__seed_17__sample_0.json,synthetic_calm_trend_c0_v0_3,glm,glm-5,glm-5 (api-pinned-2026-07-02),C0,E0,17,0,stress-only;direct-api;live-provider;redacted-prompt,0.210092,0.0,22.887615,outputs/v0_3_direct_api_matrix/provider_manifests/glm__glm_5__synthetic_calm_trend_c0_v0_3__c0__e0__seed_17__sample_0.json,sha256:5e84fc321b1883ce8adbddc7f4eb33e0c60c2f91adc7151242969ce035ae7114,direct-api,glm-5,api-pinned-2026-07-02,valid,true,
trellm-v0.3-protocol,outputs/v0_3_direct_api_matrix/submissions/glm__glm_5__synthetic_calm_trend_c0_v0_3__c0__e0__seed_17__sample_1.json,synthetic_calm_trend_c0_v0_3,glm,glm-5,glm-5 (api-pinned-2026-07-02),C0,E0,17,1,stress-only;direct-api;live-provider;redacted-prompt,0.191089,0.0,19.720555,outputs/v0_3_direct_api_matrix/provider_manifests/glm__glm_5__synthetic_calm_trend_c0_v0_3__c0__e0__seed_17__sample_1.json,sha256:628f4ab30a1ef1af91db1ba4dd4c940501fdbdc9e04b259d9ae1a22efa0084c2,direct-api,glm-5,api-pinned-2026-07-02,valid,true,
trellm-v0.3-protocol,outputs/v0_3_direct_api_matrix/submissions/glm__glm_5__synthetic_calm_trend_c0_v0_3__c0__e0__seed_17__sample_2.json,synthetic_calm_trend_c0_v0_3,glm,glm-5,glm-5 (api-pinned-2026-07-02),C0,E0,17,2,stress-only;direct-api;live-provider;redacted-prompt,0.194012,-0.000622,20.98479,outputs/v0_3_direct_api_matrix/provider_manifests/glm__glm_5__synthetic_calm_trend_c0_v0_3__c0__e0__seed_17__sample_2.json,sha256:a6881b3a539a4efd9d77859c555ed968847a70ef6a0fc33adf80c559d8f0481e,direct-api,glm-5,api-pinned-2026-07-02,valid,true,
trellm-v0.3-protocol,outputs/v0_3_direct_api_matrix/submissions/glm__glm_5__synthetic_calm_trend_c0_v0_3__c0__e0__seed_23__sample_0.json,synthetic_calm_trend_c0_v0_3,glm,glm-5,glm-5 (api-pinned-2026-07-02),C0,E0,23,0,stress-only;direct-api;live-provider;redacted-prompt,0.253904,0.0,28.633879,outputs/v0_3_direct_api_matrix/provider_manifests/glm__glm_5__synthetic_calm_trend_c0_v0_3__c0__e0__seed_23__sample_0.json,sha256:dbf4f4501c3043e0e7b252212d36b11cbaa78a778ffeca0c78069b03981ec0c6,direct-api,glm-5,api-pinned-2026-07-02,valid,true,
trellm-v0.3-protocol,outputs/v0_3_direct_api_matrix/submissions/glm__glm_5__synthetic_calm_trend_c0_v0_3__c0__e0__seed_23__sample_1.json,synthetic_calm_trend_c0_v0_3,glm,glm-5,glm-5 (api-pinned-2026-07-02),C0,E0,23,1,stress-only;direct-api;live-provider;redacted-prompt,0.262228,0.0,29.672769,outputs/v0_3_direct_api_matrix/provider_manifests/glm__glm_5__synthetic_calm_trend_c0_v0_3__c0__e0__seed_23__sample_1.json,sha256:40ed2e89001d29c9fb41e7e40b4a234435dfa9ec8717d6631c85f3bdea8cc317,direct-api,glm-5,api-pinned-2026-07-02,valid,true,
trellm-v0.3-protocol,outputs/v0_3_direct_api_matrix/submissions/glm__glm_5__synthetic_calm_trend_c0_v0_3__c0__e0__seed_23__sample_2.json,synthetic_calm_trend_c0_v0_3,glm,glm-5,glm-5 (api-pinned-2026-07-02),C0,E0,23,2,stress-only;direct-api;live-provider;redacted-prompt,0.254207,0.0,28.553992,outputs/v0_3_direct_api_matrix/provider_manifests/glm__glm_5__synthetic_calm_trend_c0_v0_3__c0__e0__seed_23__sample_2.json,sha256:592cc0e19a3027036828991123865d2316b9b4a83546fff414860d6d8fece6a3,direct-api,glm-5,api-pinned-2026-07-02,valid,true,
trellm-v0.3-protocol,outputs/v0_3_direct_api_matrix/submissions/glm__glm_5__synthetic_calm_trend_c0_v0_3__c0__e0__seed_31__sample_0.json,synthetic_calm_trend_c0_v0_3,glm,glm-5,glm-5 (api-pinned-2026-07-02),C0,E0,31,0,stress-only;direct-api;live-provider;redacted-prompt,0.232174,0.0,31.547556,outputs/v0_3_direct_api_matrix/provider_manifests/glm__glm_5__synthetic_calm_trend_c0_v0_3__c0__e0__seed_31__sample_0.json,sha256:6093e6349d99b3049e58baee6d1fcd375fb39ecb99116b764a57079fca8e17cb,direct-api,glm-5,api-pinned-2026-07-02,valid,true,
trellm-v0.3-protocol,outputs/v0_3_direct_api_matrix/submissions/glm__glm_5__synthetic_calm_trend_c0_v0_3__c0__e0__seed_31__sample_1.json,synthetic_calm_trend_c0_v0_3,glm,glm-5,glm-5 (api-pinned-2026-07-02),C0,E0,31,1,stress-only;direct-api;live-provider;redacted-prompt,0.226693,0.0,32.084154,outputs/v0_3_direct_api_matrix/provider_manifests/glm__glm_5__synthetic_calm_trend_c0_v0_3__c0__e0__seed_31__sample_1.json,sha256:81aef712ba46ebec1935106cf47a02d18b932b3ccfe509122631eda10860bdf6,direct-api,glm-5,api-pinned-2026-07-02,valid,true,
trellm-v0.3-protocol,outputs/v0_3_direct_api_matrix/submissions/glm__glm_5__synthetic_calm_trend_c0_v0_3__c0__e0__seed_31__sample_2.json,synthetic_calm_trend_c0_v0_3,glm,glm-5,glm-5 (api-pinned-2026-07-02),C0,E0,31,2,stress-only;direct-api;live-provider;redacted-prompt,0.22305,0.0,32.291852,outputs/v0_3_direct_api_matrix/provider_manifests/glm__glm_5__synthetic_calm_trend_c0_v0_3__c0__e0__seed_31__sample_2.json,sha256:6d20fc46cf417a4773ff497d03f14b83bf95b66f20814f08f108865004ed98a7,direct-api,glm-5,api-pinned-2026-07-02,valid,true,
trellm-v0.3-protocol,outputs/v0_3_direct_api_matrix/submissions/glm__glm_5__synthetic_calm_trend_c0_v0_3__c0__e0__seed_37__sample_0.json,synthetic_calm_trend_c0_v0_3,glm,glm-5,glm-5 (api-pinned-2026-07-02),C0,E0,37,0,stress-only;direct-api;live-provider;redacted-prompt,0.320404,0.0,39.622622,outputs/v0_3_direct_api_matrix/provider_manifests/glm__glm_5__synthetic_calm_trend_c0_v0_3__c0__e0__seed_37__sample_0.json,sha256:1f495f772c1d191842adb301a40d3cfa35c7504aa56fe9990f91393f56f76426,direct-api,glm-5,api-pinned-2026-07-02,valid,true,
trellm-v0.3-protocol,outputs/v0_3_direct_api_matrix/submissions/glm__glm_5__synthetic_calm_trend_c0_v0_3__c0__e0__seed_37__sample_1.json,synthetic_calm_trend_c0_v0_3,glm,glm-5,glm-5 (api-pinned-2026-07-02),C0,E0,37,1,stress-only;direct-api;live-provider;redacted-prompt,0.302381,0.0,37.093791,outputs/v0_3_direct_api_matrix/provider_manifests/glm__glm_5__synthetic_calm_trend_c0_v0_3__c0__e0__seed_37__sample_1.json,sha256:1d2adfc405b9f70ec918bf1462c2ee9bdf1dda9f63aff255b7f7abfa150cc66c,direct-api,glm-5,api-pinned-2026-07-02,valid,true,
trellm-v0.3-protocol,outputs/v0_3_direct_api_matrix/submissions/glm__glm_5__synthetic_calm_trend_c0_v0_3__c0__e0__seed_37__sample_2.json,synthetic_calm_trend_c0_v0_3,glm,glm-5,glm-5 (api-pinned-2026-07-02),C0,E0,37,2,stress-only;direct-api;live-provider;redacted-prompt,0.286762,-0.000105,31.42862,outputs/v0_3_direct_api_matrix/provider_manifests/glm__glm_5__synthetic_calm_trend_c0_v0_3__c0__e0__seed_37__sample_2.json,sha256:4a15f73e54b93b035d06e42f0e0aba938c8f5b47285e3a20d738b21b39994bd9,direct-api,glm-5,api-pinned-2026-07-02,valid,true,
trellm-v0.3-protocol,outputs/v0_3_direct_api_matrix/submissions/glm__glm_5__synthetic_calm_trend_c0_v0_3__c0__e0__seed_41__sample_0.json,synthetic_calm_trend_c0_v0_3,glm,glm-5,glm-5 (api-pinned-2026-07-02),C0,E0,41,0,stress-only;direct-api;live-provider;redacted-prompt,0.179061,0.0,21.198692,outputs/v0_3_direct_api_matrix/provider_manifests/glm__glm_5__synthetic_calm_trend_c0_v0_3__c0__e0__seed_41__sample_0.json,sha256:01ec56479c605dc377c4630b2d94ea450db7b8b1fc395435dabfb1e6ad01e3b7,direct-api,glm-5,api-pinned-2026-07-02,valid,true,
trellm-v0.3-protocol,outputs/v0_3_direct_api_matrix/submissions/glm__glm_5__synthetic_calm_trend_c0_v0_3__c0__e0__seed_41__sample_1.json,synthetic_calm_trend_c0_v0_3,glm,glm-5,glm-5 (api-pinned-2026-07-02),C0,E0,41,1,stress-only;direct-api;live-provider;redacted-prompt,0.162086,0.0,21.307825,outputs/v0_3_direct_api_matrix/provider_manifests/glm__glm_5__synthetic_calm_trend_c0_v0_3__c0__e0__seed_41__sample_1.json,sha256:4e711e686914fc80dca7b29f3cb6fc92c76b9a736c2f0a0d66efe6faca1d98ba,direct-api,glm-5,api-pinned-2026-07-02,valid,true,
trellm-v0.3-protocol,outputs/v0_3_direct_api_matrix/submissions/glm__glm_5__synthetic_calm_trend_c0_v0_3__c0__e0__seed_41__sample_2.json,synthetic_calm_trend_c0_v0_3,glm,glm-5,glm-5 (api-pinned-2026-07-02),C0,E0,41,2,stress-only;direct-api;live-provider;redacted-prompt,0.198543,0.0,24.388425,outputs/v0_3_direct_api_matrix/provider_manifests/glm__glm_5__synthetic_calm_trend_c0_v0_3__c0__e0__seed_41__sample_2.json,sha256:dee93438d4f35b9429ebd9624491b93fcbb67af365374228e182f4ac33a73912,direct-api,glm-5,api-pinned-2026-07-02,valid,true,
trellm-v0.3-protocol,outputs/v0_3_direct_api_matrix/submissions/glm__glm_5__synthetic_calm_trend_c0_v0_3__c0__e0__seed_43__sample_0.json,synthetic_calm_trend_c0_v0_3,glm,glm-5,glm-5 (api-pinned-2026-07-02),C0,E0,43,0,stress-only;direct-api;live-provider;redacted-prompt,0.256012,-0.000115,28.545656,outputs/v0_3_direct_api_matrix/provider_manifests/glm__glm_5__synthetic_calm_trend_c0_v0_3__c0__e0__seed_43__sample_0.json,sha256:b7534c584d5789512c4c51b75efc2e3ed689545ace733853a0c5e59be58c1a7d,direct-api,glm-5,api-pinned-2026-07-02,valid,true,
trellm-v0.3-protocol,outputs/v0_3_direct_api_matrix/submissions/glm__glm_5__synthetic_calm_trend_c0_v0_3__c0__e0__seed_43__sample_1.json,synthetic_calm_trend_c0_v0_3,glm,glm-5,glm-5 (api-pinned-2026-07-02),C0,E0,43,1,stress-only;direct-api;live-provider;redacted-prompt,0.256012,-0.000115,28.545656,outputs/v0_3_direct_api_matrix/provider_manifests/glm__glm_5__synthetic_calm_trend_c0_v0_3__c0__e0__seed_43__sample_1.json,sha256:a3a43b249bddfdd55e14f345bb40fd1a3a3b33b1030baec9f345c1698291250e,direct-api,glm-5,api-pinned-2026-07-02,valid,true,
trellm-v0.3-protocol,outputs/v0_3_direct_api_matrix/submissions/glm__glm_5__synthetic_calm_trend_c0_v0_3__c0__e0__seed_43__sample_2.json,synthetic_calm_trend_c0_v0_3,glm,glm-5,glm-5 (api-pinned-2026-07-02),C0,E0,43,2,stress-only;direct-api;live-provider;redacted-prompt,0.253261,-0.0001,28.545994,outputs/v0_3_direct_api_matrix/provider_manifests/glm__glm_5__synthetic_calm_trend_c0_v0_3__c0__e0__seed_43__sample_2.json,sha256:552680edfcd6ec73466fcb445c4cc6284f10a0f849661101311b6d5bc3dd7ad1,direct-api,glm-5,api-pinned-2026-07-02,valid,true,
trellm-v0.3-protocol,outputs/v0_3_direct_api_matrix/submissions/glm__glm_5__synthetic_calm_trend_c0_v0_3__c0__e0__seed_47__sample_0.json,synthetic_calm_trend_c0_v0_3,glm,glm-5,glm-5 (api-pinned-2026-07-02),C0,E0,47,0,stress-only;direct-api;live-provider;redacted-prompt,0.232942,0.0,27.380474,outputs/v0_3_direct_api_matrix/provider_manifests/glm__glm_5__synthetic_calm_trend_c0_v0_3__c0__e0__seed_47__sample_0.json,sha256:b616775c37a41e8a1c32c4504bd9b2baf05dc13045a426c0f5c628ce719e654f,direct-api,glm-5,api-pinned-2026-07-02,valid,true,
trellm-v0.3-protocol,outputs/v0_3_direct_api_matrix/submissions/glm__glm_5__synthetic_calm_trend_c0_v0_3__c0__e0__seed_47__sample_1.json,synthetic_calm_trend_c0_v0_3,glm,glm-5,glm-5 (api-pinned-2026-07-02),C0,E0,47,1,stress-only;direct-api;live-provider;redacted-prompt,0.220489,0.0,27.320113,outputs/v0_3_direct_api_matrix/provider_manifests/glm__glm_5__synthetic_calm_trend_c0_v0_3__c0__e0__seed_47__sample_1.json,sha256:c6213dc83277df23ed32fe55fbf36307815c328808b999313666e1d199a179dd,direct-api,glm-5,api-pinned-2026-07-02,valid,true,
trellm-v0.3-protocol,outputs/v0_3_direct_api_matrix/submissions/glm__glm_5__synthetic_calm_trend_c0_v0_3__c0__e0__seed_47__sample_2.json,synthetic_calm_trend_c0_v0_3,glm,glm-5,glm-5 (api-pinned-2026-07-02),C0,E0,47,2,stress-only;direct-api;live-provider;redacted-prompt,0.231018,0.0,27.373461,outputs/v0_3_direct_api_matrix/provider_manifests/glm__glm_5__synthetic_calm_trend_c0_v0_3__c0__e0__seed_47__sample_2.json,sha256:90021e0d41280b7056d0fef8ed459ef70483af0c5cc7adc74c5f438027087f2d,direct-api,glm-5,api-pinned-2026-07-02,valid,true,
trellm-v0.3-protocol,outputs/v0_3_direct_api_matrix/submissions/glm__glm_5__synthetic_calm_trend_c0_v0_3__c0__e0__seed_53__sample_0.json,synthetic_calm_trend_c0_v0_3,glm,glm-5,glm-5 (api-pinned-2026-07-02),C0,E0,53,0,stress-only;direct-api;live-provider;redacted-prompt,0.194329,-0.001149,22.030839,outputs/v0_3_direct_api_matrix/provider_manifests/glm__glm_5__synthetic_calm_trend_c0_v0_3__c0__e0__seed_53__sample_0.json,sha256:51179efd56f3c36ca31bf3d3be922d53408ac9f67c504e01d123aed14d2bf881,direct-api,glm-5,api-pinned-2026-07-02,valid,true,
trellm-v0.3-protocol,outputs/v0_3_direct_api_matrix/submissions/glm__glm_5__synthetic_calm_trend_c0_v0_3__c0__e0__seed_53__sample_1.json,synthetic_calm_trend_c0_v0_3,glm,glm-5,glm-5 (api-pinned-2026-07-02),C0,E0,53,1,stress-only;direct-api;live-provider;redacted-prompt,0.191758,-0.001149,21.712944,outputs/v0_3_direct_api_matrix/provider_manifests/glm__glm_5__synthetic_calm_trend_c0_v0_3__c0__e0__seed_53__sample_1.json,sha256:ddb31c8c7f33d2ab0f3405c5cdd0b13cff25784eeea279b16d2aea2bfb533a47,direct-api,glm-5,api-pinned-2026-07-02,valid,true,
trellm-v0.3-protocol,outputs/v0_3_direct_api_matrix/submissions/glm__glm_5__synthetic_calm_trend_c0_v0_3__c0__e0__seed_53__sample_2.json,synthetic_calm_trend_c0_v0_3,glm,glm-5,glm-5 (api-pinned-2026-07-02),C0,E0,53,2,stress-only;direct-api;live-provider;redacted-prompt,0.167555,-0.001149,22.750181,outputs/v0_3_direct_api_matrix/provider_manifests/glm__glm_5__synthetic_calm_trend_c0_v0_3__c0__e0__seed_53__sample_2.json,sha256:5ccd92335267aaf3f24a2b9d704527eebf9c7c0dc78ab8763a25071ea3cfc7b6,direct-api,glm-5,api-pinned-2026-07-02,valid,true,
trellm-v0.3-protocol,outputs/v0_3_direct_api_matrix/submissions/glm__glm_5__synthetic_calm_trend_c0_v0_3__c0__e0__seed_7__sample_0.json,synthetic_calm_trend_c0_v0_3,glm,glm-5,glm-5 (api-pinned-2026-07-02),C0,E0,7,0,stress-only;direct-api;live-provider;redacted-prompt,0.189991,0.0,27.129609,outputs/v0_3_direct_api_matrix/provider_manifests/glm__glm_5__synthetic_calm_trend_c0_v0_3__c0__e0__seed_7__sample_0.json,sha256:4c9b7f6596925d237b00bd71b62681a71abe35cab7193db51fd2bc8b77aec69d,direct-api,glm-5,api-pinned-2026-07-02,valid,true,
trellm-v0.3-protocol,outputs/v0_3_direct_api_matrix/submissions/glm__glm_5__synthetic_calm_trend_c0_v0_3__c0__e0__seed_7__sample_1.json,synthetic_calm_trend_c0_v0_3,glm,glm-5,glm-5 (api-pinned-2026-07-02),C0,E0,7,1,stress-only;direct-api;live-provider;redacted-prompt,0.182525,0.0,26.836995,outputs/v0_3_direct_api_matrix/provider_manifests/glm__glm_5__synthetic_calm_trend_c0_v0_3__c0__e0__seed_7__sample_1.json,sha256:2ea14da29406a8970e63f771db7fe70c50dcd637a87b5e077d1f160a27816f30,direct-api,glm-5,api-pinned-2026-07-02,valid,true,
trellm-v0.3-protocol,outputs/v0_3_direct_api_matrix/submissions/glm__glm_5__synthetic_calm_trend_c0_v0_3__c0__e0__seed_7__sample_2.json,synthetic_calm_trend_c0_v0_3,glm,glm-5,glm-5 (api-pinned-2026-07-02),C0,E0,7,2,stress-only;direct-api;live-provider;redacted-prompt,0.178898,0.0,26.211043,outputs/v0_3_direct_api_matrix/provider_manifests/glm__glm_5__synthetic_calm_trend_c0_v0_3__c0__e0__seed_7__sample_2.json,sha256:a20e524741880a99c83f14092df333ad3cacf3ae0512b6b981f8a16e6bebd0c8,direct-api,glm-5,api-pinned-2026-07-02,valid,true,
trellm-v0.3-protocol,outputs/v0_3_direct_api_matrix/submissions/glm__glm_5__synthetic_calm_trend_c0_v0_3__c0__e1__seed_11__sample_0.json,synthetic_calm_trend_c0_v0_3,glm,glm-5,glm-5 (api-pinned-2026-07-02),C0,E1,11,0,stress-only;direct-api;live-provider;redacted-prompt,0.257603,-0.001024,26.366665,outputs/v0_3_direct_api_matrix/provider_manifests/glm__glm_5__synthetic_calm_trend_c0_v0_3__c0__e1__seed_11__sample_0.json,sha256:db677f7bdcf851fa5ceac1996a95818830523530d0efadb596efa719d6b9d6ad,direct-api,glm-5,api-pinned-2026-07-02,valid,true,
trellm-v0.3-protocol,outputs/v0_3_direct_api_matrix/submissions/glm__glm_5__synthetic_calm_trend_c0_v0_3__c0__e1__seed_11__sample_1.json,synthetic_calm_trend_c0_v0_3,glm,glm-5,glm-5 (api-pinned-2026-07-02),C0,E1,11,1,stress-only;direct-api;live-provider;redacted-prompt,0.154501,-0.000729,19.95252,outputs/v0_3_direct_api_matrix/provider_manifests/glm__glm_5__synthetic_calm_trend_c0_v0_3__c0__e1__seed_11__sample_1.json,sha256:03624dbe7dda04a062c9c83933da3193f7c9939bc9ca203f9f5b56ed8ff781d2,direct-api,glm-5,api-pinned-2026-07-02,valid,true,
trellm-v0.3-protocol,outputs/v0_3_direct_api_matrix/submissions/glm__glm_5__synthetic_calm_trend_c0_v0_3__c0__e1__seed_11__sample_2.json,synthetic_calm_trend_c0_v0_3,glm,glm-5,glm-5 (api-pinned-2026-07-02),C0,E1,11,2,stress-only;direct-api;live-provider;redacted-prompt,0.24676,-0.001024,26.964823,outputs/v0_3_direct_api_matrix/provider_manifests/glm__glm_5__synthetic_calm_trend_c0_v0_3__c0__e1__seed_11__sample_2.json,sha256:c7c7cb38b6bb670731732a49c10e22c2f06c4e050665e4c611cc3847bef86acf,direct-api,glm-5,api-pinned-2026-07-02,valid,true,
trellm-v0.3-protocol,outputs/v0_3_direct_api_matrix/submissions/glm__glm_5__synthetic_calm_trend_c0_v0_3__c0__e1__seed_17__sample_0.json,synthetic_calm_trend_c0_v0_3,glm,glm-5,glm-5 (api-pinned-2026-07-02),C0,E1,17,0,stress-only;direct-api;live-provider;redacted-prompt,0.192964,-0.001198,17.279936,outputs/v0_3_direct_api_matrix/provider_manifests/glm__glm_5__synthetic_calm_trend_c0_v0_3__c0__e1__seed_17__sample_0.json,sha256:66da011b2757285e6558f118e131cd447ba8694caa272fe94f3b54dcd1bdf411,direct-api,glm-5,api-pinned-2026-07-02,valid,true,
trellm-v0.3-protocol,outputs/v0_3_direct_api_matrix/submissions/glm__glm_5__synthetic_calm_trend_c0_v0_3__c0__e1__seed_17__sample_1.json,synthetic_calm_trend_c0_v0_3,glm,glm-5,glm-5 (api-pinned-2026-07-02),C0,E1,17,1,stress-only;direct-api;live-provider;redacted-prompt,0.192316,-0.001113,17.494254,outputs/v0_3_direct_api_matrix/provider_manifests/glm__glm_5__synthetic_calm_trend_c0_v0_3__c0__e1__seed_17__sample_1.json,sha256:1b5430218cde61937fce929656c005a640e548a25cb3afdbea32091a3b912f07,direct-api,glm-5,api-pinned-2026-07-02,valid,true,
trellm-v0.3-protocol,outputs/v0_3_direct_api_matrix/submissions/glm__glm_5__synthetic_calm_trend_c0_v0_3__c0__e1__seed_17__sample_2.json,synthetic_calm_trend_c0_v0_3,glm,glm-5,glm-5 (api-pinned-2026-07-02),C0,E1,17,2,stress-only;direct-api;live-provider;redacted-prompt,0.187249,-0.001113,17.023475,outputs/v0_3_direct_api_matrix/provider_manifests/glm__glm_5__synthetic_calm_trend_c0_v0_3__c0__e1__seed_17__sample_2.json,sha256:7ba0717617c9960fcf10c32b0796ce102165d5399fa0341c59d9a9c606964999,direct-api,glm-5,api-pinned-2026-07-02,valid,true,
trellm-v0.3-protocol,outputs/v0_3_direct_api_matrix/submissions/glm__glm_5__synthetic_calm_trend_c0_v0_3__c0__e1__seed_23__sample_0.json,synthetic_calm_trend_c0_v0_3,glm,glm-5,glm-5 (api-pinned-2026-07-02),C0,E1,23,0,stress-only;direct-api;live-provider;redacted-prompt,0.251435,-0.000911,21.234435,outputs/v0_3_direct_api_matrix/provider_manifests/glm__glm_5__synthetic_calm_trend_c0_v0_3__c0__e1__seed_23__sample_0.json,sha256:2bd1f88c14fd33474f1e1090e4aa776bd1cd4fad49b60a78ff89bfe630aea46f,direct-api,glm-5,api-pinned-2026-07-02,valid,true,
trellm-v0.3-protocol,outputs/v0_3_direct_api_matrix/submissions/glm__glm_5__synthetic_calm_trend_c0_v0_3__c0__e1__seed_23__sample_1.json,synthetic_calm_trend_c0_v0_3,glm,glm-5,glm-5 (api-pinned-2026-07-02),C0,E1,23,1,stress-only;direct-api;live-provider;redacted-prompt,0.225705,-0.000911,20.291139,outputs/v0_3_direct_api_matrix/provider_manifests/glm__glm_5__synthetic_calm_trend_c0_v0_3__c0__e1__seed_23__sample_1.json,sha256:33c13b51bef90e3a114d098bea7b1e39d067f726d0eef22a1fb0cfaa752c3576,direct-api,glm-5,api-pinned-2026-07-02,valid,true,
trellm-v0.3-protocol,outputs/v0_3_direct_api_matrix/submissions/glm__glm_5__synthetic_calm_trend_c0_v0_3__c0__e1__seed_23__sample_2.json,synthetic_calm_trend_c0_v0_3,glm,glm-5,glm-5 (api-pinned-2026-07-02),C0,E1,23,2,stress-only;direct-api;live-provider;redacted-prompt,0.259461,-0.000688,22.123477,outputs/v0_3_direct_api_matrix/provider_manifests/glm__glm_5__synthetic_calm_trend_c0_v0_3__c0__e1__seed_23__sample_2.json,sha256:82be6718967b8df1cb06d407f03e3cfb743a662d7faf5013c0f84aeac489f9d3,direct-api,glm-5,api-pinned-2026-07-02,valid,true,
trellm-v0.3-protocol,outputs/v0_3_direct_api_matrix/submissions/glm__glm_5__synthetic_calm_trend_c0_v0_3__c0__e1__seed_31__sample_0.json,synthetic_calm_trend_c0_v0_3,glm,glm-5,glm-5 (api-pinned-2026-07-02),C0,E1,31,0,stress-only;direct-api;live-provider;redacted-prompt,0.218165,-0.000835,26.274835,outputs/v0_3_direct_api_matrix/provider_manifests/glm__glm_5__synthetic_calm_trend_c0_v0_3__c0__e1__seed_31__sample_0.json,sha256:4a6732834c824228d5d86c3a6b991f7b4c17fe1e31fcb92642b747d4587c54f3,direct-api,glm-5,api-pinned-2026-07-02,valid,true,
trellm-v0.3-protocol,outputs/v0_3_direct_api_matrix/submissions/glm__glm_5__synthetic_calm_trend_c0_v0_3__c0__e1__seed_31__sample_1.json,synthetic_calm_trend_c0_v0_3,glm,glm-5,glm-5 (api-pinned-2026-07-02),C0,E1,31,1,stress-only;direct-api;live-provider;redacted-prompt,0.226601,-0.000835,22.876,outputs/v0_3_direct_api_matrix/provider_manifests/glm__glm_5__synthetic_calm_trend_c0_v0_3__c0__e1__seed_31__sample_1.json,sha256:6d5e4cc5f0086bf204f602bf4c1963bb15db940745af5c0919eb0b4805e9c732,direct-api,glm-5,api-pinned-2026-07-02,valid,true,
trellm-v0.3-protocol,outputs/v0_3_direct_api_matrix/submissions/glm__glm_5__synthetic_calm_trend_c0_v0_3__c0__e1__seed_31__sample_2.json,synthetic_calm_trend_c0_v0_3,glm,glm-5,glm-5 (api-pinned-2026-07-02),C0,E1,31,2,stress-only;direct-api;live-provider;redacted-prompt,0.221966,-0.000835,25.715214,outputs/v0_3_direct_api_matrix/provider_manifests/glm__glm_5__synthetic_calm_trend_c0_v0_3__c0__e1__seed_31__sample_2.json,sha256:7fbf07bfa10da608e30250aced21bd5fc038969cac18e5a1430e6bbe2ddbdd89,direct-api,glm-5,api-pinned-2026-07-02,valid,true,
trellm-v0.3-protocol,outputs/v0_3_direct_api_matrix/submissions/glm__glm_5__synthetic_calm_trend_c0_v0_3__c0__e1__seed_37__sample_0.json,synthetic_calm_trend_c0_v0_3,glm,glm-5,glm-5 (api-pinned-2026-07-02),C0,E1,37,0,stress-only;direct-api;live-provider;redacted-prompt,0.27134,-0.000757,29.198875,outputs/v0_3_direct_api_matrix/provider_manifests/glm__glm_5__synthetic_calm_trend_c0_v0_3__c0__e1__seed_37__sample_0.json,sha256:9c358c03599f7da1a748738e5f0cc6fc27d9530f7158abadbb83271c96f84981,direct-api,glm-5,api-pinned-2026-07-02,valid,true,
trellm-v0.3-protocol,outputs/v0_3_direct_api_matrix/submissions/glm__glm_5__synthetic_calm_trend_c0_v0_3__c0__e1__seed_37__sample_1.json,synthetic_calm_trend_c0_v0_3,glm,glm-5,glm-5 (api-pinned-2026-07-02),C0,E1,37,1,stress-only;direct-api;live-provider;redacted-prompt,0.274008,-0.000486,25.067704,outputs/v0_3_direct_api_matrix/provider_manifests/glm__glm_5__synthetic_calm_trend_c0_v0_3__c0__e1__seed_37__sample_1.json,sha256:de0b18da9c773ac8747baecee60ad82e5024d742b3d8ce371e5dfaf928efe929,direct-api,glm-5,api-pinned-2026-07-02,valid,true,
trellm-v0.3-protocol,outputs/v0_3_direct_api_matrix/submissions/glm__glm_5__synthetic_calm_trend_c0_v0_3__c0__e1__seed_37__sample_2.json,synthetic_calm_trend_c0_v0_3,glm,glm-5,glm-5 (api-pinned-2026-07-02),C0,E1,37,2,stress-only;direct-api;live-provider;redacted-prompt,0.240352,-0.001586,22.64979,outputs/v0_3_direct_api_matrix/provider_manifests/glm__glm_5__synthetic_calm_trend_c0_v0_3__c0__e1__seed_37__sample_2.json,sha256:d113040b8854ffa6090214ae1fc0f06ac76490434bc0d82f31995999b7ab585f,direct-api,glm-5,api-pinned-2026-07-02,valid,true,
trellm-v0.3-protocol,outputs/v0_3_direct_api_matrix/submissions/glm__glm_5__synthetic_calm_trend_c0_v0_3__c0__e1__seed_41__sample_0.json,synthetic_calm_trend_c0_v0_3,glm,glm-5,glm-5 (api-pinned-2026-07-02),C0,E1,41,0,stress-only;direct-api;live-provider;redacted-prompt,0.152367,-0.000496,19.096431,outputs/v0_3_direct_api_matrix/provider_manifests/glm__glm_5__synthetic_calm_trend_c0_v0_3__c0__e1__seed_41__sample_0.json,sha256:ca1301a588bcfd36c35f4eed227d3558e9fa7e65ffa21f3eaf1c4b44a6ec5139,direct-api,glm-5,api-pinned-2026-07-02,valid,true,
trellm-v0.3-protocol,outputs/v0_3_direct_api_matrix/submissions/glm__glm_5__synthetic_calm_trend_c0_v0_3__c0__e1__seed_41__sample_1.json,synthetic_calm_trend_c0_v0_3,glm,glm-5,glm-5 (api-pinned-2026-07-02),C0,E1,41,1,stress-only;direct-api;live-provider;redacted-prompt,0.156742,-0.000997,18.911879,outputs/v0_3_direct_api_matrix/provider_manifests/glm__glm_5__synthetic_calm_trend_c0_v0_3__c0__e1__seed_41__sample_1.json,sha256:462b5fd1562af1b59e8438807982542cc5858b0aa1ffd9a244b3ab5542ff7aee,direct-api,glm-5,api-pinned-2026-07-02,valid,true,
trellm-v0.3-protocol,outputs/v0_3_direct_api_matrix/submissions/glm__glm_5__synthetic_calm_trend_c0_v0_3__c0__e1__seed_41__sample_2.json,synthetic_calm_trend_c0_v0_3,glm,glm-5,glm-5 (api-pinned-2026-07-02),C0,E1,41,2,stress-only;direct-api;live-provider;redacted-prompt,0.137383,-0.003054,17.667273,outputs/v0_3_direct_api_matrix/provider_manifests/glm__glm_5__synthetic_calm_trend_c0_v0_3__c0__e1__seed_41__sample_2.json,sha256:e489da8ec1ec565af32a5b8383ce7c5cfcc802db344f8acb800de0456e7f425d,direct-api,glm-5,api-pinned-2026-07-02,valid,true,
trellm-v0.3-protocol,outputs/v0_3_direct_api_matrix/submissions/glm__glm_5__synthetic_calm_trend_c0_v0_3__c0__e1__seed_43__sample_0.json,synthetic_calm_trend_c0_v0_3,glm,glm-5,glm-5 (api-pinned-2026-07-02),C0,E1,43,0,stress-only;direct-api;live-provider;redacted-prompt,0.23596,-0.000809,29.095546,outputs/v0_3_direct_api_matrix/provider_manifests/glm__glm_5__synthetic_calm_trend_c0_v0_3__c0__e1__seed_43__sample_0.json,sha256:1b5bf4664f0feeedff9117d1588fcada5c9674eba02381d24e4ac077b1b5e6d7,direct-api,glm-5,api-pinned-2026-07-02,valid,true,
trellm-v0.3-protocol,outputs/v0_3_direct_api_matrix/submissions/glm__glm_5__synthetic_calm_trend_c0_v0_3__c0__e1__seed_43__sample_1.json,synthetic_calm_trend_c0_v0_3,glm,glm-5,glm-5 (api-pinned-2026-07-02),C0,E1,43,1,stress-only;direct-api;live-provider;redacted-prompt,0.233281,-0.000809,29.021334,outputs/v0_3_direct_api_matrix/provider_manifests/glm__glm_5__synthetic_calm_trend_c0_v0_3__c0__e1__seed_43__sample_1.json,sha256:60caf63ee5c72c50a6bccd12b0b0d3979263207317cfa26ab955c2eb6f4e36a6,direct-api,glm-5,api-pinned-2026-07-02,valid,true,
trellm-v0.3-protocol,outputs/v0_3_direct_api_matrix/submissions/glm__glm_5__synthetic_calm_trend_c0_v0_3__c0__e1__seed_43__sample_2.json,synthetic_calm_trend_c0_v0_3,glm,glm-5,glm-5 (api-pinned-2026-07-02),C0,E1,43,2,stress-only;direct-api;live-provider;redacted-prompt,0.234296,-0.000809,28.766774,outputs/v0_3_direct_api_matrix/provider_manifests/glm__glm_5__synthetic_calm_trend_c0_v0_3__c0__e1__seed_43__sample_2.json,sha256:ea83c0de25846a2b2f3620ac28371cfec0f6b04dee3f5be8e93109c26070f62c,direct-api,glm-5,api-pinned-2026-07-02,valid,true,
trellm-v0.3-protocol,outputs/v0_3_direct_api_matrix/submissions/glm__glm_5__synthetic_calm_trend_c0_v0_3__c0__e1__seed_47__sample_0.json,synthetic_calm_trend_c0_v0_3,glm,glm-5,glm-5 (api-pinned-2026-07-02),C0,E1,47,0,stress-only;direct-api;live-provider;redacted-prompt,0.203293,-0.000934,20.640091,outputs/v0_3_direct_api_matrix/provider_manifests/glm__glm_5__synthetic_calm_trend_c0_v0_3__c0__e1__seed_47__sample_0.json,sha256:359c318bb466bac041d320ccc04d5293cd14a42e0edddbb198420ddae0e86349,direct-api,glm-5,api-pinned-2026-07-02,valid,true,
trellm-v0.3-protocol,outputs/v0_3_direct_api_matrix/submissions/glm__glm_5__synthetic_calm_trend_c0_v0_3__c0__e1__seed_47__sample_1.json,synthetic_calm_trend_c0_v0_3,glm,glm-5,glm-5 (api-pinned-2026-07-02),C0,E1,47,1,stress-only;direct-api;live-provider;redacted-prompt,0.206319,-0.000934,20.781718,outputs/v0_3_direct_api_matrix/provider_manifests/glm__glm_5__synthetic_calm_trend_c0_v0_3__c0__e1__seed_47__sample_1.json,sha256:f981b1ced6f6ceba235303970a63b01524e027ec7595a84d94723fa44a4ee7a2,direct-api,glm-5,api-pinned-2026-07-02,valid,true,
trellm-v0.3-protocol,outputs/v0_3_direct_api_matrix/submissions/glm__glm_5__synthetic_calm_trend_c0_v0_3__c0__e1__seed_47__sample_2.json,synthetic_calm_trend_c0_v0_3,glm,glm-5,glm-5 (api-pinned-2026-07-02),C0,E1,47,2,stress-only;direct-api;live-provider;redacted-prompt,0.196997,-0.000934,21.331903,outputs/v0_3_direct_api_matrix/provider_manifests/glm__glm_5__synthetic_calm_trend_c0_v0_3__c0__e1__seed_47__sample_2.json,sha256:d2964b8855b6ac35554e437e5400bceeab6a7131337a69c2051934517f7faa2a,direct-api,glm-5,api-pinned-2026-07-02,valid,true,
trellm-v0.3-protocol,outputs/v0_3_direct_api_matrix/submissions/glm__glm_5__synthetic_calm_trend_c0_v0_3__c0__e1__seed_53__sample_0.json,synthetic_calm_trend_c0_v0_3,glm,glm-5,glm-5 (api-pinned-2026-07-02),C0,E1,53,0,stress-only;direct-api;live-provider;redacted-prompt,0.175388,-0.001389,21.563552,outputs/v0_3_direct_api_matrix/provider_manifests/glm__glm_5__synthetic_calm_trend_c0_v0_3__c0__e1__seed_53__sample_0.json,sha256:f321d3901c98e712064efb8f1f6498e126398512247d20859a0910db61bcd4fd,direct-api,glm-5,api-pinned-2026-07-02,valid,true,
trellm-v0.3-protocol,outputs/v0_3_direct_api_matrix/submissions/glm__glm_5__synthetic_calm_trend_c0_v0_3__c0__e1__seed_53__sample_1.json,synthetic_calm_trend_c0_v0_3,glm,glm-5,glm-5 (api-pinned-2026-07-02),C0,E1,53,1,stress-only;direct-api;live-provider;redacted-prompt,0.150864,-0.001269,19.243653,outputs/v0_3_direct_api_matrix/provider_manifests/glm__glm_5__synthetic_calm_trend_c0_v0_3__c0__e1__seed_53__sample_1.json,sha256:d0d120150000ad4cdf10882ea46ee60a6f1294fbee1a8785b37551e94045fb62,direct-api,glm-5,api-pinned-2026-07-02,valid,true,
trellm-v0.3-protocol,outputs/v0_3_direct_api_matrix/submissions/glm__glm_5__synthetic_calm_trend_c0_v0_3__c0__e1__seed_53__sample_2.json,synthetic_calm_trend_c0_v0_3,glm,glm-5,glm-5 (api-pinned-2026-07-02),C0,E1,53,2,stress-only;direct-api;live-provider;redacted-prompt,0.180444,-0.001639,21.969318,outputs/v0_3_direct_api_matrix/provider_manifests/glm__glm_5__synthetic_calm_trend_c0_v0_3__c0__e1__seed_53__sample_2.json,sha256:681b521de7f5be4df33c67a95b7ea89c8446d1de69c69fa8b7ee2053259d6a33,direct-api,glm-5,api-pinned-2026-07-02,valid,true,
trellm-v0.3-protocol,outputs/v0_3_direct_api_matrix/submissions/glm__glm_5__synthetic_calm_trend_c0_v0_3__c0__e1__seed_7__sample_0.json,synthetic_calm_trend_c0_v0_3,glm,glm-5,glm-5 (api-pinned-2026-07-02),C0,E1,7,0,stress-only;direct-api;live-provider;redacted-prompt,0.091841,-0.001675,15.639401,outputs/v0_3_direct_api_matrix/provider_manifests/glm__glm_5__synthetic_calm_trend_c0_v0_3__c0__e1__seed_7__sample_0.json,sha256:2c9031fcb077a4afa397163975dd92aac354be8411e8bb25439708c40550b51b,direct-api,glm-5,api-pinned-2026-07-02,valid,true,
trellm-v0.3-protocol,outputs/v0_3_direct_api_matrix/submissions/glm__glm_5__synthetic_calm_trend_c0_v0_3__c0__e1__seed_7__sample_1.json,synthetic_calm_trend_c0_v0_3,glm,glm-5,glm-5 (api-pinned-2026-07-02),C0,E1,7,1,stress-only;direct-api;live-provider;redacted-prompt,0.169263,-0.000595,21.529646,outputs/v0_3_direct_api_matrix/provider_manifests/glm__glm_5__synthetic_calm_trend_c0_v0_3__c0__e1__seed_7__sample_1.json,sha256:bf2ba1bf15113878ef796c4bc065d49697bf9bf9a5280c1ecd033474bfe75120,direct-api,glm-5,api-pinned-2026-07-02,valid,true,
trellm-v0.3-protocol,outputs/v0_3_direct_api_matrix/submissions/glm__glm_5__synthetic_calm_trend_c0_v0_3__c0__e1__seed_7__sample_2.json,synthetic_calm_trend_c0_v0_3,glm,glm-5,glm-5 (api-pinned-2026-07-02),C0,E1,7,2,stress-only;direct-api;live-provider;redacted-prompt,0.157873,-0.000579,22.385088,outputs/v0_3_direct_api_matrix/provider_manifests/glm__glm_5__synthetic_calm_trend_c0_v0_3__c0__e1__seed_7__sample_2.json,sha256:df1f57f97b9b2316e2287df1bce6099a29bfd730f573508ba1a0af26a311e42f,direct-api,glm-5,api-pinned-2026-07-02,valid,true,
trellm-v0.3-protocol,outputs/v0_3_direct_api_matrix/submissions/glm__glm_5__synthetic_high_volatility_c0_v0_3__c0__e0__seed_11__sample_0.json,synthetic_high_volatility_c0_v0_3,glm,glm-5,glm-5 (api-pinned-2026-07-02),C0,E0,11,0,stress-only;direct-api;live-provider;redacted-prompt,0.32629,-0.007891,19.100211,outputs/v0_3_direct_api_matrix/provider_manifests/glm__glm_5__synthetic_high_volatility_c0_v0_3__c0__e0__seed_11__sample_0.json,sha256:941abf561001aaa2a60cfeddcffdf5c0f4856acf2bb26562904fab6ea47f32f7,direct-api,glm-5,api-pinned-2026-07-02,valid,true,
trellm-v0.3-protocol,outputs/v0_3_direct_api_matrix/submissions/glm__glm_5__synthetic_high_volatility_c0_v0_3__c0__e0__seed_11__sample_1.json,synthetic_high_volatility_c0_v0_3,glm,glm-5,glm-5 (api-pinned-2026-07-02),C0,E0,11,1,stress-only;direct-api;live-provider;redacted-prompt,0.332798,-0.007891,18.244132,outputs/v0_3_direct_api_matrix/provider_manifests/glm__glm_5__synthetic_high_volatility_c0_v0_3__c0__e0__seed_11__sample_1.json,sha256:91958088ffd697d9966b75acfd25122411114c71ce53cf0dbb85cdf9f498bde1,direct-api,glm-5,api-pinned-2026-07-02,valid,true,
trellm-v0.3-protocol,outputs/v0_3_direct_api_matrix/submissions/glm__glm_5__synthetic_high_volatility_c0_v0_3__c0__e0__seed_11__sample_2.json,synthetic_high_volatility_c0_v0_3,glm,glm-5,glm-5 (api-pinned-2026-07-02),C0,E0,11,2,stress-only;direct-api;live-provider;redacted-prompt,0.338613,-0.008034,18.973856,outputs/v0_3_direct_api_matrix/provider_manifests/glm__glm_5__synthetic_high_volatility_c0_v0_3__c0__e0__seed_11__sample_2.json,sha256:b65c44a43ad6ddb666c6b7e4ac61a7bb1f3b489764b46e55b3a6ed4717114294,direct-api,glm-5,api-pinned-2026-07-02,valid,true,
trellm-v0.3-protocol,outputs/v0_3_direct_api_matrix/submissions/glm__glm_5__synthetic_high_volatility_c0_v0_3__c0__e0__seed_17__sample_0.json,synthetic_high_volatility_c0_v0_3,glm,glm-5,glm-5 (api-pinned-2026-07-02),C0,E0,17,0,stress-only;direct-api;live-provider;redacted-prompt,0.183439,-0.012648,9.778899,outputs/v0_3_direct_api_matrix/provider_manifests/glm__glm_5__synthetic_high_volatility_c0_v0_3__c0__e0__seed_17__sample_0.json,sha256:456bc0d82a79db5e91393019a9a523aaf31028e42611e92d85ef1afac7e4e0d4,direct-api,glm-5,api-pinned-2026-07-02,valid,true,
trellm-v0.3-protocol,outputs/v0_3_direct_api_matrix/submissions/glm__glm_5__synthetic_high_volatility_c0_v0_3__c0__e0__seed_17__sample_1.json,synthetic_high_volatility_c0_v0_3,glm,glm-5,glm-5 (api-pinned-2026-07-02),C0,E0,17,1,stress-only;direct-api;live-provider;redacted-prompt,0.19322,-0.011985,10.861669,outputs/v0_3_direct_api_matrix/provider_manifests/glm__glm_5__synthetic_high_volatility_c0_v0_3__c0__e0__seed_17__sample_1.json,sha256:0c44967a6252aa1b8744805ee805f7cefadd3290e4d51a88cd4ec183f50d410f,direct-api,glm-5,api-pinned-2026-07-02,valid,true,
trellm-v0.3-protocol,outputs/v0_3_direct_api_matrix/submissions/glm__glm_5__synthetic_high_volatility_c0_v0_3__c0__e0__seed_17__sample_2.json,synthetic_high_volatility_c0_v0_3,glm,glm-5,glm-5 (api-pinned-2026-07-02),C0,E0,17,2,stress-only;direct-api;live-provider;redacted-prompt,0.179615,-0.011297,9.70491,outputs/v0_3_direct_api_matrix/provider_manifests/glm__glm_5__synthetic_high_volatility_c0_v0_3__c0__e0__seed_17__sample_2.json,sha256:8757a5c4dd7f91c272b3e880f774609311ed7018d1a3d43affb45a90e37dbcd6,direct-api,glm-5,api-pinned-2026-07-02,valid,true,
trellm-v0.3-protocol,outputs/v0_3_direct_api_matrix/submissions/glm__glm_5__synthetic_high_volatility_c0_v0_3__c0__e0__seed_23__sample_0.json,synthetic_high_volatility_c0_v0_3,glm,glm-5,glm-5 (api-pinned-2026-07-02),C0,E0,23,0,stress-only;direct-api;live-provider;redacted-prompt,0.292758,-0.004026,17.996234,outputs/v0_3_direct_api_matrix/provider_manifests/glm__glm_5__synthetic_high_volatility_c0_v0_3__c0__e0__seed_23__sample_0.json,sha256:bf34bdd96c20562873f5126e34ab9a3a9f46b6cf1468d7a2adbff67d56c836ae,direct-api,glm-5,api-pinned-2026-07-02,valid,true,
trellm-v0.3-protocol,outputs/v0_3_direct_api_matrix/submissions/glm__glm_5__synthetic_high_volatility_c0_v0_3__c0__e0__seed_23__sample_1.json,synthetic_high_volatility_c0_v0_3,glm,glm-5,glm-5 (api-pinned-2026-07-02),C0,E0,23,1,stress-only;direct-api;live-provider;redacted-prompt,0.297451,-0.004026,17.815254,outputs/v0_3_direct_api_matrix/provider_manifests/glm__glm_5__synthetic_high_volatility_c0_v0_3__c0__e0__seed_23__sample_1.json,sha256:0ddd7576cb791869c494a28881a1d5808c5a8f46a153c56edbec3f9849bc8f27,direct-api,glm-5,api-pinned-2026-07-02,valid,true,
trellm-v0.3-protocol,outputs/v0_3_direct_api_matrix/submissions/glm__glm_5__synthetic_high_volatility_c0_v0_3__c0__e0__seed_23__sample_2.json,synthetic_high_volatility_c0_v0_3,glm,glm-5,glm-5 (api-pinned-2026-07-02),C0,E0,23,2,stress-only;direct-api;live-provider;redacted-prompt,0.294563,-0.004578,17.420249,outputs/v0_3_direct_api_matrix/provider_manifests/glm__glm_5__synthetic_high_volatility_c0_v0_3__c0__e0__seed_23__sample_2.json,sha256:82cc8c020ac61ef03966b91be8025b4319817c4b7b793149fd1ef12a5c625893,direct-api,glm-5,api-pinned-2026-07-02,valid,true,
trellm-v0.3-protocol,outputs/v0_3_direct_api_matrix/submissions/glm__glm_5__synthetic_high_volatility_c0_v0_3__c0__e0__seed_31__sample_0.json,synthetic_high_volatility_c0_v0_3,glm,glm-5,glm-5 (api-pinned-2026-07-02),C0,E0,31,0,stress-only;direct-api;live-provider;redacted-prompt,0.242429,-0.006598,17.327273,outputs/v0_3_direct_api_matrix/provider_manifests/glm__glm_5__synthetic_high_volatility_c0_v0_3__c0__e0__seed_31__sample_0.json,sha256:68d21a2133e8f63bdf41b1adf92e21e235631fc1040ea0fd2b176d78b6cd87a8,direct-api,glm-5,api-pinned-2026-07-02,valid,true,
trellm-v0.3-protocol,outputs/v0_3_direct_api_matrix/submissions/glm__glm_5__synthetic_high_volatility_c0_v0_3__c0__e0__seed_31__sample_1.json,synthetic_high_volatility_c0_v0_3,glm,glm-5,glm-5 (api-pinned-2026-07-02),C0,E0,31,1,stress-only;direct-api;live-provider;redacted-prompt,0.24208,-0.006598,17.301954,outputs/v0_3_direct_api_matrix/provider_manifests/glm__glm_5__synthetic_high_volatility_c0_v0_3__c0__e0__seed_31__sample_1.json,sha256:049ba9cc7bc869f34d6ee4924dffc3c6820c99b945961c3900766a3b90318d6c,direct-api,glm-5,api-pinned-2026-07-02,valid,true,
trellm-v0.3-protocol,outputs/v0_3_direct_api_matrix/submissions/glm__glm_5__synthetic_high_volatility_c0_v0_3__c0__e0__seed_31__sample_2.json,synthetic_high_volatility_c0_v0_3,glm,glm-5,glm-5 (api-pinned-2026-07-02),C0,E0,31,2,stress-only;direct-api;live-provider;redacted-prompt,0.247311,-0.006598,17.558735,outputs/v0_3_direct_api_matrix/provider_manifests/glm__glm_5__synthetic_high_volatility_c0_v0_3__c0__e0__seed_31__sample_2.json,sha256:0b42a218745d6b564e21a99fe7790e02c55930e5883936bc327a31e88684d4d1,direct-api,glm-5,api-pinned-2026-07-02,valid,true,
trellm-v0.3-protocol,outputs/v0_3_direct_api_matrix/submissions/glm__glm_5__synthetic_high_volatility_c0_v0_3__c0__e0__seed_37__sample_0.json,synthetic_high_volatility_c0_v0_3,glm,glm-5,glm-5 (api-pinned-2026-07-02),C0,E0,37,0,stress-only;direct-api;live-provider;redacted-prompt,0.347614,-0.000366,22.073579,outputs/v0_3_direct_api_matrix/provider_manifests/glm__glm_5__synthetic_high_volatility_c0_v0_3__c0__e0__seed_37__sample_0.json,sha256:de36337e66e462efc73e4ce68b5a763d8ecf358b0d29c7a265b26d2a61928685,direct-api,glm-5,api-pinned-2026-07-02,valid,true,
trellm-v0.3-protocol,outputs/v0_3_direct_api_matrix/submissions/glm__glm_5__synthetic_high_volatility_c0_v0_3__c0__e0__seed_37__sample_1.json,synthetic_high_volatility_c0_v0_3,glm,glm-5,glm-5 (api-pinned-2026-07-02),C0,E0,37,1,stress-only;direct-api;live-provider;redacted-prompt,0.350854,-0.000512,22.66674,outputs/v0_3_direct_api_matrix/provider_manifests/glm__glm_5__synthetic_high_volatility_c0_v0_3__c0__e0__seed_37__sample_1.json,sha256:714a792ed05c118c78e765756fd440672c96eb1d5a42c89fe7a167693864db1e,direct-api,glm-5,api-pinned-2026-07-02,valid,true,
trellm-v0.3-protocol,outputs/v0_3_direct_api_matrix/submissions/glm__glm_5__synthetic_high_volatility_c0_v0_3__c0__e0__seed_37__sample_2.json,synthetic_high_volatility_c0_v0_3,glm,glm-5,glm-5 (api-pinned-2026-07-02),C0,E0,37,2,stress-only;direct-api;live-provider;redacted-prompt,0.351775,-0.000542,22.206387,outputs/v0_3_direct_api_matrix/provider_manifests/glm__glm_5__synthetic_high_volatility_c0_v0_3__c0__e0__seed_37__sample_2.json,sha256:420e54d7e10e305c740ad2801d7db4dedd0ee0c0c36c5f7ba1d3b98fea43ec72,direct-api,glm-5,api-pinned-2026-07-02,valid,true,
trellm-v0.3-protocol,outputs/v0_3_direct_api_matrix/submissions/glm__glm_5__synthetic_high_volatility_c0_v0_3__c0__e0__seed_41__sample_0.json,synthetic_high_volatility_c0_v0_3,glm,glm-5,glm-5 (api-pinned-2026-07-02),C0,E0,41,0,stress-only;direct-api;live-provider;redacted-prompt,0.198944,-0.010483,13.184881,outputs/v0_3_direct_api_matrix/provider_manifests/glm__glm_5__synthetic_high_volatility_c0_v0_3__c0__e0__seed_41__sample_0.json,sha256:a7d98a09408da0caf23335fd430d6b20bd7f5387a4851b51c8d05133a07c8d2b,direct-api,glm-5,api-pinned-2026-07-02,valid,true,
trellm-v0.3-protocol,outputs/v0_3_direct_api_matrix/submissions/glm__glm_5__synthetic_high_volatility_c0_v0_3__c0__e0__seed_41__sample_1.json,synthetic_high_volatility_c0_v0_3,glm,glm-5,glm-5 (api-pinned-2026-07-02),C0,E0,41,1,stress-only;direct-api;live-provider;redacted-prompt,0.193176,-0.011685,12.7261,outputs/v0_3_direct_api_matrix/provider_manifests/glm__glm_5__synthetic_high_volatility_c0_v0_3__c0__e0__seed_41__sample_1.json,sha256:de95ce3176a3e900d96ae452a5bc3d8e7b7ebf3ef00ddfb8d7f2686c8a416197,direct-api,glm-5,api-pinned-2026-07-02,valid,true,
trellm-v0.3-protocol,outputs/v0_3_direct_api_matrix/submissions/glm__glm_5__synthetic_high_volatility_c0_v0_3__c0__e0__seed_41__sample_2.json,synthetic_high_volatility_c0_v0_3,glm,glm-5,glm-5 (api-pinned-2026-07-02),C0,E0,41,2,stress-only;direct-api;live-provider;redacted-prompt,0.194238,-0.011696,12.928388,outputs/v0_3_direct_api_matrix/provider_manifests/glm__glm_5__synthetic_high_volatility_c0_v0_3__c0__e0__seed_41__sample_2.json,sha256:4d8e7133cf051c72335adde0c092457e519e35b73ebc3987d3038b6e3374388b,direct-api,glm-5,api-pinned-2026-07-02,valid,true,
trellm-v0.3-protocol,outputs/v0_3_direct_api_matrix/submissions/glm__glm_5__synthetic_high_volatility_c0_v0_3__c0__e0__seed_43__sample_0.json,synthetic_high_volatility_c0_v0_3,glm,glm-5,glm-5 (api-pinned-2026-07-02),C0,E0,43,0,stress-only;direct-api;live-provider;redacted-prompt,0.293927,-0.008582,16.542382,outputs/v0_3_direct_api_matrix/provider_manifests/glm__glm_5__synthetic_high_volatility_c0_v0_3__c0__e0__seed_43__sample_0.json,sha256:82ff03dbfaa918d353d717d6656619ebe327acf5af3e0200fd5868cf9021107c,direct-api,glm-5,api-pinned-2026-07-02,valid,true,
trellm-v0.3-protocol,outputs/v0_3_direct_api_matrix/submissions/glm__glm_5__synthetic_high_volatility_c0_v0_3__c0__e0__seed_43__sample_1.json,synthetic_high_volatility_c0_v0_3,glm,glm-5,glm-5 (api-pinned-2026-07-02),C0,E0,43,1,stress-only;direct-api;live-provider;redacted-prompt,0.278454,-0.008819,16.488245,outputs/v0_3_direct_api_matrix/provider_manifests/glm__glm_5__synthetic_high_volatility_c0_v0_3__c0__e0__seed_43__sample_1.json,sha256:73a0570497bdf0e4d84d7319aa1e6aed4f61817261fc884254c464b28a77c51c,direct-api,glm-5,api-pinned-2026-07-02,valid,true,
trellm-v0.3-protocol,outputs/v0_3_direct_api_matrix/submissions/glm__glm_5__synthetic_high_volatility_c0_v0_3__c0__e0__seed_43__sample_2.json,synthetic_high_volatility_c0_v0_3,glm,glm-5,glm-5 (api-pinned-2026-07-02),C0,E0,43,2,stress-only;direct-api;live-provider;redacted-prompt,0.294822,-0.008833,16.951728,outputs/v0_3_direct_api_matrix/provider_manifests/glm__glm_5__synthetic_high_volatility_c0_v0_3__c0__e0__seed_43__sample_2.json,sha256:ee07128092c0ebc960186a447f6c03947c7838c355df0cb912feaadbd4741861,direct-api,glm-5,api-pinned-2026-07-02,valid,true,
trellm-v0.3-protocol,outputs/v0_3_direct_api_matrix/submissions/glm__glm_5__synthetic_high_volatility_c0_v0_3__c0__e0__seed_47__sample_0.json,synthetic_high_volatility_c0_v0_3,glm,glm-5,glm-5 (api-pinned-2026-07-02),C0,E0,47,0,stress-only;direct-api;live-provider;redacted-prompt,0.21859,-0.011963,12.802446,outputs/v0_3_direct_api_matrix/provider_manifests/glm__glm_5__synthetic_high_volatility_c0_v0_3__c0__e0__seed_47__sample_0.json,sha256:4cc113476fcdb9d52e78bd95f7d8c200e5276075a3761dadc43e768b5891551a,direct-api,glm-5,api-pinned-2026-07-02,valid,true,
trellm-v0.3-protocol,outputs/v0_3_direct_api_matrix/submissions/glm__glm_5__synthetic_high_volatility_c0_v0_3__c0__e0__seed_47__sample_1.json,synthetic_high_volatility_c0_v0_3,glm,glm-5,glm-5 (api-pinned-2026-07-02),C0,E0,47,1,stress-only;direct-api;live-provider;redacted-prompt,0.219232,-0.011593,13.433203,outputs/v0_3_direct_api_matrix/provider_manifests/glm__glm_5__synthetic_high_volatility_c0_v0_3__c0__e0__seed_47__sample_1.json,sha256:b9ba081d84cd0d75a954b1835dbec05a03f470b34f9dbfe59a4c71e0d41ce38f,direct-api,glm-5,api-pinned-2026-07-02,valid,true,
trellm-v0.3-protocol,outputs/v0_3_direct_api_matrix/submissions/glm__glm_5__synthetic_high_volatility_c0_v0_3__c0__e0__seed_47__sample_2.json,synthetic_high_volatility_c0_v0_3,glm,glm-5,glm-5 (api-pinned-2026-07-02),C0,E0,47,2,stress-only;direct-api;live-provider;redacted-prompt,0.215675,-0.011963,12.572078,outputs/v0_3_direct_api_matrix/provider_manifests/glm__glm_5__synthetic_high_volatility_c0_v0_3__c0__e0__seed_47__sample_2.json,sha256:44f449f5cb040f1d27fdde892adbd1c38b7b2638192659c76c432952462ec5e7,direct-api,glm-5,api-pinned-2026-07-02,valid,true,
trellm-v0.3-protocol,outputs/v0_3_direct_api_matrix/submissions/glm__glm_5__synthetic_high_volatility_c0_v0_3__c0__e0__seed_53__sample_0.json,synthetic_high_volatility_c0_v0_3,glm,glm-5,glm-5 (api-pinned-2026-07-02),C0,E0,53,0,stress-only;direct-api;live-provider;redacted-prompt,0.163784,-0.01358,10.471229,outputs/v0_3_direct_api_matrix/provider_manifests/glm__glm_5__synthetic_high_volatility_c0_v0_3__c0__e0__seed_53__sample_0.json,sha256:cac6b923d77135940a6d47212b8dd812d3f02278f400a889a22d9dea53d675b3,direct-api,glm-5,api-pinned-2026-07-02,valid,true,
trellm-v0.3-protocol,outputs/v0_3_direct_api_matrix/submissions/glm__glm_5__synthetic_high_volatility_c0_v0_3__c0__e0__seed_53__sample_1.json,synthetic_high_volatility_c0_v0_3,glm,glm-5,glm-5 (api-pinned-2026-07-02),C0,E0,53,1,stress-only;direct-api;live-provider;redacted-prompt,0.162677,-0.014722,10.366629,outputs/v0_3_direct_api_matrix/provider_manifests/glm__glm_5__synthetic_high_volatility_c0_v0_3__c0__e0__seed_53__sample_1.json,sha256:a5d46244a4189954fcc8deaf92f14c49f88ad4362250f2ee27361e78eaf6be5d,direct-api,glm-5,api-pinned-2026-07-02,valid,true,
trellm-v0.3-protocol,outputs/v0_3_direct_api_matrix/submissions/glm__glm_5__synthetic_high_volatility_c0_v0_3__c0__e0__seed_53__sample_2.json,synthetic_high_volatility_c0_v0_3,glm,glm-5,glm-5 (api-pinned-2026-07-02),C0,E0,53,2,stress-only;direct-api;live-provider;redacted-prompt,0.149728,-0.014609,10.689076,outputs/v0_3_direct_api_matrix/provider_manifests/glm__glm_5__synthetic_high_volatility_c0_v0_3__c0__e0__seed_53__sample_2.json,sha256:b7e13b005d6a2405415db81b56e6a3ca6afd2b48996b51707a7538a3b3829981,direct-api,glm-5,api-pinned-2026-07-02,valid,true,
trellm-v0.3-protocol,outputs/v0_3_direct_api_matrix/submissions/glm__glm_5__synthetic_high_volatility_c0_v0_3__c0__e0__seed_7__sample_0.json,synthetic_high_volatility_c0_v0_3,glm,glm-5,glm-5 (api-pinned-2026-07-02),C0,E0,7,0,stress-only;direct-api;live-provider;redacted-prompt,0.171651,-0.007322,13.139611,outputs/v0_3_direct_api_matrix/provider_manifests/glm__glm_5__synthetic_high_volatility_c0_v0_3__c0__e0__seed_7__sample_0.json,sha256:9efa7518b68cfff9833f936523ac55e5ecb1c4abb30c4189e2acf4ed42b927f7,direct-api,glm-5,api-pinned-2026-07-02,valid,true,
trellm-v0.3-protocol,outputs/v0_3_direct_api_matrix/submissions/glm__glm_5__synthetic_high_volatility_c0_v0_3__c0__e0__seed_7__sample_1.json,synthetic_high_volatility_c0_v0_3,glm,glm-5,glm-5 (api-pinned-2026-07-02),C0,E0,7,1,stress-only;direct-api;live-provider;redacted-prompt,0.166892,-0.007322,13.203314,outputs/v0_3_direct_api_matrix/provider_manifests/glm__glm_5__synthetic_high_volatility_c0_v0_3__c0__e0__seed_7__sample_1.json,sha256:4a64c0a40e43f4aa0fef31082d456664c1446208c211299c73c80bb6385fbceb,direct-api,glm-5,api-pinned-2026-07-02,valid,true,
trellm-v0.3-protocol,outputs/v0_3_direct_api_matrix/submissions/glm__glm_5__synthetic_high_volatility_c0_v0_3__c0__e0__seed_7__sample_2.json,synthetic_high_volatility_c0_v0_3,glm,glm-5,glm-5 (api-pinned-2026-07-02),C0,E0,7,2,stress-only;direct-api;live-provider;redacted-prompt,0.161332,-0.00987,13.440024,outputs/v0_3_direct_api_matrix/provider_manifests/glm__glm_5__synthetic_high_volatility_c0_v0_3__c0__e0__seed_7__sample_2.json,sha256:abb5882c6275c8d0b039856a80eaa9d6e2ce0ff1c4edbfc3eb2f4deb91890b8b,direct-api,glm-5,api-pinned-2026-07-02,valid,true,
trellm-v0.3-protocol,outputs/v0_3_direct_api_matrix/submissions/glm__glm_5__synthetic_high_volatility_c0_v0_3__c0__e1__seed_11__sample_0.json,synthetic_high_volatility_c0_v0_3,glm,glm-5,glm-5 (api-pinned-2026-07-02),C0,E1,11,0,stress-only;direct-api;live-provider;redacted-prompt,0.184825,-0.007556,12.892907,outputs/v0_3_direct_api_matrix/provider_manifests/glm__glm_5__synthetic_high_volatility_c0_v0_3__c0__e1__seed_11__sample_0.json,sha256:3370b62d2758f188ffc4a3106660a6c67111326f68e7753f5974d963fe6fac1a,direct-api,glm-5,api-pinned-2026-07-02,valid,true,
trellm-v0.3-protocol,outputs/v0_3_direct_api_matrix/submissions/glm__glm_5__synthetic_high_volatility_c0_v0_3__c0__e1__seed_11__sample_1.json,synthetic_high_volatility_c0_v0_3,glm,glm-5,glm-5 (api-pinned-2026-07-02),C0,E1,11,1,stress-only;direct-api;live-provider;redacted-prompt,0.252533,-0.007726,15.627636,outputs/v0_3_direct_api_matrix/provider_manifests/glm__glm_5__synthetic_high_volatility_c0_v0_3__c0__e1__seed_11__sample_1.json,sha256:e82c9ff3197e4d57f0a7f29ca260ef3b7b9c6ed0afb564d1b1d9fefc1200eaed,direct-api,glm-5,api-pinned-2026-07-02,valid,true,
trellm-v0.3-protocol,outputs/v0_3_direct_api_matrix/submissions/glm__glm_5__synthetic_high_volatility_c0_v0_3__c0__e1__seed_11__sample_2.json,synthetic_high_volatility_c0_v0_3,glm,glm-5,glm-5 (api-pinned-2026-07-02),C0,E1,11,2,stress-only;direct-api;live-provider;redacted-prompt,0.27742,-0.005984,15.091164,outputs/v0_3_direct_api_matrix/provider_manifests/glm__glm_5__synthetic_high_volatility_c0_v0_3__c0__e1__seed_11__sample_2.json,sha256:0964f893e26fbd71663f98db0e62dc8dbbcad0b7ef591df4b455052bd2fa56ec,direct-api,glm-5,api-pinned-2026-07-02,valid,true,
trellm-v0.3-protocol,outputs/v0_3_direct_api_matrix/submissions/glm__glm_5__synthetic_high_volatility_c0_v0_3__c0__e1__seed_17__sample_0.json,synthetic_high_volatility_c0_v0_3,glm,glm-5,glm-5 (api-pinned-2026-07-02),C0,E1,17,0,stress-only;direct-api;live-provider;redacted-prompt,0.159677,-0.010626,8.819603,outputs/v0_3_direct_api_matrix/provider_manifests/glm__glm_5__synthetic_high_volatility_c0_v0_3__c0__e1__seed_17__sample_0.json,sha256:f087f50d4774d6cc9592b0c1ef33b22204fe09737d0407701c3059fa04bdd150,direct-api,glm-5,api-pinned-2026-07-02,valid,true,
trellm-v0.3-protocol,outputs/v0_3_direct_api_matrix/submissions/glm__glm_5__synthetic_high_volatility_c0_v0_3__c0__e1__seed_17__sample_1.json,synthetic_high_volatility_c0_v0_3,glm,glm-5,glm-5 (api-pinned-2026-07-02),C0,E1,17,1,stress-only;direct-api;live-provider;redacted-prompt,0.160098,-0.013129,7.953841,outputs/v0_3_direct_api_matrix/provider_manifests/glm__glm_5__synthetic_high_volatility_c0_v0_3__c0__e1__seed_17__sample_1.json,sha256:c6e538475684944d5a01762740c10369100c34d1c0f5ec59abd9af60bee5a3ef,direct-api,glm-5,api-pinned-2026-07-02,valid,true,
trellm-v0.3-protocol,outputs/v0_3_direct_api_matrix/submissions/glm__glm_5__synthetic_high_volatility_c0_v0_3__c0__e1__seed_17__sample_2.json,synthetic_high_volatility_c0_v0_3,glm,glm-5,glm-5 (api-pinned-2026-07-02),C0,E1,17,2,stress-only;direct-api;live-provider;redacted-prompt,0.165279,-0.012822,8.455538,outputs/v0_3_direct_api_matrix/provider_manifests/glm__glm_5__synthetic_high_volatility_c0_v0_3__c0__e1__seed_17__sample_2.json,sha256:2474cb2f11f3c026e9c9f9aebe1cd2897b67f3123ca3237b1b97e8879c4183c2,direct-api,glm-5,api-pinned-2026-07-02,valid,true,
trellm-v0.3-protocol,outputs/v0_3_direct_api_matrix/submissions/glm__glm_5__synthetic_high_volatility_c0_v0_3__c0__e1__seed_23__sample_0.json,synthetic_high_volatility_c0_v0_3,glm,glm-5,glm-5 (api-pinned-2026-07-02),C0,E1,23,0,stress-only;direct-api;live-provider;redacted-prompt,0.269735,-0.019412,12.230842,outputs/v0_3_direct_api_matrix/provider_manifests/glm__glm_5__synthetic_high_volatility_c0_v0_3__c0__e1__seed_23__sample_0.json,sha256:2577060ba691e2a49289f1296aaa9c1418d628166cc1760c54d3472cf26b6ccd,direct-api,glm-5,api-pinned-2026-07-02,valid,true,
trellm-v0.3-protocol,outputs/v0_3_direct_api_matrix/submissions/glm__glm_5__synthetic_high_volatility_c0_v0_3__c0__e1__seed_23__sample_1.json,synthetic_high_volatility_c0_v0_3,glm,glm-5,glm-5 (api-pinned-2026-07-02),C0,E1,23,1,stress-only;direct-api;live-provider;redacted-prompt,0.248253,-0.019824,11.844336,outputs/v0_3_direct_api_matrix/provider_manifests/glm__glm_5__synthetic_high_volatility_c0_v0_3__c0__e1__seed_23__sample_1.json,sha256:b4b4b177d9db0f09f12241c61b15cfe0478d054bf27e9d342fbd568f3d989c87,direct-api,glm-5,api-pinned-2026-07-02,valid,true,
trellm-v0.3-protocol,outputs/v0_3_direct_api_matrix/submissions/glm__glm_5__synthetic_high_volatility_c0_v0_3__c0__e1__seed_23__sample_2.json,synthetic_high_volatility_c0_v0_3,glm,glm-5,glm-5 (api-pinned-2026-07-02),C0,E1,23,2,stress-only;direct-api;live-provider;redacted-prompt,0.280158,-0.022114,12.533264,outputs/v0_3_direct_api_matrix/provider_manifests/glm__glm_5__synthetic_high_volatility_c0_v0_3__c0__e1__seed_23__sample_2.json,sha256:73f5f1aeb69aca2501b32a0307bce2185b21c78bfe2cd98feb7ebe5bd0252d05,direct-api,glm-5,api-pinned-2026-07-02,valid,true,
trellm-v0.3-protocol,outputs/v0_3_direct_api_matrix/submissions/glm__glm_5__synthetic_high_volatility_c0_v0_3__c0__e1__seed_31__sample_0.json,synthetic_high_volatility_c0_v0_3,glm,glm-5,glm-5 (api-pinned-2026-07-02),C0,E1,31,0,stress-only;direct-api;live-provider;redacted-prompt,0.24433,-0.005237,17.627753,outputs/v0_3_direct_api_matrix/provider_manifests/glm__glm_5__synthetic_high_volatility_c0_v0_3__c0__e1__seed_31__sample_0.json,sha256:d1134271abefc8c559f4fc50382700e64769cdeeb4e3a58687d81a737d2736ca,direct-api,glm-5,api-pinned-2026-07-02,valid,true,
trellm-v0.3-protocol,outputs/v0_3_direct_api_matrix/submissions/glm__glm_5__synthetic_high_volatility_c0_v0_3__c0__e1__seed_31__sample_1.json,synthetic_high_volatility_c0_v0_3,glm,glm-5,glm-5 (api-pinned-2026-07-02),C0,E1,31,1,stress-only;direct-api;live-provider;redacted-prompt,0.24761,-0.006081,17.76199,outputs/v0_3_direct_api_matrix/provider_manifests/glm__glm_5__synthetic_high_volatility_c0_v0_3__c0__e1__seed_31__sample_1.json,sha256:bf85ca766a93402392c7535adc41c453d7c5a585e0c24b3e44ce5553dfe869ff,direct-api,glm-5,api-pinned-2026-07-02,valid,true,
trellm-v0.3-protocol,outputs/v0_3_direct_api_matrix/submissions/glm__glm_5__synthetic_high_volatility_c0_v0_3__c0__e1__seed_31__sample_2.json,synthetic_high_volatility_c0_v0_3,glm,glm-5,glm-5 (api-pinned-2026-07-02),C0,E1,31,2,stress-only;direct-api;live-provider;redacted-prompt,0.25546,-0.003923,17.592672,outputs/v0_3_direct_api_matrix/provider_manifests/glm__glm_5__synthetic_high_volatility_c0_v0_3__c0__e1__seed_31__sample_2.json,sha256:c8dc1cc3da05d98a9498bd4e6a3a9c3c1eef1143724e99b0633a8fc84edec702,direct-api,glm-5,api-pinned-2026-07-02,valid,true,
trellm-v0.3-protocol,outputs/v0_3_direct_api_matrix/submissions/glm__glm_5__synthetic_high_volatility_c0_v0_3__c0__e1__seed_37__sample_0.json,synthetic_high_volatility_c0_v0_3,glm,glm-5,glm-5 (api-pinned-2026-07-02),C0,E1,37,0,stress-only;direct-api;live-provider;redacted-prompt,0.333544,-0.002512,19.348199,outputs/v0_3_direct_api_matrix/provider_manifests/glm__glm_5__synthetic_high_volatility_c0_v0_3__c0__e1__seed_37__sample_0.json,sha256:4bed458ab2a7f05530a0ffba0d319b47d00273b1dc06196671643963ac90bb1f,direct-api,glm-5,api-pinned-2026-07-02,valid,true,
trellm-v0.3-protocol,outputs/v0_3_direct_api_matrix/submissions/glm__glm_5__synthetic_high_volatility_c0_v0_3__c0__e1__seed_37__sample_1.json,synthetic_high_volatility_c0_v0_3,glm,glm-5,glm-5 (api-pinned-2026-07-02),C0,E1,37,1,stress-only;direct-api;live-provider;redacted-prompt,0.332689,-0.002512,19.559234,outputs/v0_3_direct_api_matrix/provider_manifests/glm__glm_5__synthetic_high_volatility_c0_v0_3__c0__e1__seed_37__sample_1.json,sha256:a9df86cfd55d503146c69c3ed1d84fc74b9ca5f4c196cf6e68a2fc916f5f384c,direct-api,glm-5,api-pinned-2026-07-02,valid,true,
trellm-v0.3-protocol,outputs/v0_3_direct_api_matrix/submissions/glm__glm_5__synthetic_high_volatility_c0_v0_3__c0__e1__seed_37__sample_2.json,synthetic_high_volatility_c0_v0_3,glm,glm-5,glm-5 (api-pinned-2026-07-02),C0,E1,37,2,stress-only;direct-api;live-provider;redacted-prompt,0.337848,-0.002543,20.774078,outputs/v0_3_direct_api_matrix/provider_manifests/glm__glm_5__synthetic_high_volatility_c0_v0_3__c0__e1__seed_37__sample_2.json,sha256:b66322d6dfd881de83e9b25ef249b03bb6ecd70573e8fdb5aae45a98b08a9855,direct-api,glm-5,api-pinned-2026-07-02,valid,true,
trellm-v0.3-protocol,outputs/v0_3_direct_api_matrix/submissions/glm__glm_5__synthetic_high_volatility_c0_v0_3__c0__e1__seed_41__sample_0.json,synthetic_high_volatility_c0_v0_3,glm,glm-5,glm-5 (api-pinned-2026-07-02),C0,E1,41,0,stress-only;direct-api;live-provider;redacted-prompt,0.182317,-0.006693,11.095776,outputs/v0_3_direct_api_matrix/provider_manifests/glm__glm_5__synthetic_high_volatility_c0_v0_3__c0__e1__seed_41__sample_0.json,sha256:93513777d47f86d1009ecabb524c10a3f67f4184a69ee2c77de04b27d4b5d925,direct-api,glm-5,api-pinned-2026-07-02,valid,true,
trellm-v0.3-protocol,outputs/v0_3_direct_api_matrix/submissions/glm__glm_5__synthetic_high_volatility_c0_v0_3__c0__e1__seed_41__sample_1.json,synthetic_high_volatility_c0_v0_3,glm,glm-5,glm-5 (api-pinned-2026-07-02),C0,E1,41,1,stress-only;direct-api;live-provider;redacted-prompt,0.157317,-0.01568,10.562524,outputs/v0_3_direct_api_matrix/provider_manifests/glm__glm_5__synthetic_high_volatility_c0_v0_3__c0__e1__seed_41__sample_1.json,sha256:50a5577218e694ee06422857a584d0f31ef61e1a971bebf4828cb8f4ce414ff7,direct-api,glm-5,api-pinned-2026-07-02,valid,true,
trellm-v0.3-protocol,outputs/v0_3_direct_api_matrix/submissions/glm__glm_5__synthetic_high_volatility_c0_v0_3__c0__e1__seed_41__sample_2.json,synthetic_high_volatility_c0_v0_3,glm,glm-5,glm-5 (api-pinned-2026-07-02),C0,E1,41,2,stress-only;direct-api;live-provider;redacted-prompt,0.217342,-0.01137,14.087956,outputs/v0_3_direct_api_matrix/provider_manifests/glm__glm_5__synthetic_high_volatility_c0_v0_3__c0__e1__seed_41__sample_2.json,sha256:3b87cf28bb006d2976fc56e657c46d8592aea515fbb94ff3baba128b5b3788e1,direct-api,glm-5,api-pinned-2026-07-02,valid,true,
trellm-v0.3-protocol,outputs/v0_3_direct_api_matrix/submissions/glm__glm_5__synthetic_high_volatility_c0_v0_3__c0__e1__seed_43__sample_0.json,synthetic_high_volatility_c0_v0_3,glm,glm-5,glm-5 (api-pinned-2026-07-02),C0,E1,43,0,stress-only;direct-api;live-provider;redacted-prompt,0.278827,-0.006569,17.195645,outputs/v0_3_direct_api_matrix/provider_manifests/glm__glm_5__synthetic_high_volatility_c0_v0_3__c0__e1__seed_43__sample_0.json,sha256:8295446cac44d8b5bbec48b3785aff274258e8a2e650d5d138022e93e670f784,direct-api,glm-5,api-pinned-2026-07-02,valid,true,
trellm-v0.3-protocol,outputs/v0_3_direct_api_matrix/submissions/glm__glm_5__synthetic_high_volatility_c0_v0_3__c0__e1__seed_43__sample_1.json,synthetic_high_volatility_c0_v0_3,glm,glm-5,glm-5 (api-pinned-2026-07-02),C0,E1,43,1,stress-only;direct-api;live-provider;redacted-prompt,0.249959,-0.007154,17.173221,outputs/v0_3_direct_api_matrix/provider_manifests/glm__glm_5__synthetic_high_volatility_c0_v0_3__c0__e1__seed_43__sample_1.json,sha256:fec8be1bf460211e08aaea6ff4f531775a528601d9750ec72b655cfea353443a,direct-api,glm-5,api-pinned-2026-07-02,valid,true,
trellm-v0.3-protocol,outputs/v0_3_direct_api_matrix/submissions/glm__glm_5__synthetic_high_volatility_c0_v0_3__c0__e1__seed_43__sample_2.json,synthetic_high_volatility_c0_v0_3,glm,glm-5,glm-5 (api-pinned-2026-07-02),C0,E1,43,2,stress-only;direct-api;live-provider;redacted-prompt,0.260901,-0.006666,17.784442,outputs/v0_3_direct_api_matrix/provider_manifests/glm__glm_5__synthetic_high_volatility_c0_v0_3__c0__e1__seed_43__sample_2.json,sha256:e00bf1fc7ac7e5e96ee380a53ebbe37ae8e9fb269ddcc6cd29494d2c0d4fb1d0,direct-api,glm-5,api-pinned-2026-07-02,valid,true,
trellm-v0.3-protocol,outputs/v0_3_direct_api_matrix/submissions/glm__glm_5__synthetic_high_volatility_c0_v0_3__c0__e1__seed_47__sample_0.json,synthetic_high_volatility_c0_v0_3,glm,glm-5,glm-5 (api-pinned-2026-07-02),C0,E1,47,0,stress-only;direct-api;live-provider;redacted-prompt,0.185961,-0.014218,10.619894,outputs/v0_3_direct_api_matrix/provider_manifests/glm__glm_5__synthetic_high_volatility_c0_v0_3__c0__e1__seed_47__sample_0.json,sha256:a96685ce09add951c6ff00655e25546f0553ab10d7333be18d75e112526c2a4d,direct-api,glm-5,api-pinned-2026-07-02,valid,true,
trellm-v0.3-protocol,outputs/v0_3_direct_api_matrix/submissions/glm__glm_5__synthetic_high_volatility_c0_v0_3__c0__e1__seed_47__sample_1.json,synthetic_high_volatility_c0_v0_3,glm,glm-5,glm-5 (api-pinned-2026-07-02),C0,E1,47,1,stress-only;direct-api;live-provider;redacted-prompt,0.191088,-0.012541,11.968261,outputs/v0_3_direct_api_matrix/provider_manifests/glm__glm_5__synthetic_high_volatility_c0_v0_3__c0__e1__seed_47__sample_1.json,sha256:437ab69a067f05d6d5c99f3cb49db77ea9298e92c940df246354b0b6badc372f,direct-api,glm-5,api-pinned-2026-07-02,valid,true,
trellm-v0.3-protocol,outputs/v0_3_direct_api_matrix/submissions/glm__glm_5__synthetic_high_volatility_c0_v0_3__c0__e1__seed_47__sample_2.json,synthetic_high_volatility_c0_v0_3,glm,glm-5,glm-5 (api-pinned-2026-07-02),C0,E1,47,2,stress-only;direct-api;live-provider;redacted-prompt,0.185639,-0.014096,11.642707,outputs/v0_3_direct_api_matrix/provider_manifests/glm__glm_5__synthetic_high_volatility_c0_v0_3__c0__e1__seed_47__sample_2.json,sha256:33c8a34513ead3150cba08c3786d9586aeef6ca9e05306b2918c1e8560171c9b,direct-api,glm-5,api-pinned-2026-07-02,valid,true,
trellm-v0.3-protocol,outputs/v0_3_direct_api_matrix/submissions/glm__glm_5__synthetic_high_volatility_c0_v0_3__c0__e1__seed_53__sample_0.json,synthetic_high_volatility_c0_v0_3,glm,glm-5,glm-5 (api-pinned-2026-07-02),C0,E1,53,0,stress-only;direct-api;live-provider;redacted-prompt,0.138795,-0.034493,8.32803,outputs/v0_3_direct_api_matrix/provider_manifests/glm__glm_5__synthetic_high_volatility_c0_v0_3__c0__e1__seed_53__sample_0.json,sha256:a09ba42d0ef689d2e642ed609fe678b0186aa6573e5f13b08dec6a733126649f,direct-api,glm-5,api-pinned-2026-07-02,valid,true,
trellm-v0.3-protocol,outputs/v0_3_direct_api_matrix/submissions/glm__glm_5__synthetic_high_volatility_c0_v0_3__c0__e1__seed_53__sample_1.json,synthetic_high_volatility_c0_v0_3,glm,glm-5,glm-5 (api-pinned-2026-07-02),C0,E1,53,1,stress-only;direct-api;live-provider;redacted-prompt,0.141383,-0.03179,8.244774,outputs/v0_3_direct_api_matrix/provider_manifests/glm__glm_5__synthetic_high_volatility_c0_v0_3__c0__e1__seed_53__sample_1.json,sha256:bc0f547f3395cd1f3f0b6c3dadea4b2761e22231bcfcd285ff30b3ed63c56d06,direct-api,glm-5,api-pinned-2026-07-02,valid,true,
trellm-v0.3-protocol,outputs/v0_3_direct_api_matrix/submissions/glm__glm_5__synthetic_high_volatility_c0_v0_3__c0__e1__seed_53__sample_2.json,synthetic_high_volatility_c0_v0_3,glm,glm-5,glm-5 (api-pinned-2026-07-02),C0,E1,53,2,stress-only;direct-api;live-provider;redacted-prompt,0.146458,-0.029246,8.793204,outputs/v0_3_direct_api_matrix/provider_manifests/glm__glm_5__synthetic_high_volatility_c0_v0_3__c0__e1__seed_53__sample_2.json,sha256:fbd5c6df81aa019f358c6ee1080743ee1f921d3acf004e21a98ba6c3b338672b,direct-api,glm-5,api-pinned-2026-07-02,valid,true,
trellm-v0.3-protocol,outputs/v0_3_direct_api_matrix/submissions/glm__glm_5__synthetic_high_volatility_c0_v0_3__c0__e1__seed_7__sample_0.json,synthetic_high_volatility_c0_v0_3,glm,glm-5,glm-5 (api-pinned-2026-07-02),C0,E1,7,0,stress-only;direct-api;live-provider;redacted-prompt,0.154246,-0.01041,11.335689,outputs/v0_3_direct_api_matrix/provider_manifests/glm__glm_5__synthetic_high_volatility_c0_v0_3__c0__e1__seed_7__sample_0.json,sha256:09d9889fee7520c7b8cc4f511666e1d33857a121bd5f9228ddeb0bc9ee315394,direct-api,glm-5,api-pinned-2026-07-02,valid,true,
trellm-v0.3-protocol,outputs/v0_3_direct_api_matrix/submissions/glm__glm_5__synthetic_high_volatility_c0_v0_3__c0__e1__seed_7__sample_1.json,synthetic_high_volatility_c0_v0_3,glm,glm-5,glm-5 (api-pinned-2026-07-02),C0,E1,7,1,stress-only;direct-api;live-provider;redacted-prompt,0.149196,-0.0116,11.370758,outputs/v0_3_direct_api_matrix/provider_manifests/glm__glm_5__synthetic_high_volatility_c0_v0_3__c0__e1__seed_7__sample_1.json,sha256:84c4a8d45ce44297fd066c4f13847ac73dc4e1fa1bdbba1ac237f95ff612f499,direct-api,glm-5,api-pinned-2026-07-02,valid,true,
trellm-v0.3-protocol,outputs/v0_3_direct_api_matrix/submissions/glm__glm_5__synthetic_high_volatility_c0_v0_3__c0__e1__seed_7__sample_2.json,synthetic_high_volatility_c0_v0_3,glm,glm-5,glm-5 (api-pinned-2026-07-02),C0,E1,7,2,stress-only;direct-api;live-provider;redacted-prompt,0.146064,-0.016563,9.701469,outputs/v0_3_direct_api_matrix/provider_manifests/glm__glm_5__synthetic_high_volatility_c0_v0_3__c0__e1__seed_7__sample_2.json,sha256:9a051ac62b4ee4cd7357c0afb1af25aa9fc6fed56762d772a3ab7210bf2ffc71,direct-api,glm-5,api-pinned-2026-07-02,valid,true,
trellm-v0.3-protocol,outputs/v0_3_direct_api_matrix/submissions/glm__glm_5__synthetic_jump_tail_c0_v0_3__c0__e0__seed_11__sample_0.json,synthetic_jump_tail_c0_v0_3,glm,glm-5,glm-5 (api-pinned-2026-07-02),C0,E0,11,0,stress-only;direct-api;live-provider;redacted-prompt,0.355224,-0.01559,11.549474,outputs/v0_3_direct_api_matrix/provider_manifests/glm__glm_5__synthetic_jump_tail_c0_v0_3__c0__e0__seed_11__sample_0.json,sha256:517d9ed79db02119308729af3eb8780bbc904316386cb508abb72505ae543d27,direct-api,glm-5,api-pinned-2026-07-02,valid,true,
trellm-v0.3-protocol,outputs/v0_3_direct_api_matrix/submissions/glm__glm_5__synthetic_jump_tail_c0_v0_3__c0__e0__seed_11__sample_1.json,synthetic_jump_tail_c0_v0_3,glm,glm-5,glm-5 (api-pinned-2026-07-02),C0,E0,11,1,stress-only;direct-api;live-provider;redacted-prompt,0.358806,-0.01559,11.629134,outputs/v0_3_direct_api_matrix/provider_manifests/glm__glm_5__synthetic_jump_tail_c0_v0_3__c0__e0__seed_11__sample_1.json,sha256:a25a97e4ce2ffc7274a98f681c5869665844ecddf78d4c769e6f1c3da940ca39,direct-api,glm-5,api-pinned-2026-07-02,valid,true,
trellm-v0.3-protocol,outputs/v0_3_direct_api_matrix/submissions/glm__glm_5__synthetic_jump_tail_c0_v0_3__c0__e0__seed_11__sample_2.json,synthetic_jump_tail_c0_v0_3,glm,glm-5,glm-5 (api-pinned-2026-07-02),C0,E0,11,2,stress-only;direct-api;live-provider;redacted-prompt,0.366541,-0.01559,11.781704,outputs/v0_3_direct_api_matrix/provider_manifests/glm__glm_5__synthetic_jump_tail_c0_v0_3__c0__e0__seed_11__sample_2.json,sha256:a385a10344a43431b9a7514ad26ae78ab67534c071a8273d52022f9429233598,direct-api,glm-5,api-pinned-2026-07-02,valid,true,
trellm-v0.3-protocol,outputs/v0_3_direct_api_matrix/submissions/glm__glm_5__synthetic_jump_tail_c0_v0_3__c0__e0__seed_17__sample_0.json,synthetic_jump_tail_c0_v0_3,glm,glm-5,glm-5 (api-pinned-2026-07-02),C0,E0,17,0,stress-only;direct-api;live-provider;redacted-prompt,0.274741,-0.041414,9.074573,outputs/v0_3_direct_api_matrix/provider_manifests/glm__glm_5__synthetic_jump_tail_c0_v0_3__c0__e0__seed_17__sample_0.json,sha256:7ea5f92f5b0a35ded47a664a4039bc494f43a3e5b8cc491b927c4e51be1a7914,direct-api,glm-5,api-pinned-2026-07-02,valid,true,
trellm-v0.3-protocol,outputs/v0_3_direct_api_matrix/submissions/glm__glm_5__synthetic_jump_tail_c0_v0_3__c0__e0__seed_17__sample_1.json,synthetic_jump_tail_c0_v0_3,glm,glm-5,glm-5 (api-pinned-2026-07-02),C0,E0,17,1,stress-only;direct-api;live-provider;redacted-prompt,0.278626,-0.041415,9.273635,outputs/v0_3_direct_api_matrix/provider_manifests/glm__glm_5__synthetic_jump_tail_c0_v0_3__c0__e0__seed_17__sample_1.json,sha256:479dbeb1c0214aba1b5a7e6e9d5179c38711bb736d4eb368d090e8a007058e70,direct-api,glm-5,api-pinned-2026-07-02,valid,true,
trellm-v0.3-protocol,outputs/v0_3_direct_api_matrix/submissions/glm__glm_5__synthetic_jump_tail_c0_v0_3__c0__e0__seed_17__sample_2.json,synthetic_jump_tail_c0_v0_3,glm,glm-5,glm-5 (api-pinned-2026-07-02),C0,E0,17,2,stress-only;direct-api;live-provider;redacted-prompt,0.286757,-0.041415,9.437315,outputs/v0_3_direct_api_matrix/provider_manifests/glm__glm_5__synthetic_jump_tail_c0_v0_3__c0__e0__seed_17__sample_2.json,sha256:9c1a4826e89efe6db09be05922dd1ba1a9669d0ad482398de1650a65890ef5b7,direct-api,glm-5,api-pinned-2026-07-02,valid,true,
trellm-v0.3-protocol,outputs/v0_3_direct_api_matrix/submissions/glm__glm_5__synthetic_jump_tail_c0_v0_3__c0__e0__seed_23__sample_0.json,synthetic_jump_tail_c0_v0_3,glm,glm-5,glm-5 (api-pinned-2026-07-02),C0,E0,23,0,stress-only;direct-api;live-provider;redacted-prompt,0.204942,-0.043938,8.059226,outputs/v0_3_direct_api_matrix/provider_manifests/glm__glm_5__synthetic_jump_tail_c0_v0_3__c0__e0__seed_23__sample_0.json,sha256:6321983e03192f2d8c740e32133459491fde50638a7b07db35b8b03052ff120d,direct-api,glm-5,api-pinned-2026-07-02,valid,true,
trellm-v0.3-protocol,outputs/v0_3_direct_api_matrix/submissions/glm__glm_5__synthetic_jump_tail_c0_v0_3__c0__e0__seed_23__sample_1.json,synthetic_jump_tail_c0_v0_3,glm,glm-5,glm-5 (api-pinned-2026-07-02),C0,E0,23,1,stress-only;direct-api;live-provider;redacted-prompt,0.211689,-0.049685,7.801083,outputs/v0_3_direct_api_matrix/provider_manifests/glm__glm_5__synthetic_jump_tail_c0_v0_3__c0__e0__seed_23__sample_1.json,sha256:b4d1057c30c03ff1a18d941d006084fe95c59ad436a50168de608e7eaa757c3e,direct-api,glm-5,api-pinned-2026-07-02,valid,true,
trellm-v0.3-protocol,outputs/v0_3_direct_api_matrix/submissions/glm__glm_5__synthetic_jump_tail_c0_v0_3__c0__e0__seed_23__sample_2.json,synthetic_jump_tail_c0_v0_3,glm,glm-5,glm-5 (api-pinned-2026-07-02),C0,E0,23,2,stress-only;direct-api;live-provider;redacted-prompt,0.208497,-0.038219,8.664937,outputs/v0_3_direct_api_matrix/provider_manifests/glm__glm_5__synthetic_jump_tail_c0_v0_3__c0__e0__seed_23__sample_2.json,sha256:4851db07591665c02a8edc9e9f32b6efcb7f2ce86fe175626c248f12da2a07f9,direct-api,glm-5,api-pinned-2026-07-02,valid,true,
trellm-v0.3-protocol,outputs/v0_3_direct_api_matrix/submissions/glm__glm_5__synthetic_jump_tail_c0_v0_3__c0__e0__seed_31__sample_0.json,synthetic_jump_tail_c0_v0_3,glm,glm-5,glm-5 (api-pinned-2026-07-02),C0,E0,31,0,stress-only;direct-api;live-provider;redacted-prompt,0.369647,-0.004065,12.260698,outputs/v0_3_direct_api_matrix/provider_manifests/glm__glm_5__synthetic_jump_tail_c0_v0_3__c0__e0__seed_31__sample_0.json,sha256:cd3d68d54eae24d7a4b417fd32e00cda819b72bf0ead95aa12a4d5a40eac689d,direct-api,glm-5,api-pinned-2026-07-02,valid,true,
trellm-v0.3-protocol,outputs/v0_3_direct_api_matrix/submissions/glm__glm_5__synthetic_jump_tail_c0_v0_3__c0__e0__seed_31__sample_1.json,synthetic_jump_tail_c0_v0_3,glm,glm-5,glm-5 (api-pinned-2026-07-02),C0,E0,31,1,stress-only;direct-api;live-provider;redacted-prompt,0.398055,-0.004065,11.675257,outputs/v0_3_direct_api_matrix/provider_manifests/glm__glm_5__synthetic_jump_tail_c0_v0_3__c0__e0__seed_31__sample_1.json,sha256:5009733a180f7059b3bcb55178056b1c3c0a332a2cafb0b77bf1584349d89e68,direct-api,glm-5,api-pinned-2026-07-02,valid,true,
trellm-v0.3-protocol,outputs/v0_3_direct_api_matrix/submissions/glm__glm_5__synthetic_jump_tail_c0_v0_3__c0__e0__seed_31__sample_2.json,synthetic_jump_tail_c0_v0_3,glm,glm-5,glm-5 (api-pinned-2026-07-02),C0,E0,31,2,stress-only;direct-api;live-provider;redacted-prompt,0.35781,-0.004065,11.625275,outputs/v0_3_direct_api_matrix/provider_manifests/glm__glm_5__synthetic_jump_tail_c0_v0_3__c0__e0__seed_31__sample_2.json,sha256:f8bef7aca2ae4b33b476601442bd9ef6ef4008a63f355fa5bab3c6455d6efd2a,direct-api,glm-5,api-pinned-2026-07-02,valid,true,
trellm-v0.3-protocol,outputs/v0_3_direct_api_matrix/submissions/glm__glm_5__synthetic_jump_tail_c0_v0_3__c0__e0__seed_37__sample_0.json,synthetic_jump_tail_c0_v0_3,glm,glm-5,glm-5 (api-pinned-2026-07-02),C0,E0,37,0,stress-only;direct-api;live-provider;redacted-prompt,0.262083,-0.025238,9.214858,outputs/v0_3_direct_api_matrix/provider_manifests/glm__glm_5__synthetic_jump_tail_c0_v0_3__c0__e0__seed_37__sample_0.json,sha256:2bbcb97cc9689a0ed9adbcaaf8dbe14768174e6dcd46656fabbe0b56159620d7,direct-api,glm-5,api-pinned-2026-07-02,valid,true,
trellm-v0.3-protocol,outputs/v0_3_direct_api_matrix/submissions/glm__glm_5__synthetic_jump_tail_c0_v0_3__c0__e0__seed_37__sample_1.json,synthetic_jump_tail_c0_v0_3,glm,glm-5,glm-5 (api-pinned-2026-07-02),C0,E0,37,1,stress-only;direct-api;live-provider;redacted-prompt,0.233519,-0.032427,7.698818,outputs/v0_3_direct_api_matrix/provider_manifests/glm__glm_5__synthetic_jump_tail_c0_v0_3__c0__e0__seed_37__sample_1.json,sha256:e9bc3e0f587bc9c33b520cb668359a860bebfa682d15a3ba126901ca708d5c0d,direct-api,glm-5,api-pinned-2026-07-02,valid,true,
trellm-v0.3-protocol,outputs/v0_3_direct_api_matrix/submissions/glm__glm_5__synthetic_jump_tail_c0_v0_3__c0__e0__seed_37__sample_2.json,synthetic_jump_tail_c0_v0_3,glm,glm-5,glm-5 (api-pinned-2026-07-02),C0,E0,37,2,stress-only;direct-api;live-provider;redacted-prompt,0.251745,-0.032426,8.182726,outputs/v0_3_direct_api_matrix/provider_manifests/glm__glm_5__synthetic_jump_tail_c0_v0_3__c0__e0__seed_37__sample_2.json,sha256:1e3bf707d6f5e892e1b741a5cb0aa1706f359caa3f93aed25b31d3cd6dc3e595,direct-api,glm-5,api-pinned-2026-07-02,valid,true,
trellm-v0.3-protocol,outputs/v0_3_direct_api_matrix/submissions/glm__glm_5__synthetic_jump_tail_c0_v0_3__c0__e0__seed_41__sample_0.json,synthetic_jump_tail_c0_v0_3,glm,glm-5,glm-5 (api-pinned-2026-07-02),C0,E0,41,0,stress-only;direct-api;live-provider;redacted-prompt,0.188483,-0.077227,5.912507,outputs/v0_3_direct_api_matrix/provider_manifests/glm__glm_5__synthetic_jump_tail_c0_v0_3__c0__e0__seed_41__sample_0.json,sha256:6658844ddd3860896a623b1f53bba0025805f3e630c4f514beeb96cf38991955,direct-api,glm-5,api-pinned-2026-07-02,valid,true,
trellm-v0.3-protocol,outputs/v0_3_direct_api_matrix/submissions/glm__glm_5__synthetic_jump_tail_c0_v0_3__c0__e0__seed_41__sample_1.json,synthetic_jump_tail_c0_v0_3,glm,glm-5,glm-5 (api-pinned-2026-07-02),C0,E0,41,1,stress-only;direct-api;live-provider;redacted-prompt,0.143733,-0.077824,4.90696,outputs/v0_3_direct_api_matrix/provider_manifests/glm__glm_5__synthetic_jump_tail_c0_v0_3__c0__e0__seed_41__sample_1.json,sha256:cee58bdd9ee6a80711622b0f923f944e0d3b0270979121e1410bc6b8ab9630eb,direct-api,glm-5,api-pinned-2026-07-02,valid,true,
trellm-v0.3-protocol,outputs/v0_3_direct_api_matrix/submissions/glm__glm_5__synthetic_jump_tail_c0_v0_3__c0__e0__seed_41__sample_2.json,synthetic_jump_tail_c0_v0_3,glm,glm-5,glm-5 (api-pinned-2026-07-02),C0,E0,41,2,stress-only;direct-api;live-provider;redacted-prompt,0.163016,-0.065136,5.626457,outputs/v0_3_direct_api_matrix/provider_manifests/glm__glm_5__synthetic_jump_tail_c0_v0_3__c0__e0__seed_41__sample_2.json,sha256:003d0e05db52ffaa7aaaad8b295ec242fefeac3248e1bab37ea4a8ae7c127fc5,direct-api,glm-5,api-pinned-2026-07-02,valid,true,
trellm-v0.3-protocol,outputs/v0_3_direct_api_matrix/submissions/glm__glm_5__synthetic_jump_tail_c0_v0_3__c0__e0__seed_43__sample_0.json,synthetic_jump_tail_c0_v0_3,glm,glm-5,glm-5 (api-pinned-2026-07-02),C0,E0,43,0,stress-only;direct-api;live-provider;redacted-prompt,0.168255,-0.037152,5.594233,outputs/v0_3_direct_api_matrix/provider_manifests/glm__glm_5__synthetic_jump_tail_c0_v0_3__c0__e0__seed_43__sample_0.json,sha256:f6d10459031532d05df670f582e0f4b07157431f1746c53664ef027f7a130a28,direct-api,glm-5,api-pinned-2026-07-02,valid,true,
trellm-v0.3-protocol,outputs/v0_3_direct_api_matrix/submissions/glm__glm_5__synthetic_jump_tail_c0_v0_3__c0__e0__seed_43__sample_1.json,synthetic_jump_tail_c0_v0_3,glm,glm-5,glm-5 (api-pinned-2026-07-02),C0,E0,43,1,stress-only;direct-api;live-provider;redacted-prompt,0.148501,-0.036897,5.438659,outputs/v0_3_direct_api_matrix/provider_manifests/glm__glm_5__synthetic_jump_tail_c0_v0_3__c0__e0__seed_43__sample_1.json,sha256:eb40c2c26061fc546b42970fcecf939f17660b7436c23d8d4917be45291e710b,direct-api,glm-5,api-pinned-2026-07-02,valid,true,
trellm-v0.3-protocol,outputs/v0_3_direct_api_matrix/submissions/glm__glm_5__synthetic_jump_tail_c0_v0_3__c0__e0__seed_43__sample_2.json,synthetic_jump_tail_c0_v0_3,glm,glm-5,glm-5 (api-pinned-2026-07-02),C0,E0,43,2,stress-only;direct-api;live-provider;redacted-prompt,0.175457,-0.037152,5.760881,outputs/v0_3_direct_api_matrix/provider_manifests/glm__glm_5__synthetic_jump_tail_c0_v0_3__c0__e0__seed_43__sample_2.json,sha256:ab8a4e090c93bb4866333b2c55932f72045fe1257ed2ffd9add8c0e948ed9eb2,direct-api,glm-5,api-pinned-2026-07-02,valid,true,
trellm-v0.3-protocol,outputs/v0_3_direct_api_matrix/submissions/glm__glm_5__synthetic_jump_tail_c0_v0_3__c0__e0__seed_47__sample_0.json,synthetic_jump_tail_c0_v0_3,glm,glm-5,glm-5 (api-pinned-2026-07-02),C0,E0,47,0,stress-only;direct-api;live-provider;redacted-prompt,0.208033,-0.044008,7.182093,outputs/v0_3_direct_api_matrix/provider_manifests/glm__glm_5__synthetic_jump_tail_c0_v0_3__c0__e0__seed_47__sample_0.json,sha256:6674f4b49c2e158c5ebdece3ab0b34e147922706e5ef5ba7e6e98fb0573517dd,direct-api,glm-5,api-pinned-2026-07-02,valid,true,
trellm-v0.3-protocol,outputs/v0_3_direct_api_matrix/submissions/glm__glm_5__synthetic_jump_tail_c0_v0_3__c0__e0__seed_47__sample_1.json,synthetic_jump_tail_c0_v0_3,glm,glm-5,glm-5 (api-pinned-2026-07-02),C0,E0,47,1,stress-only;direct-api;live-provider;redacted-prompt,0.205098,-0.044959,7.069565,outputs/v0_3_direct_api_matrix/provider_manifests/glm__glm_5__synthetic_jump_tail_c0_v0_3__c0__e0__seed_47__sample_1.json,sha256:0a6e7da24b782c9e6d9c7621fd295b45c0e56cbc7cccfbfe93c44bd2a0146857,direct-api,glm-5,api-pinned-2026-07-02,valid,true,
trellm-v0.3-protocol,outputs/v0_3_direct_api_matrix/submissions/glm__glm_5__synthetic_jump_tail_c0_v0_3__c0__e0__seed_47__sample_2.json,synthetic_jump_tail_c0_v0_3,glm,glm-5,glm-5 (api-pinned-2026-07-02),C0,E0,47,2,stress-only;direct-api;live-provider;redacted-prompt,0.201021,-0.044945,6.934372,outputs/v0_3_direct_api_matrix/provider_manifests/glm__glm_5__synthetic_jump_tail_c0_v0_3__c0__e0__seed_47__sample_2.json,sha256:a8fa03f40a774a9b9c1b1e75a14338cf80ae16e640e6bd5f5e3561bd99a5da9d,direct-api,glm-5,api-pinned-2026-07-02,valid,true,
trellm-v0.3-protocol,outputs/v0_3_direct_api_matrix/submissions/glm__glm_5__synthetic_jump_tail_c0_v0_3__c0__e0__seed_53__sample_0.json,synthetic_jump_tail_c0_v0_3,glm,glm-5,glm-5 (api-pinned-2026-07-02),C0,E0,53,0,stress-only;direct-api;live-provider;redacted-prompt,0.342926,-0.030745,10.26843,outputs/v0_3_direct_api_matrix/provider_manifests/glm__glm_5__synthetic_jump_tail_c0_v0_3__c0__e0__seed_53__sample_0.json,sha256:ba3bea4fc0fe42956897fa7876ae62e3b0b4b71cd16bde6358c02c5f513a7eec,direct-api,glm-5,api-pinned-2026-07-02,valid,true,
trellm-v0.3-protocol,outputs/v0_3_direct_api_matrix/submissions/glm__glm_5__synthetic_jump_tail_c0_v0_3__c0__e0__seed_53__sample_1.json,synthetic_jump_tail_c0_v0_3,glm,glm-5,glm-5 (api-pinned-2026-07-02),C0,E0,53,1,stress-only;direct-api;live-provider;redacted-prompt,0.315099,-0.030817,10.264535,outputs/v0_3_direct_api_matrix/provider_manifests/glm__glm_5__synthetic_jump_tail_c0_v0_3__c0__e0__seed_53__sample_1.json,sha256:f0e5c1e3b71282653c850b30598e402e4dd1b4b1dcb2158b97f7f52b3a0810ba,direct-api,glm-5,api-pinned-2026-07-02,valid,true,
trellm-v0.3-protocol,outputs/v0_3_direct_api_matrix/submissions/glm__glm_5__synthetic_jump_tail_c0_v0_3__c0__e0__seed_53__sample_2.json,synthetic_jump_tail_c0_v0_3,glm,glm-5,glm-5 (api-pinned-2026-07-02),C0,E0,53,2,stress-only;direct-api;live-provider;redacted-prompt,0.357791,-0.030744,10.997943,outputs/v0_3_direct_api_matrix/provider_manifests/glm__glm_5__synthetic_jump_tail_c0_v0_3__c0__e0__seed_53__sample_2.json,sha256:dc5a03602b01f3fe3eff94cc0fb97f915fb74b72823379cb4e5bfa295a79b131,direct-api,glm-5,api-pinned-2026-07-02,valid,true,
trellm-v0.3-protocol,outputs/v0_3_direct_api_matrix/submissions/glm__glm_5__synthetic_jump_tail_c0_v0_3__c0__e0__seed_7__sample_0.json,synthetic_jump_tail_c0_v0_3,glm,glm-5,glm-5 (api-pinned-2026-07-02),C0,E0,7,0,stress-only;direct-api;live-provider;redacted-prompt,0.377804,-0.017001,11.122537,outputs/v0_3_direct_api_matrix/provider_manifests/glm__glm_5__synthetic_jump_tail_c0_v0_3__c0__e0__seed_7__sample_0.json,sha256:c3b6135148da842292bd604801044326a4c234eed7a4e0e5e22c08e3eadaeb9e,direct-api,glm-5,api-pinned-2026-07-02,valid,true,
trellm-v0.3-protocol,outputs/v0_3_direct_api_matrix/submissions/glm__glm_5__synthetic_jump_tail_c0_v0_3__c0__e0__seed_7__sample_1.json,synthetic_jump_tail_c0_v0_3,glm,glm-5,glm-5 (api-pinned-2026-07-02),C0,E0,7,1,stress-only;direct-api;live-provider;redacted-prompt,0.37278,-0.017001,11.116826,outputs/v0_3_direct_api_matrix/provider_manifests/glm__glm_5__synthetic_jump_tail_c0_v0_3__c0__e0__seed_7__sample_1.json,sha256:61863026470d6b34a7c5c881a72bc523d883e85f6376b087d1a9db25ccd901fa,direct-api,glm-5,api-pinned-2026-07-02,valid,true,
trellm-v0.3-protocol,outputs/v0_3_direct_api_matrix/submissions/glm__glm_5__synthetic_jump_tail_c0_v0_3__c0__e0__seed_7__sample_2.json,synthetic_jump_tail_c0_v0_3,glm,glm-5,glm-5 (api-pinned-2026-07-02),C0,E0,7,2,stress-only;direct-api;live-provider;redacted-prompt,0.371427,-0.013928,11.368344,outputs/v0_3_direct_api_matrix/provider_manifests/glm__glm_5__synthetic_jump_tail_c0_v0_3__c0__e0__seed_7__sample_2.json,sha256:f4db56e2546f01b485600fa65f986c95ab78e8b8276af67aeec741cc18f61b1f,direct-api,glm-5,api-pinned-2026-07-02,valid,true,
trellm-v0.3-protocol,outputs/v0_3_direct_api_matrix/submissions/glm__glm_5__synthetic_jump_tail_c0_v0_3__c0__e1__seed_11__sample_0.json,synthetic_jump_tail_c0_v0_3,glm,glm-5,glm-5 (api-pinned-2026-07-02),C0,E1,11,0,stress-only;direct-api;live-provider;redacted-prompt,0.344883,-0.010477,11.742404,outputs/v0_3_direct_api_matrix/provider_manifests/glm__glm_5__synthetic_jump_tail_c0_v0_3__c0__e1__seed_11__sample_0.json,sha256:fb970bfeb0b7642526eb6b6c7c6e90b7ddd345e423dbe74546f9905e55ff55a8,direct-api,glm-5,api-pinned-2026-07-02,valid,true,
trellm-v0.3-protocol,outputs/v0_3_direct_api_matrix/submissions/glm__glm_5__synthetic_jump_tail_c0_v0_3__c0__e1__seed_11__sample_1.json,synthetic_jump_tail_c0_v0_3,glm,glm-5,glm-5 (api-pinned-2026-07-02),C0,E1,11,1,stress-only;direct-api;live-provider;redacted-prompt,0.35242,-0.010501,11.861949,outputs/v0_3_direct_api_matrix/provider_manifests/glm__glm_5__synthetic_jump_tail_c0_v0_3__c0__e1__seed_11__sample_1.json,sha256:cb5e60f01427e79f99d2fb689c1054ddfc206b8a885cdc305d94b4195cca646b,direct-api,glm-5,api-pinned-2026-07-02,valid,true,
trellm-v0.3-protocol,outputs/v0_3_direct_api_matrix/submissions/glm__glm_5__synthetic_jump_tail_c0_v0_3__c0__e1__seed_11__sample_2.json,synthetic_jump_tail_c0_v0_3,glm,glm-5,glm-5 (api-pinned-2026-07-02),C0,E1,11,2,stress-only;direct-api;live-provider;redacted-prompt,0.357285,-0.010542,12.136277,outputs/v0_3_direct_api_matrix/provider_manifests/glm__glm_5__synthetic_jump_tail_c0_v0_3__c0__e1__seed_11__sample_2.json,sha256:5d119df421743a2ae178febb2bf39f2635cbc510e72517c5bf4a50f8b004ccfe,direct-api,glm-5,api-pinned-2026-07-02,valid,true,
trellm-v0.3-protocol,outputs/v0_3_direct_api_matrix/submissions/glm__glm_5__synthetic_jump_tail_c0_v0_3__c0__e1__seed_17__sample_0.json,synthetic_jump_tail_c0_v0_3,glm,glm-5,glm-5 (api-pinned-2026-07-02),C0,E1,17,0,stress-only;direct-api;live-provider;redacted-prompt,0.179756,-0.059918,5.92026,outputs/v0_3_direct_api_matrix/provider_manifests/glm__glm_5__synthetic_jump_tail_c0_v0_3__c0__e1__seed_17__sample_0.json,sha256:c5dabb39f03b57c10dc039304770fec7eb25dd9b48b9e5045cdd4a2832d550bc,direct-api,glm-5,api-pinned-2026-07-02,valid,true,
trellm-v0.3-protocol,outputs/v0_3_direct_api_matrix/submissions/glm__glm_5__synthetic_jump_tail_c0_v0_3__c0__e1__seed_17__sample_1.json,synthetic_jump_tail_c0_v0_3,glm,glm-5,glm-5 (api-pinned-2026-07-02),C0,E1,17,1,stress-only;direct-api;live-provider;redacted-prompt,0.139079,-0.054276,5.058902,outputs/v0_3_direct_api_matrix/provider_manifests/glm__glm_5__synthetic_jump_tail_c0_v0_3__c0__e1__seed_17__sample_1.json,sha256:44b943a12ae306d12304421d5ef579c3f6c5f7a8f3d6a68c7b7efeb642c94c6a,direct-api,glm-5,api-pinned-2026-07-02,valid,true,
trellm-v0.3-protocol,outputs/v0_3_direct_api_matrix/submissions/glm__glm_5__synthetic_jump_tail_c0_v0_3__c0__e1__seed_17__sample_2.json,synthetic_jump_tail_c0_v0_3,glm,glm-5,glm-5 (api-pinned-2026-07-02),C0,E1,17,2,stress-only;direct-api;live-provider;redacted-prompt,0.196575,-0.059918,5.473473,outputs/v0_3_direct_api_matrix/provider_manifests/glm__glm_5__synthetic_jump_tail_c0_v0_3__c0__e1__seed_17__sample_2.json,sha256:dd4cf7650bc6ffd62a34bf7794700f9504ae83238b03ba5f5c80a12b31c576fd,direct-api,glm-5,api-pinned-2026-07-02,valid,true,
trellm-v0.3-protocol,outputs/v0_3_direct_api_matrix/submissions/glm__glm_5__synthetic_jump_tail_c0_v0_3__c0__e1__seed_23__sample_0.json,synthetic_jump_tail_c0_v0_3,glm,glm-5,glm-5 (api-pinned-2026-07-02),C0,E1,23,0,stress-only;direct-api;live-provider;redacted-prompt,0.167621,-0.061415,5.409078,outputs/v0_3_direct_api_matrix/provider_manifests/glm__glm_5__synthetic_jump_tail_c0_v0_3__c0__e1__seed_23__sample_0.json,sha256:d33aa7d568228c310c207336e33f615d6e29e2beb7b606e7550712477e0333aa,direct-api,glm-5,api-pinned-2026-07-02,valid,true,
trellm-v0.3-protocol,outputs/v0_3_direct_api_matrix/submissions/glm__glm_5__synthetic_jump_tail_c0_v0_3__c0__e1__seed_23__sample_1.json,synthetic_jump_tail_c0_v0_3,glm,glm-5,glm-5 (api-pinned-2026-07-02),C0,E1,23,1,stress-only;direct-api;live-provider;redacted-prompt,0.186693,-0.061415,6.236047,outputs/v0_3_direct_api_matrix/provider_manifests/glm__glm_5__synthetic_jump_tail_c0_v0_3__c0__e1__seed_23__sample_1.json,sha256:5a6b462c79154c586eb5f66bf82ddab82b0497c1f76bf973e7207b8064c8e617,direct-api,glm-5,api-pinned-2026-07-02,valid,true,
trellm-v0.3-protocol,outputs/v0_3_direct_api_matrix/submissions/glm__glm_5__synthetic_jump_tail_c0_v0_3__c0__e1__seed_23__sample_2.json,synthetic_jump_tail_c0_v0_3,glm,glm-5,glm-5 (api-pinned-2026-07-02),C0,E1,23,2,stress-only;direct-api;live-provider;redacted-prompt,0.1732,-0.067127,5.776106,outputs/v0_3_direct_api_matrix/provider_manifests/glm__glm_5__synthetic_jump_tail_c0_v0_3__c0__e1__seed_23__sample_2.json,sha256:2360a70208de01f167441edc57e85873cba2b153ed82d9b8575e25ed065d757a,direct-api,glm-5,api-pinned-2026-07-02,valid,true,
trellm-v0.3-protocol,outputs/v0_3_direct_api_matrix/submissions/glm__glm_5__synthetic_jump_tail_c0_v0_3__c0__e1__seed_31__sample_0.json,synthetic_jump_tail_c0_v0_3,glm,glm-5,glm-5 (api-pinned-2026-07-02),C0,E1,31,0,stress-only;direct-api;live-provider;redacted-prompt,0.37096,-0.017395,11.549709,outputs/v0_3_direct_api_matrix/provider_manifests/glm__glm_5__synthetic_jump_tail_c0_v0_3__c0__e1__seed_31__sample_0.json,sha256:8d0c560605e8e26e2def42875b0ff45126a8b5fbe73142788898a99898c65944,direct-api,glm-5,api-pinned-2026-07-02,valid,true,
trellm-v0.3-protocol,outputs/v0_3_direct_api_matrix/submissions/glm__glm_5__synthetic_jump_tail_c0_v0_3__c0__e1__seed_31__sample_1.json,synthetic_jump_tail_c0_v0_3,glm,glm-5,glm-5 (api-pinned-2026-07-02),C0,E1,31,1,stress-only;direct-api;live-provider;redacted-prompt,0.363453,-0.017585,10.874981,outputs/v0_3_direct_api_matrix/provider_manifests/glm__glm_5__synthetic_jump_tail_c0_v0_3__c0__e1__seed_31__sample_1.json,sha256:6161f01938052c32a217806331c7e450e016a36ea5d871e481b980846a470825,direct-api,glm-5,api-pinned-2026-07-02,valid,true,
trellm-v0.3-protocol,outputs/v0_3_direct_api_matrix/submissions/glm__glm_5__synthetic_jump_tail_c0_v0_3__c0__e1__seed_31__sample_2.json,synthetic_jump_tail_c0_v0_3,glm,glm-5,glm-5 (api-pinned-2026-07-02),C0,E1,31,2,stress-only;direct-api;live-provider;redacted-prompt,0.324703,-0.022917,10.838909,outputs/v0_3_direct_api_matrix/provider_manifests/glm__glm_5__synthetic_jump_tail_c0_v0_3__c0__e1__seed_31__sample_2.json,sha256:76c553fd6db0e5b83152eedbfaf18ef26d9078c668de8f1d45f9bc300086985f,direct-api,glm-5,api-pinned-2026-07-02,valid,true,
trellm-v0.3-protocol,outputs/v0_3_direct_api_matrix/submissions/glm__glm_5__synthetic_jump_tail_c0_v0_3__c0__e1__seed_37__sample_0.json,synthetic_jump_tail_c0_v0_3,glm,glm-5,glm-5 (api-pinned-2026-07-02),C0,E1,37,0,stress-only;direct-api;live-provider;redacted-prompt,0.289553,-0.038146,7.82503,outputs/v0_3_direct_api_matrix/provider_manifests/glm__glm_5__synthetic_jump_tail_c0_v0_3__c0__e1__seed_37__sample_0.json,sha256:4087e23d4a51c1fa54fbbe3f5d95615ce0a6987c4e623408888b60155d8c1aff,direct-api,glm-5,api-pinned-2026-07-02,valid,true,
trellm-v0.3-protocol,outputs/v0_3_direct_api_matrix/submissions/glm__glm_5__synthetic_jump_tail_c0_v0_3__c0__e1__seed_37__sample_1.json,synthetic_jump_tail_c0_v0_3,glm,glm-5,glm-5 (api-pinned-2026-07-02),C0,E1,37,1,stress-only;direct-api;live-provider;redacted-prompt,0.250174,-0.037913,6.931578,outputs/v0_3_direct_api_matrix/provider_manifests/glm__glm_5__synthetic_jump_tail_c0_v0_3__c0__e1__seed_37__sample_1.json,sha256:4e8e56cebd66bcf13b0f8702d905e883f212f364f74f65786b18d564136b56be,direct-api,glm-5,api-pinned-2026-07-02,valid,true,
trellm-v0.3-protocol,outputs/v0_3_direct_api_matrix/submissions/glm__glm_5__synthetic_jump_tail_c0_v0_3__c0__e1__seed_37__sample_2.json,synthetic_jump_tail_c0_v0_3,glm,glm-5,glm-5 (api-pinned-2026-07-02),C0,E1,37,2,stress-only;direct-api;live-provider;redacted-prompt,0.274537,-0.030582,8.113965,outputs/v0_3_direct_api_matrix/provider_manifests/glm__glm_5__synthetic_jump_tail_c0_v0_3__c0__e1__seed_37__sample_2.json,sha256:2d010a0e402fc5c275a4c076efc1a52e643df19c2dec783b334d18239aabff55,direct-api,glm-5,api-pinned-2026-07-02,valid,true,
trellm-v0.3-protocol,outputs/v0_3_direct_api_matrix/submissions/glm__glm_5__synthetic_jump_tail_c0_v0_3__c0__e1__seed_41__sample_0.json,synthetic_jump_tail_c0_v0_3,glm,glm-5,glm-5 (api-pinned-2026-07-02),C0,E1,41,0,stress-only;direct-api;live-provider;redacted-prompt,0.098108,-0.091975,3.226983,outputs/v0_3_direct_api_matrix/provider_manifests/glm__glm_5__synthetic_jump_tail_c0_v0_3__c0__e1__seed_41__sample_0.json,sha256:459a3198f8e9262d1d1cc0ec9bd47a2992522e26c73355fb0e2127b8410fd2e7,direct-api,glm-5,api-pinned-2026-07-02,valid,true,
trellm-v0.3-protocol,outputs/v0_3_direct_api_matrix/submissions/glm__glm_5__synthetic_jump_tail_c0_v0_3__c0__e1__seed_41__sample_1.json,synthetic_jump_tail_c0_v0_3,glm,glm-5,glm-5 (api-pinned-2026-07-02),C0,E1,41,1,stress-only;direct-api;live-provider;redacted-prompt,0.106944,-0.078822,3.753765,outputs/v0_3_direct_api_matrix/provider_manifests/glm__glm_5__synthetic_jump_tail_c0_v0_3__c0__e1__seed_41__sample_1.json,sha256:e2d4e4781805003e0510ac3f953c0547945e9dd43ff2ef1f796a6e9bb5faaf7f,direct-api,glm-5,api-pinned-2026-07-02,valid,true,
trellm-v0.3-protocol,outputs/v0_3_direct_api_matrix/submissions/glm__glm_5__synthetic_jump_tail_c0_v0_3__c0__e1__seed_41__sample_2.json,synthetic_jump_tail_c0_v0_3,glm,glm-5,glm-5 (api-pinned-2026-07-02),C0,E1,41,2,stress-only;direct-api;live-provider;redacted-prompt,0.106033,-0.082866,3.407566,outputs/v0_3_direct_api_matrix/provider_manifests/glm__glm_5__synthetic_jump_tail_c0_v0_3__c0__e1__seed_41__sample_2.json,sha256:321d2c2f2145c34857ad1bbd2e14bea307335a2ff455c2a9e2fb6cbd3fe6f1ac,direct-api,glm-5,api-pinned-2026-07-02,valid,true,
trellm-v0.3-protocol,outputs/v0_3_direct_api_matrix/submissions/glm__glm_5__synthetic_jump_tail_c0_v0_3__c0__e1__seed_43__sample_0.json,synthetic_jump_tail_c0_v0_3,glm,glm-5,glm-5 (api-pinned-2026-07-02),C0,E1,43,0,stress-only;direct-api;live-provider;redacted-prompt,0.109422,-0.033065,4.139198,outputs/v0_3_direct_api_matrix/provider_manifests/glm__glm_5__synthetic_jump_tail_c0_v0_3__c0__e1__seed_43__sample_0.json,sha256:f3b2b6fdf3261e61d8926e18ef18096da2ac8b303330a402b85eaa2c41fa4b45,direct-api,glm-5,api-pinned-2026-07-02,valid,true,
trellm-v0.3-protocol,outputs/v0_3_direct_api_matrix/submissions/glm__glm_5__synthetic_jump_tail_c0_v0_3__c0__e1__seed_43__sample_1.json,synthetic_jump_tail_c0_v0_3,glm,glm-5,glm-5 (api-pinned-2026-07-02),C0,E1,43,1,stress-only;direct-api;live-provider;redacted-prompt,0.121137,-0.031836,4.154345,outputs/v0_3_direct_api_matrix/provider_manifests/glm__glm_5__synthetic_jump_tail_c0_v0_3__c0__e1__seed_43__sample_1.json,sha256:53e28a6bccbd0bb386f1b71b9070142342457f3fcb6074cf0dcf7d45c76354b1,direct-api,glm-5,api-pinned-2026-07-02,valid,true,
trellm-v0.3-protocol,outputs/v0_3_direct_api_matrix/submissions/glm__glm_5__synthetic_jump_tail_c0_v0_3__c0__e1__seed_43__sample_2.json,synthetic_jump_tail_c0_v0_3,glm,glm-5,glm-5 (api-pinned-2026-07-02),C0,E1,43,2,stress-only;direct-api;live-provider;redacted-prompt,0.124628,-0.026061,5.008958,outputs/v0_3_direct_api_matrix/provider_manifests/glm__glm_5__synthetic_jump_tail_c0_v0_3__c0__e1__seed_43__sample_2.json,sha256:b8d51c9a9a0dad66610202af47720b4c45c09443728f16a97d6de182891e3444,direct-api,glm-5,api-pinned-2026-07-02,valid,true,
trellm-v0.3-protocol,outputs/v0_3_direct_api_matrix/submissions/glm__glm_5__synthetic_jump_tail_c0_v0_3__c0__e1__seed_47__sample_0.json,synthetic_jump_tail_c0_v0_3,glm,glm-5,glm-5 (api-pinned-2026-07-02),C0,E1,47,0,stress-only;direct-api;live-provider;redacted-prompt,0.152024,-0.058156,4.944567,outputs/v0_3_direct_api_matrix/provider_manifests/glm__glm_5__synthetic_jump_tail_c0_v0_3__c0__e1__seed_47__sample_0.json,sha256:1f2cdb16959d73b7d21ca316100ccf2b6ba42bfc43e28c761ed94c0dc2b1cb60,direct-api,glm-5,api-pinned-2026-07-02,valid,true,
trellm-v0.3-protocol,outputs/v0_3_direct_api_matrix/submissions/glm__glm_5__synthetic_jump_tail_c0_v0_3__c0__e1__seed_47__sample_1.json,synthetic_jump_tail_c0_v0_3,glm,glm-5,glm-5 (api-pinned-2026-07-02),C0,E1,47,1,stress-only;direct-api;live-provider;redacted-prompt,0.215489,-0.052127,5.646184,outputs/v0_3_direct_api_matrix/provider_manifests/glm__glm_5__synthetic_jump_tail_c0_v0_3__c0__e1__seed_47__sample_1.json,sha256:c24ea068e3bed02759707b81f72567f0f8a084f8664b29e1b472dbb3aab89bbd,direct-api,glm-5,api-pinned-2026-07-02,valid,true,
trellm-v0.3-protocol,outputs/v0_3_direct_api_matrix/submissions/glm__glm_5__synthetic_jump_tail_c0_v0_3__c0__e1__seed_47__sample_2.json,synthetic_jump_tail_c0_v0_3,glm,glm-5,glm-5 (api-pinned-2026-07-02),C0,E1,47,2,stress-only;direct-api;live-provider;redacted-prompt,0.147697,-0.041466,6.247192,outputs/v0_3_direct_api_matrix/provider_manifests/glm__glm_5__synthetic_jump_tail_c0_v0_3__c0__e1__seed_47__sample_2.json,sha256:4ae3f7839f609a6b7d527e2df8cd93635017a4681101e2f68649b66c654fbb31,direct-api,glm-5,api-pinned-2026-07-02,valid,true,
trellm-v0.3-protocol,outputs/v0_3_direct_api_matrix/submissions/glm__glm_5__synthetic_jump_tail_c0_v0_3__c0__e1__seed_53__sample_0.json,synthetic_jump_tail_c0_v0_3,glm,glm-5,glm-5 (api-pinned-2026-07-02),C0,E1,53,0,stress-only;direct-api;live-provider;redacted-prompt,0.301237,-0.021919,12.259237,outputs/v0_3_direct_api_matrix/provider_manifests/glm__glm_5__synthetic_jump_tail_c0_v0_3__c0__e1__seed_53__sample_0.json,sha256:4a23273f879ddf06b42a7f795ce7be84385c7bbf348269cdb69fa098c2ee084b,direct-api,glm-5,api-pinned-2026-07-02,valid,true,
trellm-v0.3-protocol,outputs/v0_3_direct_api_matrix/submissions/glm__glm_5__synthetic_jump_tail_c0_v0_3__c0__e1__seed_53__sample_1.json,synthetic_jump_tail_c0_v0_3,glm,glm-5,glm-5 (api-pinned-2026-07-02),C0,E1,53,1,stress-only;direct-api;live-provider;redacted-prompt,0.337219,-0.028629,12.085456,outputs/v0_3_direct_api_matrix/provider_manifests/glm__glm_5__synthetic_jump_tail_c0_v0_3__c0__e1__seed_53__sample_1.json,sha256:86fce12497470351c5c9dfd780dac3fbed512e8b100c2d27ac72f5bc8dd66a58,direct-api,glm-5,api-pinned-2026-07-02,valid,true,
trellm-v0.3-protocol,outputs/v0_3_direct_api_matrix/submissions/glm__glm_5__synthetic_jump_tail_c0_v0_3__c0__e1__seed_53__sample_2.json,synthetic_jump_tail_c0_v0_3,glm,glm-5,glm-5 (api-pinned-2026-07-02),C0,E1,53,2,stress-only;direct-api;live-provider;redacted-prompt,0.33093,-0.027661,10.524023,outputs/v0_3_direct_api_matrix/provider_manifests/glm__glm_5__synthetic_jump_tail_c0_v0_3__c0__e1__seed_53__sample_2.json,sha256:4488369b8beb7c20234223fad9d4083605570866a8e7e9eb83a17169b4d6caa2,direct-api,glm-5,api-pinned-2026-07-02,valid,true,
trellm-v0.3-protocol,outputs/v0_3_direct_api_matrix/submissions/glm__glm_5__synthetic_jump_tail_c0_v0_3__c0__e1__seed_7__sample_0.json,synthetic_jump_tail_c0_v0_3,glm,glm-5,glm-5 (api-pinned-2026-07-02),C0,E1,7,0,stress-only;direct-api;live-provider;redacted-prompt,0.327479,-0.014022,13.04692,outputs/v0_3_direct_api_matrix/provider_manifests/glm__glm_5__synthetic_jump_tail_c0_v0_3__c0__e1__seed_7__sample_0.json,sha256:a02bea751a37ff58caf20a179cd1ec15a2571c64dcd4c76785310404dbded2c2,direct-api,glm-5,api-pinned-2026-07-02,valid,true,
trellm-v0.3-protocol,outputs/v0_3_direct_api_matrix/submissions/glm__glm_5__synthetic_jump_tail_c0_v0_3__c0__e1__seed_7__sample_1.json,synthetic_jump_tail_c0_v0_3,glm,glm-5,glm-5 (api-pinned-2026-07-02),C0,E1,7,1,stress-only;direct-api;live-provider;redacted-prompt,0.346487,-0.014517,12.960139,outputs/v0_3_direct_api_matrix/provider_manifests/glm__glm_5__synthetic_jump_tail_c0_v0_3__c0__e1__seed_7__sample_1.json,sha256:b27b04830f6a1851fcedfae38db7f1b97399506fe3e39f6b8407fd5a88703def,direct-api,glm-5,api-pinned-2026-07-02,valid,true,
trellm-v0.3-protocol,outputs/v0_3_direct_api_matrix/submissions/glm__glm_5__synthetic_jump_tail_c0_v0_3__c0__e1__seed_7__sample_2.json,synthetic_jump_tail_c0_v0_3,glm,glm-5,glm-5 (api-pinned-2026-07-02),C0,E1,7,2,stress-only;direct-api;live-provider;redacted-prompt,0.345652,-0.017751,10.47118,outputs/v0_3_direct_api_matrix/provider_manifests/glm__glm_5__synthetic_jump_tail_c0_v0_3__c0__e1__seed_7__sample_2.json,sha256:1b9e60b866b6d4145d37823895bccfce5ac988978916f54fa4c21f71244213a3,direct-api,glm-5,api-pinned-2026-07-02,valid,true,
trellm-v0.3-protocol,outputs/v0_3_direct_api_matrix/submissions/glm__glm_5_turbo__synthetic_calm_trend_c0_v0_3__c0__e0__seed_11__sample_0.json,synthetic_calm_trend_c0_v0_3,glm,glm-5-turbo,glm-5-turbo (api-pinned-2026-07-06),C0,E0,11,0,stress-only;direct-api;live-provider;redacted-prompt,0.13269,0.0,28.349326,outputs/v0_3_direct_api_matrix/provider_manifests/glm__glm_5_turbo__synthetic_calm_trend_c0_v0_3__c0__e0__seed_11__sample_0.json,sha256:06187783110383f6e6aecc24e66ef4ea4bffc11f76623cafd7edd0b8c6fbf8f9,direct-api,glm-5-turbo,api-pinned-2026-07-06,valid,true,
trellm-v0.3-protocol,outputs/v0_3_direct_api_matrix/submissions/glm__glm_5_turbo__synthetic_calm_trend_c0_v0_3__c0__e0__seed_11__sample_1.json,synthetic_calm_trend_c0_v0_3,glm,glm-5-turbo,glm-5-turbo (api-pinned-2026-07-06),C0,E0,11,1,stress-only;direct-api;live-provider;redacted-prompt,0.13269,0.0,28.349326,outputs/v0_3_direct_api_matrix/provider_manifests/glm__glm_5_turbo__synthetic_calm_trend_c0_v0_3__c0__e0__seed_11__sample_1.json,sha256:cd905d2cc4735badc66c1d2b41d3640c8310675de8110896f947d3830ff09400,direct-api,glm-5-turbo,api-pinned-2026-07-06,valid,true,
trellm-v0.3-protocol,outputs/v0_3_direct_api_matrix/submissions/glm__glm_5_turbo__synthetic_calm_trend_c0_v0_3__c0__e0__seed_11__sample_2.json,synthetic_calm_trend_c0_v0_3,glm,glm-5-turbo,glm-5-turbo (api-pinned-2026-07-06),C0,E0,11,2,stress-only;direct-api;live-provider;redacted-prompt,0.13269,0.0,28.349326,outputs/v0_3_direct_api_matrix/provider_manifests/glm__glm_5_turbo__synthetic_calm_trend_c0_v0_3__c0__e0__seed_11__sample_2.json,sha256:813e36e943da42f921cec5f5768eadbc836c0938a8c8a41fd951446d3901ec05,direct-api,glm-5-turbo,api-pinned-2026-07-06,valid,true,
trellm-v0.3-protocol,outputs/v0_3_direct_api_matrix/submissions/glm__glm_5_turbo__synthetic_calm_trend_c0_v0_3__c0__e0__seed_17__sample_0.json,synthetic_calm_trend_c0_v0_3,glm,glm-5-turbo,glm-5-turbo (api-pinned-2026-07-06),C0,E0,17,0,stress-only;direct-api;live-provider;redacted-prompt,0.104597,-0.002546,16.339675,outputs/v0_3_direct_api_matrix/provider_manifests/glm__glm_5_turbo__synthetic_calm_trend_c0_v0_3__c0__e0__seed_17__sample_0.json,sha256:f9751dcfd39f57e217127584f7ce9d8db994df05294e0cdafe650fbb79ae55fb,direct-api,glm-5-turbo,api-pinned-2026-07-06,valid,true,
trellm-v0.3-protocol,outputs/v0_3_direct_api_matrix/submissions/glm__glm_5_turbo__synthetic_calm_trend_c0_v0_3__c0__e0__seed_17__sample_1.json,synthetic_calm_trend_c0_v0_3,glm,glm-5-turbo,glm-5-turbo (api-pinned-2026-07-06),C0,E0,17,1,stress-only;direct-api;live-provider;redacted-prompt,0.058595,-0.001455,16.339535,outputs/v0_3_direct_api_matrix/provider_manifests/glm__glm_5_turbo__synthetic_calm_trend_c0_v0_3__c0__e0__seed_17__sample_1.json,sha256:9456b57080e083fa0f2a3967dbcc55af2ac30a441ebd512694fde7f1a528bc12,direct-api,glm-5-turbo,api-pinned-2026-07-06,valid,true,
trellm-v0.3-protocol,outputs/v0_3_direct_api_matrix/submissions/glm__glm_5_turbo__synthetic_calm_trend_c0_v0_3__c0__e0__seed_17__sample_2.json,synthetic_calm_trend_c0_v0_3,glm,glm-5-turbo,glm-5-turbo (api-pinned-2026-07-06),C0,E0,17,2,stress-only;direct-api;live-provider;redacted-prompt,0.08921,-0.002182,16.360483,outputs/v0_3_direct_api_matrix/provider_manifests/glm__glm_5_turbo__synthetic_calm_trend_c0_v0_3__c0__e0__seed_17__sample_2.json,sha256:069aacab43c35ad2e8862a48c11ea5fd7f929ec92467d7f0e66d64b22f0e5f19,direct-api,glm-5-turbo,api-pinned-2026-07-06,valid,true,
trellm-v0.3-protocol,outputs/v0_3_direct_api_matrix/submissions/glm__glm_5_turbo__synthetic_calm_trend_c0_v0_3__c0__e0__seed_23__sample_0.json,synthetic_calm_trend_c0_v0_3,glm,glm-5-turbo,glm-5-turbo (api-pinned-2026-07-06),C0,E0,23,0,stress-only;direct-api;live-provider;redacted-prompt,0.255631,0.0,29.050807,outputs/v0_3_direct_api_matrix/provider_manifests/glm__glm_5_turbo__synthetic_calm_trend_c0_v0_3__c0__e0__seed_23__sample_0.json,sha256:ab287c54313b264165b04d46260aa8b5e776eec2ffd066e2b18a7e8d462d3a2e,direct-api,glm-5-turbo,api-pinned-2026-07-06,valid,true,
trellm-v0.3-protocol,outputs/v0_3_direct_api_matrix/submissions/glm__glm_5_turbo__synthetic_calm_trend_c0_v0_3__c0__e0__seed_23__sample_1.json,synthetic_calm_trend_c0_v0_3,glm,glm-5-turbo,glm-5-turbo (api-pinned-2026-07-06),C0,E0,23,1,stress-only;direct-api;live-provider;redacted-prompt,0.160009,0.0,28.706119,outputs/v0_3_direct_api_matrix/provider_manifests/glm__glm_5_turbo__synthetic_calm_trend_c0_v0_3__c0__e0__seed_23__sample_1.json,sha256:4d28f09bc7e0166cae085c7dc7ddff9350f9b3523268fef8c500b53e710714b8,direct-api,glm-5-turbo,api-pinned-2026-07-06,valid,true,
trellm-v0.3-protocol,outputs/v0_3_direct_api_matrix/submissions/glm__glm_5_turbo__synthetic_calm_trend_c0_v0_3__c0__e0__seed_23__sample_2.json,synthetic_calm_trend_c0_v0_3,glm,glm-5-turbo,glm-5-turbo (api-pinned-2026-07-06),C0,E0,23,2,stress-only;direct-api;live-provider;redacted-prompt,0.143513,0.0,29.13123,outputs/v0_3_direct_api_matrix/provider_manifests/glm__glm_5_turbo__synthetic_calm_trend_c0_v0_3__c0__e0__seed_23__sample_2.json,sha256:a38b172ae2cb70b934187c886c96b136c2b8c1e8e71812fc0de37ccd369a8f70,direct-api,glm-5-turbo,api-pinned-2026-07-06,valid,true,
trellm-v0.3-protocol,outputs/v0_3_direct_api_matrix/submissions/glm__glm_5_turbo__synthetic_calm_trend_c0_v0_3__c0__e0__seed_31__sample_0.json,synthetic_calm_trend_c0_v0_3,glm,glm-5-turbo,glm-5-turbo (api-pinned-2026-07-06),C0,E0,31,0,stress-only;direct-api;live-provider;redacted-prompt,0.235928,0.0,32.144277,outputs/v0_3_direct_api_matrix/provider_manifests/glm__glm_5_turbo__synthetic_calm_trend_c0_v0_3__c0__e0__seed_31__sample_0.json,sha256:3d377c84ec08efc1ed01f8deefeadc27572f99ce9fbdbc5fc314a9c22d279b32,direct-api,glm-5-turbo,api-pinned-2026-07-06,valid,true,
trellm-v0.3-protocol,outputs/v0_3_direct_api_matrix/submissions/glm__glm_5_turbo__synthetic_calm_trend_c0_v0_3__c0__e0__seed_31__sample_1.json,synthetic_calm_trend_c0_v0_3,glm,glm-5-turbo,glm-5-turbo (api-pinned-2026-07-06),C0,E0,31,1,stress-only;direct-api;live-provider;redacted-prompt,0.235449,0.0,32.101053,outputs/v0_3_direct_api_matrix/provider_manifests/glm__glm_5_turbo__synthetic_calm_trend_c0_v0_3__c0__e0__seed_31__sample_1.json,sha256:4dd6fa09069c21ab566639e486b2668c97b9f9cb05516449a22831d28bf8f6dc,direct-api,glm-5-turbo,api-pinned-2026-07-06,valid,true,
trellm-v0.3-protocol,outputs/v0_3_direct_api_matrix/submissions/glm__glm_5_turbo__synthetic_calm_trend_c0_v0_3__c0__e0__seed_31__sample_2.json,synthetic_calm_trend_c0_v0_3,glm,glm-5-turbo,glm-5-turbo (api-pinned-2026-07-06),C0,E0,31,2,stress-only;direct-api;live-provider;redacted-prompt,0.235928,0.0,32.144277,outputs/v0_3_direct_api_matrix/provider_manifests/glm__glm_5_turbo__synthetic_calm_trend_c0_v0_3__c0__e0__seed_31__sample_2.json,sha256:48d61313a86d16e260271769d92ca3c71434b596d6076e999fd069164835fd57,direct-api,glm-5-turbo,api-pinned-2026-07-06,valid,true,
trellm-v0.3-protocol,outputs/v0_3_direct_api_matrix/submissions/glm__glm_5_turbo__synthetic_calm_trend_c0_v0_3__c0__e0__seed_37__sample_0.json,synthetic_calm_trend_c0_v0_3,glm,glm-5-turbo,glm-5-turbo (api-pinned-2026-07-06),C0,E0,37,0,stress-only;direct-api;live-provider;redacted-prompt,0.030376,0.0,9.886089,outputs/v0_3_direct_api_matrix/provider_manifests/glm__glm_5_turbo__synthetic_calm_trend_c0_v0_3__c0__e0__seed_37__sample_0.json,sha256:2190096c86b593bfc1742f3b62345dd6944ca3a7b577ea05f1ac37a0baf50c8a,direct-api,glm-5-turbo,api-pinned-2026-07-06,valid,true,
trellm-v0.3-protocol,outputs/v0_3_direct_api_matrix/submissions/glm__glm_5_turbo__synthetic_calm_trend_c0_v0_3__c0__e0__seed_37__sample_1.json,synthetic_calm_trend_c0_v0_3,glm,glm-5-turbo,glm-5-turbo (api-pinned-2026-07-06),C0,E0,37,1,stress-only;direct-api;live-provider;redacted-prompt,0.042095,-4.5e-05,13.649021,outputs/v0_3_direct_api_matrix/provider_manifests/glm__glm_5_turbo__synthetic_calm_trend_c0_v0_3__c0__e0__seed_37__sample_1.json,sha256:e8acdf8dd58263ba6f9d32ed3e30f173319e9b7d4748bb5e1932b8afe5b7065f,direct-api,glm-5-turbo,api-pinned-2026-07-06,valid,true,
trellm-v0.3-protocol,outputs/v0_3_direct_api_matrix/submissions/glm__glm_5_turbo__synthetic_calm_trend_c0_v0_3__c0__e0__seed_37__sample_2.json,synthetic_calm_trend_c0_v0_3,glm,glm-5-turbo,glm-5-turbo (api-pinned-2026-07-06),C0,E0,37,2,stress-only;direct-api;live-provider;redacted-prompt,0.1523,-0.000105,26.657646,outputs/v0_3_direct_api_matrix/provider_manifests/glm__glm_5_turbo__synthetic_calm_trend_c0_v0_3__c0__e0__seed_37__sample_2.json,sha256:cbf32e1ae29275df05c231337d6f115d79b6c7abb21b419100ceac8343850096,direct-api,glm-5-turbo,api-pinned-2026-07-06,valid,true,
trellm-v0.3-protocol,outputs/v0_3_direct_api_matrix/submissions/glm__glm_5_turbo__synthetic_calm_trend_c0_v0_3__c0__e0__seed_41__sample_0.json,synthetic_calm_trend_c0_v0_3,glm,glm-5-turbo,glm-5-turbo (api-pinned-2026-07-06),C0,E0,41,0,stress-only;direct-api;live-provider;redacted-prompt,0.043115,-0.003425,15.703938,outputs/v0_3_direct_api_matrix/provider_manifests/glm__glm_5_turbo__synthetic_calm_trend_c0_v0_3__c0__e0__seed_41__sample_0.json,sha256:73a1d9dbba75e1a71988790421fcab4fd3ba9096d2fd30c5134cc5cbe9effbad,direct-api,glm-5-turbo,api-pinned-2026-07-06,valid,true,
trellm-v0.3-protocol,outputs/v0_3_direct_api_matrix/submissions/glm__glm_5_turbo__synthetic_calm_trend_c0_v0_3__c0__e0__seed_41__sample_1.json,synthetic_calm_trend_c0_v0_3,glm,glm-5-turbo,glm-5-turbo (api-pinned-2026-07-06),C0,E0,41,1,stress-only;direct-api;live-provider;redacted-prompt,0.076564,-0.005989,15.704166,outputs/v0_3_direct_api_matrix/provider_manifests/glm__glm_5_turbo__synthetic_calm_trend_c0_v0_3__c0__e0__seed_41__sample_1.json,sha256:b6dc1066a91cc5f2806d9cde595a41021c050855b8e4649e723ceadaf08150cd,direct-api,glm-5-turbo,api-pinned-2026-07-06,valid,true,
trellm-v0.3-protocol,outputs/v0_3_direct_api_matrix/submissions/glm__glm_5_turbo__synthetic_calm_trend_c0_v0_3__c0__e0__seed_41__sample_2.json,synthetic_calm_trend_c0_v0_3,glm,glm-5-turbo,glm-5-turbo (api-pinned-2026-07-06),C0,E0,41,2,stress-only;direct-api;live-provider;redacted-prompt,0.076564,-0.005989,15.704166,outputs/v0_3_direct_api_matrix/provider_manifests/glm__glm_5_turbo__synthetic_calm_trend_c0_v0_3__c0__e0__seed_41__sample_2.json,sha256:c52338eb664cd226e7fc3a6d860b27111e855383549fe724e3a9e4bb695cfa78,direct-api,glm-5-turbo,api-pinned-2026-07-06,valid,true,
trellm-v0.3-protocol,outputs/v0_3_direct_api_matrix/submissions/glm__glm_5_turbo__synthetic_calm_trend_c0_v0_3__c0__e0__seed_43__sample_0.json,synthetic_calm_trend_c0_v0_3,glm,glm-5-turbo,glm-5-turbo (api-pinned-2026-07-06),C0,E0,43,0,stress-only;direct-api;live-provider;redacted-prompt,0.1254,0.0,25.297572,outputs/v0_3_direct_api_matrix/provider_manifests/glm__glm_5_turbo__synthetic_calm_trend_c0_v0_3__c0__e0__seed_43__sample_0.json,sha256:adfca0c243a32e842b9e24bdf65e8dcc35092ebe7bafb61d721879acb97ee951,direct-api,glm-5-turbo,api-pinned-2026-07-06,valid,true,
trellm-v0.3-protocol,outputs/v0_3_direct_api_matrix/submissions/glm__glm_5_turbo__synthetic_calm_trend_c0_v0_3__c0__e0__seed_43__sample_1.json,synthetic_calm_trend_c0_v0_3,glm,glm-5-turbo,glm-5-turbo (api-pinned-2026-07-06),C0,E0,43,1,stress-only;direct-api;live-provider;redacted-prompt,0.231398,0.0,29.294666,outputs/v0_3_direct_api_matrix/provider_manifests/glm__glm_5_turbo__synthetic_calm_trend_c0_v0_3__c0__e0__seed_43__sample_1.json,sha256:baa0d168bd28c485eb111dc78a4a44181111d28d398aa14ce19b9327b6d138ce,direct-api,glm-5-turbo,api-pinned-2026-07-06,valid,true,
trellm-v0.3-protocol,outputs/v0_3_direct_api_matrix/submissions/glm__glm_5_turbo__synthetic_calm_trend_c0_v0_3__c0__e0__seed_43__sample_2.json,synthetic_calm_trend_c0_v0_3,glm,glm-5-turbo,glm-5-turbo (api-pinned-2026-07-06),C0,E0,43,2,stress-only;direct-api;live-provider;redacted-prompt,0.240592,0.0,30.176913,outputs/v0_3_direct_api_matrix/provider_manifests/glm__glm_5_turbo__synthetic_calm_trend_c0_v0_3__c0__e0__seed_43__sample_2.json,sha256:496a3894fa06fb90672abe4dc7fbc543a0498ee02a750e74e110969cb866a4ad,direct-api,glm-5-turbo,api-pinned-2026-07-06,valid,true,
trellm-v0.3-protocol,outputs/v0_3_direct_api_matrix/submissions/glm__glm_5_turbo__synthetic_calm_trend_c0_v0_3__c0__e0__seed_47__sample_0.json,synthetic_calm_trend_c0_v0_3,glm,glm-5-turbo,glm-5-turbo (api-pinned-2026-07-06),C0,E0,47,0,stress-only;direct-api;live-provider;redacted-prompt,0.035068,-0.000257,17.209224,outputs/v0_3_direct_api_matrix/provider_manifests/glm__glm_5_turbo__synthetic_calm_trend_c0_v0_3__c0__e0__seed_47__sample_0.json,sha256:e4f4e6056dfa929bc0bc1f40c90a960e167571e06cc69e8d436d85ead8b7aea0,direct-api,glm-5-turbo,api-pinned-2026-07-06,valid,true,
trellm-v0.3-protocol,outputs/v0_3_direct_api_matrix/submissions/glm__glm_5_turbo__synthetic_calm_trend_c0_v0_3__c0__e0__seed_47__sample_1.json,synthetic_calm_trend_c0_v0_3,glm,glm-5-turbo,glm-5-turbo (api-pinned-2026-07-06),C0,E0,47,1,stress-only;direct-api;live-provider;redacted-prompt,0.053453,-9e-05,13.721119,outputs/v0_3_direct_api_matrix/provider_manifests/glm__glm_5_turbo__synthetic_calm_trend_c0_v0_3__c0__e0__seed_47__sample_1.json,sha256:acf6b4b7826bd7f483facd17a7f04ef4517b353cdc1b4491f1afe0f400e4da2f,direct-api,glm-5-turbo,api-pinned-2026-07-06,valid,true,
trellm-v0.3-protocol,outputs/v0_3_direct_api_matrix/submissions/glm__glm_5_turbo__synthetic_calm_trend_c0_v0_3__c0__e0__seed_47__sample_2.json,synthetic_calm_trend_c0_v0_3,glm,glm-5-turbo,glm-5-turbo (api-pinned-2026-07-06),C0,E0,47,2,stress-only;direct-api;live-provider;redacted-prompt,0.023838,-0.000227,17.352275,outputs/v0_3_direct_api_matrix/provider_manifests/glm__glm_5_turbo__synthetic_calm_trend_c0_v0_3__c0__e0__seed_47__sample_2.json,sha256:0696062cde6c39ee356c4c958699278ec71fdf155ef8458cf9d390ebffd81995,direct-api,glm-5-turbo,api-pinned-2026-07-06,valid,true,
trellm-v0.3-protocol,outputs/v0_3_direct_api_matrix/submissions/glm__glm_5_turbo__synthetic_calm_trend_c0_v0_3__c0__e0__seed_53__sample_0.json,synthetic_calm_trend_c0_v0_3,glm,glm-5-turbo,glm-5-turbo (api-pinned-2026-07-06),C0,E0,53,0,stress-only;direct-api;live-provider;redacted-prompt,0.060718,-0.001022,18.0237,outputs/v0_3_direct_api_matrix/provider_manifests/glm__glm_5_turbo__synthetic_calm_trend_c0_v0_3__c0__e0__seed_53__sample_0.json,sha256:b8078d2b62bce48c0714a84472b96dd765143b4c06169c08a759c7abdf9079e8,direct-api,glm-5-turbo,api-pinned-2026-07-06,valid,true,
trellm-v0.3-protocol,outputs/v0_3_direct_api_matrix/submissions/glm__glm_5_turbo__synthetic_calm_trend_c0_v0_3__c0__e0__seed_53__sample_1.json,synthetic_calm_trend_c0_v0_3,glm,glm-5-turbo,glm-5-turbo (api-pinned-2026-07-06),C0,E0,53,1,stress-only;direct-api;live-provider;redacted-prompt,0.059466,-0.001081,17.293998,outputs/v0_3_direct_api_matrix/provider_manifests/glm__glm_5_turbo__synthetic_calm_trend_c0_v0_3__c0__e0__seed_53__sample_1.json,sha256:85373eb30ba98420ff23ff54df94bc54f1c2da2e60d3225aa1ab64b3990c3c76,direct-api,glm-5-turbo,api-pinned-2026-07-06,valid,true,
trellm-v0.3-protocol,outputs/v0_3_direct_api_matrix/submissions/glm__glm_5_turbo__synthetic_calm_trend_c0_v0_3__c0__e0__seed_53__sample_2.json,synthetic_calm_trend_c0_v0_3,glm,glm-5-turbo,glm-5-turbo (api-pinned-2026-07-06),C0,E0,53,2,stress-only;direct-api;live-provider;redacted-prompt,0.060718,-0.001022,18.0237,outputs/v0_3_direct_api_matrix/provider_manifests/glm__glm_5_turbo__synthetic_calm_trend_c0_v0_3__c0__e0__seed_53__sample_2.json,sha256:f21756d3dc0e23eb1ec7cd3151c408e5d8ef0e8ec67286cac14b24acf6bceb44,direct-api,glm-5-turbo,api-pinned-2026-07-06,valid,true,
trellm-v0.3-protocol,outputs/v0_3_direct_api_matrix/submissions/glm__glm_5_turbo__synthetic_calm_trend_c0_v0_3__c0__e0__seed_7__sample_0.json,synthetic_calm_trend_c0_v0_3,glm,glm-5-turbo,glm-5-turbo (api-pinned-2026-07-06),C0,E0,7,0,stress-only;direct-api;live-provider;redacted-prompt,0.051314,-0.001683,20.380117,outputs/v0_3_direct_api_matrix/provider_manifests/glm__glm_5_turbo__synthetic_calm_trend_c0_v0_3__c0__e0__seed_7__sample_0.json,sha256:910409c9967e04305d7c7c34f3dec937d9fd7064388de4808db0ef2443e6b385,direct-api,glm-5-turbo,api-pinned-2026-07-06,valid,true,
trellm-v0.3-protocol,outputs/v0_3_direct_api_matrix/submissions/glm__glm_5_turbo__synthetic_calm_trend_c0_v0_3__c0__e0__seed_7__sample_1.json,synthetic_calm_trend_c0_v0_3,glm,glm-5-turbo,glm-5-turbo (api-pinned-2026-07-06),C0,E0,7,1,stress-only;direct-api;live-provider;redacted-prompt,0.051299,-0.001683,20.371137,outputs/v0_3_direct_api_matrix/provider_manifests/glm__glm_5_turbo__synthetic_calm_trend_c0_v0_3__c0__e0__seed_7__sample_1.json,sha256:68731d1988fbe71ebeb96ecf0c0f742953a725a8d3af41e011f714160d47bdf2,direct-api,glm-5-turbo,api-pinned-2026-07-06,valid,true,
trellm-v0.3-protocol,outputs/v0_3_direct_api_matrix/submissions/glm__glm_5_turbo__synthetic_calm_trend_c0_v0_3__c0__e0__seed_7__sample_2.json,synthetic_calm_trend_c0_v0_3,glm,glm-5-turbo,glm-5-turbo (api-pinned-2026-07-06),C0,E0,7,2,stress-only;direct-api;live-provider;redacted-prompt,0.051299,-0.001683,20.371137,outputs/v0_3_direct_api_matrix/provider_manifests/glm__glm_5_turbo__synthetic_calm_trend_c0_v0_3__c0__e0__seed_7__sample_2.json,sha256:4ebaf5391bbe84fc3066227fcc407b721a115f4d8df4e5b9dbd17894b80e0ebc,direct-api,glm-5-turbo,api-pinned-2026-07-06,valid,true,
trellm-v0.3-protocol,outputs/v0_3_direct_api_matrix/submissions/glm__glm_5_turbo__synthetic_calm_trend_c0_v0_3__c0__e1__seed_11__sample_0.json,synthetic_calm_trend_c0_v0_3,glm,glm-5-turbo,glm-5-turbo (api-pinned-2026-07-06),C0,E1,11,0,stress-only;direct-api;live-provider;redacted-prompt,0.065723,-0.001024,19.150017,outputs/v0_3_direct_api_matrix/provider_manifests/glm__glm_5_turbo__synthetic_calm_trend_c0_v0_3__c0__e1__seed_11__sample_0.json,sha256:0a023e556232943cae9d9a53912d33692a40d3d09328384423c7e334e05032df,direct-api,glm-5-turbo,api-pinned-2026-07-06,valid,true,
trellm-v0.3-protocol,outputs/v0_3_direct_api_matrix/submissions/glm__glm_5_turbo__synthetic_calm_trend_c0_v0_3__c0__e1__seed_11__sample_1.json,synthetic_calm_trend_c0_v0_3,glm,glm-5-turbo,glm-5-turbo (api-pinned-2026-07-06),C0,E1,11,1,stress-only;direct-api;live-provider;redacted-prompt,0.107787,-0.000877,19.298801,outputs/v0_3_direct_api_matrix/provider_manifests/glm__glm_5_turbo__synthetic_calm_trend_c0_v0_3__c0__e1__seed_11__sample_1.json,sha256:54b454db72f318fd3f836e7324275455237319b7feb756f80e8aec702ce62354,direct-api,glm-5-turbo,api-pinned-2026-07-06,valid,true,
trellm-v0.3-protocol,outputs/v0_3_direct_api_matrix/submissions/glm__glm_5_turbo__synthetic_calm_trend_c0_v0_3__c0__e1__seed_11__sample_2.json,synthetic_calm_trend_c0_v0_3,glm,glm-5-turbo,glm-5-turbo (api-pinned-2026-07-06),C0,E1,11,2,stress-only;direct-api;live-provider;redacted-prompt,0.069623,-0.001024,18.077127,outputs/v0_3_direct_api_matrix/provider_manifests/glm__glm_5_turbo__synthetic_calm_trend_c0_v0_3__c0__e1__seed_11__sample_2.json,sha256:1fdc4da4913804f6576fe528d57f6a35df977196e6634698465854f173d26ec3,direct-api,glm-5-turbo,api-pinned-2026-07-06,valid,true,
trellm-v0.3-protocol,outputs/v0_3_direct_api_matrix/submissions/glm__glm_5_turbo__synthetic_calm_trend_c0_v0_3__c0__e1__seed_17__sample_0.json,synthetic_calm_trend_c0_v0_3,glm,glm-5-turbo,glm-5-turbo (api-pinned-2026-07-06),C0,E1,17,0,stress-only;direct-api;live-provider;redacted-prompt,0.092943,-0.002546,14.583461,outputs/v0_3_direct_api_matrix/provider_manifests/glm__glm_5_turbo__synthetic_calm_trend_c0_v0_3__c0__e1__seed_17__sample_0.json,sha256:1e51e15de72d0e3dbf2515886d38c3f60b6e5a42a63821fcadc68ccac9ded190,direct-api,glm-5-turbo,api-pinned-2026-07-06,valid,true,
trellm-v0.3-protocol,outputs/v0_3_direct_api_matrix/submissions/glm__glm_5_turbo__synthetic_calm_trend_c0_v0_3__c0__e1__seed_17__sample_1.json,synthetic_calm_trend_c0_v0_3,glm,glm-5-turbo,glm-5-turbo (api-pinned-2026-07-06),C0,E1,17,1,stress-only;direct-api;live-provider;redacted-prompt,0.11791,-0.000633,21.271832,outputs/v0_3_direct_api_matrix/provider_manifests/glm__glm_5_turbo__synthetic_calm_trend_c0_v0_3__c0__e1__seed_17__sample_1.json,sha256:ab2d8ba04e5e6c881c6e445888d4ad045e12716ed117df5721ee815186075e67,direct-api,glm-5-turbo,api-pinned-2026-07-06,valid,true,
trellm-v0.3-protocol,outputs/v0_3_direct_api_matrix/submissions/glm__glm_5_turbo__synthetic_calm_trend_c0_v0_3__c0__e1__seed_17__sample_2.json,synthetic_calm_trend_c0_v0_3,glm,glm-5-turbo,glm-5-turbo (api-pinned-2026-07-06),C0,E1,17,2,stress-only;direct-api;live-provider;redacted-prompt,0.05819,-0.001113,16.341972,outputs/v0_3_direct_api_matrix/provider_manifests/glm__glm_5_turbo__synthetic_calm_trend_c0_v0_3__c0__e1__seed_17__sample_2.json,sha256:7dcf1d0f956450cd8fa43bd931d9ba708daf5f69730bbc959d04d8ae64b6b937,direct-api,glm-5-turbo,api-pinned-2026-07-06,valid,true,
trellm-v0.3-protocol,outputs/v0_3_direct_api_matrix/submissions/glm__glm_5_turbo__synthetic_calm_trend_c0_v0_3__c0__e1__seed_23__sample_0.json,synthetic_calm_trend_c0_v0_3,glm,glm-5-turbo,glm-5-turbo (api-pinned-2026-07-06),C0,E1,23,0,stress-only;direct-api;live-provider;redacted-prompt,0.143249,-0.000628,27.755031,outputs/v0_3_direct_api_matrix/provider_manifests/glm__glm_5_turbo__synthetic_calm_trend_c0_v0_3__c0__e1__seed_23__sample_0.json,sha256:2587df2d99cccebb8b2aae455af59f1b7cc20f4e85cbfc3bb491fffd87e84e2b,direct-api,glm-5-turbo,api-pinned-2026-07-06,valid,true,
trellm-v0.3-protocol,outputs/v0_3_direct_api_matrix/submissions/glm__glm_5_turbo__synthetic_calm_trend_c0_v0_3__c0__e1__seed_23__sample_1.json,synthetic_calm_trend_c0_v0_3,glm,glm-5-turbo,glm-5-turbo (api-pinned-2026-07-06),C0,E1,23,1,stress-only;direct-api;live-provider;redacted-prompt,0.258978,-0.00111,27.773006,outputs/v0_3_direct_api_matrix/provider_manifests/glm__glm_5_turbo__synthetic_calm_trend_c0_v0_3__c0__e1__seed_23__sample_1.json,sha256:a519724c1af429a8d80a0b790cdd6a3d66c9ecf582447ee330357619cadc1918,direct-api,glm-5-turbo,api-pinned-2026-07-06,valid,true,
trellm-v0.3-protocol,outputs/v0_3_direct_api_matrix/submissions/glm__glm_5_turbo__synthetic_calm_trend_c0_v0_3__c0__e1__seed_23__sample_2.json,synthetic_calm_trend_c0_v0_3,glm,glm-5-turbo,glm-5-turbo (api-pinned-2026-07-06),C0,E1,23,2,stress-only;direct-api;live-provider;redacted-prompt,0.258983,-0.00111,27.774401,outputs/v0_3_direct_api_matrix/provider_manifests/glm__glm_5_turbo__synthetic_calm_trend_c0_v0_3__c0__e1__seed_23__sample_2.json,sha256:dc87e2bddc27dd1401e427d85d3d361c1976a9e4c29a930133038eb48afdc455,direct-api,glm-5-turbo,api-pinned-2026-07-06,valid,true,
trellm-v0.3-protocol,outputs/v0_3_direct_api_matrix/submissions/glm__glm_5_turbo__synthetic_calm_trend_c0_v0_3__c0__e1__seed_31__sample_0.json,synthetic_calm_trend_c0_v0_3,glm,glm-5-turbo,glm-5-turbo (api-pinned-2026-07-06),C0,E1,31,0,stress-only;direct-api;live-provider;redacted-prompt,0.233264,-0.000835,30.888932,outputs/v0_3_direct_api_matrix/provider_manifests/glm__glm_5_turbo__synthetic_calm_trend_c0_v0_3__c0__e1__seed_31__sample_0.json,sha256:486591697983854301ff663e9ecf11e51e693b7a3f6fbef7689678cfa63573dc,direct-api,glm-5-turbo,api-pinned-2026-07-06,valid,true,
trellm-v0.3-protocol,outputs/v0_3_direct_api_matrix/submissions/glm__glm_5_turbo__synthetic_calm_trend_c0_v0_3__c0__e1__seed_31__sample_1.json,synthetic_calm_trend_c0_v0_3,glm,glm-5-turbo,glm-5-turbo (api-pinned-2026-07-06),C0,E1,31,1,stress-only;direct-api;live-provider;redacted-prompt,0.232406,-0.000835,30.887978,outputs/v0_3_direct_api_matrix/provider_manifests/glm__glm_5_turbo__synthetic_calm_trend_c0_v0_3__c0__e1__seed_31__sample_1.json,sha256:24f442b9314e82b098dbbfdebc75e804d73da1cc64193f892a67950a2f0cf614,direct-api,glm-5-turbo,api-pinned-2026-07-06,valid,true,
trellm-v0.3-protocol,outputs/v0_3_direct_api_matrix/submissions/glm__glm_5_turbo__synthetic_calm_trend_c0_v0_3__c0__e1__seed_31__sample_2.json,synthetic_calm_trend_c0_v0_3,glm,glm-5-turbo,glm-5-turbo (api-pinned-2026-07-06),C0,E1,31,2,stress-only;direct-api;live-provider;redacted-prompt,0.016104,-0.000521,10.13801,outputs/v0_3_direct_api_matrix/provider_manifests/glm__glm_5_turbo__synthetic_calm_trend_c0_v0_3__c0__e1__seed_31__sample_2.json,sha256:d6ee9b0930a45363d486e3769f674ea4f39358d316f0f06117998028b4e79d40,direct-api,glm-5-turbo,api-pinned-2026-07-06,valid,true,
trellm-v0.3-protocol,outputs/v0_3_direct_api_matrix/submissions/glm__glm_5_turbo__synthetic_calm_trend_c0_v0_3__c0__e1__seed_37__sample_0.json,synthetic_calm_trend_c0_v0_3,glm,glm-5-turbo,glm-5-turbo (api-pinned-2026-07-06),C0,E1,37,0,stress-only;direct-api;live-provider;redacted-prompt,0.064503,-0.000224,14.778669,outputs/v0_3_direct_api_matrix/provider_manifests/glm__glm_5_turbo__synthetic_calm_trend_c0_v0_3__c0__e1__seed_37__sample_0.json,sha256:b938be082994e3bb5811d164d6f988b9c1f595ff1875cfb3a67168e352f93fb4,direct-api,glm-5-turbo,api-pinned-2026-07-06,valid,true,
trellm-v0.3-protocol,outputs/v0_3_direct_api_matrix/submissions/glm__glm_5_turbo__synthetic_calm_trend_c0_v0_3__c0__e1__seed_37__sample_1.json,synthetic_calm_trend_c0_v0_3,glm,glm-5-turbo,glm-5-turbo (api-pinned-2026-07-06),C0,E1,37,1,stress-only;direct-api;live-provider;redacted-prompt,0.170292,-0.000795,30.943589,outputs/v0_3_direct_api_matrix/provider_manifests/glm__glm_5_turbo__synthetic_calm_trend_c0_v0_3__c0__e1__seed_37__sample_1.json,sha256:bc78492a7e15bfbaf84f5524385aa94b9ca6e0e47b24f40bbf4108c18005032e,direct-api,glm-5-turbo,api-pinned-2026-07-06,valid,true,
trellm-v0.3-protocol,outputs/v0_3_direct_api_matrix/submissions/glm__glm_5_turbo__synthetic_calm_trend_c0_v0_3__c0__e1__seed_37__sample_2.json,synthetic_calm_trend_c0_v0_3,glm,glm-5-turbo,glm-5-turbo (api-pinned-2026-07-06),C0,E1,37,2,stress-only;direct-api;live-provider;redacted-prompt,0.207801,-0.000451,28.373399,outputs/v0_3_direct_api_matrix/provider_manifests/glm__glm_5_turbo__synthetic_calm_trend_c0_v0_3__c0__e1__seed_37__sample_2.json,sha256:7d2d895038b8edea125a04eb320639f2128ab0b57d52035db938ce890b581917,direct-api,glm-5-turbo,api-pinned-2026-07-06,valid,true,
trellm-v0.3-protocol,outputs/v0_3_direct_api_matrix/submissions/glm__glm_5_turbo__synthetic_calm_trend_c0_v0_3__c0__e1__seed_41__sample_0.json,synthetic_calm_trend_c0_v0_3,glm,glm-5-turbo,glm-5-turbo (api-pinned-2026-07-06),C0,E1,41,0,stress-only;direct-api;live-provider;redacted-prompt,0.041902,-0.000157,12.341439,outputs/v0_3_direct_api_matrix/provider_manifests/glm__glm_5_turbo__synthetic_calm_trend_c0_v0_3__c0__e1__seed_41__sample_0.json,sha256:9bee7cbd01867692913db81f7f99711537eed1630b817a65bc82368e32c05bb4,direct-api,glm-5-turbo,api-pinned-2026-07-06,valid,true,
trellm-v0.3-protocol,outputs/v0_3_direct_api_matrix/submissions/glm__glm_5_turbo__synthetic_calm_trend_c0_v0_3__c0__e1__seed_41__sample_1.json,synthetic_calm_trend_c0_v0_3,glm,glm-5-turbo,glm-5-turbo (api-pinned-2026-07-06),C0,E1,41,1,stress-only;direct-api;live-provider;redacted-prompt,0.060508,-0.00495,15.320932,outputs/v0_3_direct_api_matrix/provider_manifests/glm__glm_5_turbo__synthetic_calm_trend_c0_v0_3__c0__e1__seed_41__sample_1.json,sha256:713fba1e2db7c95d486a20010d73e83b9a9c89a322e3f842f287b93e83f27639,direct-api,glm-5-turbo,api-pinned-2026-07-06,valid,true,
trellm-v0.3-protocol,outputs/v0_3_direct_api_matrix/submissions/glm__glm_5_turbo__synthetic_calm_trend_c0_v0_3__c0__e1__seed_41__sample_2.json,synthetic_calm_trend_c0_v0_3,glm,glm-5-turbo,glm-5-turbo (api-pinned-2026-07-06),C0,E1,41,2,stress-only;direct-api;live-provider;redacted-prompt,0.046111,-0.001844,15.544256,outputs/v0_3_direct_api_matrix/provider_manifests/glm__glm_5_turbo__synthetic_calm_trend_c0_v0_3__c0__e1__seed_41__sample_2.json,sha256:1e5728dfc447a28c54a6de145ba67392ddac6ace7c95f7e82529a8faf464aa66,direct-api,glm-5-turbo,api-pinned-2026-07-06,valid,true,
trellm-v0.3-protocol,outputs/v0_3_direct_api_matrix/submissions/glm__glm_5_turbo__synthetic_calm_trend_c0_v0_3__c0__e1__seed_43__sample_0.json,synthetic_calm_trend_c0_v0_3,glm,glm-5-turbo,glm-5-turbo (api-pinned-2026-07-06),C0,E1,43,0,stress-only;direct-api;live-provider;redacted-prompt,0.045878,-0.001304,10.286597,outputs/v0_3_direct_api_matrix/provider_manifests/glm__glm_5_turbo__synthetic_calm_trend_c0_v0_3__c0__e1__seed_43__sample_0.json,sha256:ab695561ee92922daca48dbd302126b28caeeba7bb82d42ac76426d4d16da959,direct-api,glm-5-turbo,api-pinned-2026-07-06,valid,true,
trellm-v0.3-protocol,outputs/v0_3_direct_api_matrix/submissions/glm__glm_5_turbo__synthetic_calm_trend_c0_v0_3__c0__e1__seed_43__sample_1.json,synthetic_calm_trend_c0_v0_3,glm,glm-5-turbo,glm-5-turbo (api-pinned-2026-07-06),C0,E1,43,1,stress-only;direct-api;live-provider;redacted-prompt,0.079433,-0.001304,19.059439,outputs/v0_3_direct_api_matrix/provider_manifests/glm__glm_5_turbo__synthetic_calm_trend_c0_v0_3__c0__e1__seed_43__sample_1.json,sha256:97b8f37ee2f2ab1ef954a74965377b8cf0e94b4896f3ca90ef7d31536adc6f86,direct-api,glm-5-turbo,api-pinned-2026-07-06,valid,true,
trellm-v0.3-protocol,outputs/v0_3_direct_api_matrix/submissions/glm__glm_5_turbo__synthetic_calm_trend_c0_v0_3__c0__e1__seed_43__sample_2.json,synthetic_calm_trend_c0_v0_3,glm,glm-5-turbo,glm-5-turbo (api-pinned-2026-07-06),C0,E1,43,2,stress-only;direct-api;live-provider;redacted-prompt,0.047456,-0.001304,10.29502,outputs/v0_3_direct_api_matrix/provider_manifests/glm__glm_5_turbo__synthetic_calm_trend_c0_v0_3__c0__e1__seed_43__sample_2.json,sha256:267554cbc9d42674396de08bc621a7b8dd619d1b4bd9a0516a526d930bee987a,direct-api,glm-5-turbo,api-pinned-2026-07-06,valid,true,
trellm-v0.3-protocol,outputs/v0_3_direct_api_matrix/submissions/glm__glm_5_turbo__synthetic_calm_trend_c0_v0_3__c0__e1__seed_47__sample_0.json,synthetic_calm_trend_c0_v0_3,glm,glm-5-turbo,glm-5-turbo (api-pinned-2026-07-06),C0,E1,47,0,stress-only;direct-api;live-provider;redacted-prompt,0.013041,-0.000234,8.806899,outputs/v0_3_direct_api_matrix/provider_manifests/glm__glm_5_turbo__synthetic_calm_trend_c0_v0_3__c0__e1__seed_47__sample_0.json,sha256:ee221df41869ceb629f087a220e289261f5f92b28b753029903dea13f02e5efd,direct-api,glm-5-turbo,api-pinned-2026-07-06,valid,true,
trellm-v0.3-protocol,outputs/v0_3_direct_api_matrix/submissions/glm__glm_5_turbo__synthetic_calm_trend_c0_v0_3__c0__e1__seed_47__sample_1.json,synthetic_calm_trend_c0_v0_3,glm,glm-5-turbo,glm-5-turbo (api-pinned-2026-07-06),C0,E1,47,1,stress-only;direct-api;live-provider;redacted-prompt,0.163168,-0.000737,17.683153,outputs/v0_3_direct_api_matrix/provider_manifests/glm__glm_5_turbo__synthetic_calm_trend_c0_v0_3__c0__e1__seed_47__sample_1.json,sha256:cb4e8cf98b7701e7618f703ded862311cc1fb0dc5dfb7d4a943d0e9959b42c3f,direct-api,glm-5-turbo,api-pinned-2026-07-06,valid,true,
trellm-v0.3-protocol,outputs/v0_3_direct_api_matrix/submissions/glm__glm_5_turbo__synthetic_calm_trend_c0_v0_3__c0__e1__seed_47__sample_2.json,synthetic_calm_trend_c0_v0_3,glm,glm-5-turbo,glm-5-turbo (api-pinned-2026-07-06),C0,E1,47,2,stress-only;direct-api;live-provider;redacted-prompt,0.115976,-0.001153,17.750669,outputs/v0_3_direct_api_matrix/provider_manifests/glm__glm_5_turbo__synthetic_calm_trend_c0_v0_3__c0__e1__seed_47__sample_2.json,sha256:9fd6d7131d78609800e74d9c291fd59e76d89f60e0237dca040fd584e31dc4d5,direct-api,glm-5-turbo,api-pinned-2026-07-06,valid,true,
trellm-v0.3-protocol,outputs/v0_3_direct_api_matrix/submissions/glm__glm_5_turbo__synthetic_calm_trend_c0_v0_3__c0__e1__seed_53__sample_0.json,synthetic_calm_trend_c0_v0_3,glm,glm-5-turbo,glm-5-turbo (api-pinned-2026-07-06),C0,E1,53,0,stress-only;direct-api;live-provider;redacted-prompt,0.059359,-0.000971,17.502335,outputs/v0_3_direct_api_matrix/provider_manifests/glm__glm_5_turbo__synthetic_calm_trend_c0_v0_3__c0__e1__seed_53__sample_0.json,sha256:b03b29b559b6e4f4fd7002ac376bb29eef7363a306acf78d3367854b1f54f21b,direct-api,glm-5-turbo,api-pinned-2026-07-06,valid,true,
trellm-v0.3-protocol,outputs/v0_3_direct_api_matrix/submissions/glm__glm_5_turbo__synthetic_calm_trend_c0_v0_3__c0__e1__seed_53__sample_1.json,synthetic_calm_trend_c0_v0_3,glm,glm-5-turbo,glm-5-turbo (api-pinned-2026-07-06),C0,E1,53,1,stress-only;direct-api;live-provider;redacted-prompt,0.059359,-0.000971,17.502335,outputs/v0_3_direct_api_matrix/provider_manifests/glm__glm_5_turbo__synthetic_calm_trend_c0_v0_3__c0__e1__seed_53__sample_1.json,sha256:e39ebe367dbe758f6fb5814d7e672821711f457d4889656de352b6ece183dc52,direct-api,glm-5-turbo,api-pinned-2026-07-06,valid,true,
trellm-v0.3-protocol,outputs/v0_3_direct_api_matrix/submissions/glm__glm_5_turbo__synthetic_calm_trend_c0_v0_3__c0__e1__seed_53__sample_2.json,synthetic_calm_trend_c0_v0_3,glm,glm-5-turbo,glm-5-turbo (api-pinned-2026-07-06),C0,E1,53,2,stress-only;direct-api;live-provider;redacted-prompt,0.106456,-0.001722,17.577387,outputs/v0_3_direct_api_matrix/provider_manifests/glm__glm_5_turbo__synthetic_calm_trend_c0_v0_3__c0__e1__seed_53__sample_2.json,sha256:a8a0973771a8a4e8610221b80e7a767106e198a70df2783bdb10b9fbfd05ad54,direct-api,glm-5-turbo,api-pinned-2026-07-06,valid,true,
trellm-v0.3-protocol,outputs/v0_3_direct_api_matrix/submissions/glm__glm_5_turbo__synthetic_calm_trend_c0_v0_3__c0__e1__seed_7__sample_0.json,synthetic_calm_trend_c0_v0_3,glm,glm-5-turbo,glm-5-turbo (api-pinned-2026-07-06),C0,E1,7,0,stress-only;direct-api;live-provider;redacted-prompt,0.044929,-0.001156,19.271781,outputs/v0_3_direct_api_matrix/provider_manifests/glm__glm_5_turbo__synthetic_calm_trend_c0_v0_3__c0__e1__seed_7__sample_0.json,sha256:62b3f7b23a72d190f41037c85736e8642e30b6f498624098b237d72e08a8fb03,direct-api,glm-5-turbo,api-pinned-2026-07-06,valid,true,
trellm-v0.3-protocol,outputs/v0_3_direct_api_matrix/submissions/glm__glm_5_turbo__synthetic_calm_trend_c0_v0_3__c0__e1__seed_7__sample_1.json,synthetic_calm_trend_c0_v0_3,glm,glm-5-turbo,glm-5-turbo (api-pinned-2026-07-06),C0,E1,7,1,stress-only;direct-api;live-provider;redacted-prompt,0.077965,-0.002533,20.070685,outputs/v0_3_direct_api_matrix/provider_manifests/glm__glm_5_turbo__synthetic_calm_trend_c0_v0_3__c0__e1__seed_7__sample_1.json,sha256:746e8b196fd93989f4b99b8bda91478a1b7a1d4e46008748a4a5ccfd86cba013,direct-api,glm-5-turbo,api-pinned-2026-07-06,valid,true,
trellm-v0.3-protocol,outputs/v0_3_direct_api_matrix/submissions/glm__glm_5_turbo__synthetic_calm_trend_c0_v0_3__c0__e1__seed_7__sample_2.json,synthetic_calm_trend_c0_v0_3,glm,glm-5-turbo,glm-5-turbo (api-pinned-2026-07-06),C0,E1,7,2,stress-only;direct-api;live-provider;redacted-prompt,0.078429,-0.002506,20.135022,outputs/v0_3_direct_api_matrix/provider_manifests/glm__glm_5_turbo__synthetic_calm_trend_c0_v0_3__c0__e1__seed_7__sample_2.json,sha256:f72ca02dc69e5243ce032823ef8d11ede766dccddac55f2cc8be4ad7647d23ae,direct-api,glm-5-turbo,api-pinned-2026-07-06,valid,true,
trellm-v0.3-protocol,outputs/v0_3_direct_api_matrix/submissions/glm__glm_5_turbo__synthetic_high_volatility_c0_v0_3__c0__e0__seed_11__sample_0.json,synthetic_high_volatility_c0_v0_3,glm,glm-5-turbo,glm-5-turbo (api-pinned-2026-07-06),C0,E0,11,0,stress-only;direct-api;live-provider;redacted-prompt,0.157213,-0.001052,15.820599,outputs/v0_3_direct_api_matrix/provider_manifests/glm__glm_5_turbo__synthetic_high_volatility_c0_v0_3__c0__e0__seed_11__sample_0.json,sha256:ef081526c0e1f5ae14cc8659048ffcbe6614550d8351b382a16af36df984dba7,direct-api,glm-5-turbo,api-pinned-2026-07-06,valid,true,
trellm-v0.3-protocol,outputs/v0_3_direct_api_matrix/submissions/glm__glm_5_turbo__synthetic_high_volatility_c0_v0_3__c0__e0__seed_11__sample_1.json,synthetic_high_volatility_c0_v0_3,glm,glm-5-turbo,glm-5-turbo (api-pinned-2026-07-06),C0,E0,11,1,stress-only;direct-api;live-provider;redacted-prompt,0.157213,-0.001052,15.820599,outputs/v0_3_direct_api_matrix/provider_manifests/glm__glm_5_turbo__synthetic_high_volatility_c0_v0_3__c0__e0__seed_11__sample_1.json,sha256:333818f481fbbf7f6ef1a62b40d070e8f6cc88a96990794be63d803db417b033,direct-api,glm-5-turbo,api-pinned-2026-07-06,valid,true,
trellm-v0.3-protocol,outputs/v0_3_direct_api_matrix/submissions/glm__glm_5_turbo__synthetic_high_volatility_c0_v0_3__c0__e0__seed_11__sample_2.json,synthetic_high_volatility_c0_v0_3,glm,glm-5-turbo,glm-5-turbo (api-pinned-2026-07-06),C0,E0,11,2,stress-only;direct-api;live-provider;redacted-prompt,0.157213,-0.001052,15.820599,outputs/v0_3_direct_api_matrix/provider_manifests/glm__glm_5_turbo__synthetic_high_volatility_c0_v0_3__c0__e0__seed_11__sample_2.json,sha256:17b055e4e3a5b3610027a30d871d309235c4ba434f5b7478aaa258f2bc7e781f,direct-api,glm-5-turbo,api-pinned-2026-07-06,valid,true,
trellm-v0.3-protocol,outputs/v0_3_direct_api_matrix/submissions/glm__glm_5_turbo__synthetic_high_volatility_c0_v0_3__c0__e0__seed_17__sample_0.json,synthetic_high_volatility_c0_v0_3,glm,glm-5-turbo,glm-5-turbo (api-pinned-2026-07-06),C0,E0,17,0,stress-only;direct-api;live-provider;redacted-prompt,0.089653,-0.014698,6.53496,outputs/v0_3_direct_api_matrix/provider_manifests/glm__glm_5_turbo__synthetic_high_volatility_c0_v0_3__c0__e0__seed_17__sample_0.json,sha256:c42230b163eec11a429edf3160d7ff847ef221371c7bb1f1f0943d304815f0f6,direct-api,glm-5-turbo,api-pinned-2026-07-06,valid,true,
trellm-v0.3-protocol,outputs/v0_3_direct_api_matrix/submissions/glm__glm_5_turbo__synthetic_high_volatility_c0_v0_3__c0__e0__seed_17__sample_1.json,synthetic_high_volatility_c0_v0_3,glm,glm-5-turbo,glm-5-turbo (api-pinned-2026-07-06),C0,E0,17,1,stress-only;direct-api;live-provider;redacted-prompt,0.089653,-0.014698,6.53496,outputs/v0_3_direct_api_matrix/provider_manifests/glm__glm_5_turbo__synthetic_high_volatility_c0_v0_3__c0__e0__seed_17__sample_1.json,sha256:2921544856d2d9a783909526118b9f9e9776be5d11e656fb1a9b1d95f2926a7d,direct-api,glm-5-turbo,api-pinned-2026-07-06,valid,true,
trellm-v0.3-protocol,outputs/v0_3_direct_api_matrix/submissions/glm__glm_5_turbo__synthetic_high_volatility_c0_v0_3__c0__e0__seed_17__sample_2.json,synthetic_high_volatility_c0_v0_3,glm,glm-5-turbo,glm-5-turbo (api-pinned-2026-07-06),C0,E0,17,2,stress-only;direct-api;live-provider;redacted-prompt,0.089653,-0.014698,6.53496,outputs/v0_3_direct_api_matrix/provider_manifests/glm__glm_5_turbo__synthetic_high_volatility_c0_v0_3__c0__e0__seed_17__sample_2.json,sha256:0ee8c477893071ff9a43f45a5dd30245096aa19c95e5d8128b826e60584f4c1d,direct-api,glm-5-turbo,api-pinned-2026-07-06,valid,true,
trellm-v0.3-protocol,outputs/v0_3_direct_api_matrix/submissions/glm__glm_5_turbo__synthetic_high_volatility_c0_v0_3__c0__e0__seed_23__sample_0.json,synthetic_high_volatility_c0_v0_3,glm,glm-5-turbo,glm-5-turbo (api-pinned-2026-07-06),C0,E0,23,0,stress-only;direct-api;live-provider;redacted-prompt,0.18028,-0.004026,12.553122,outputs/v0_3_direct_api_matrix/provider_manifests/glm__glm_5_turbo__synthetic_high_volatility_c0_v0_3__c0__e0__seed_23__sample_0.json,sha256:0b2e4105d00060b954dc2d347b7ef6f148d600dd7bff9424d5f1804ec4e353f1,direct-api,glm-5-turbo,api-pinned-2026-07-06,valid,true,
trellm-v0.3-protocol,outputs/v0_3_direct_api_matrix/submissions/glm__glm_5_turbo__synthetic_high_volatility_c0_v0_3__c0__e0__seed_23__sample_1.json,synthetic_high_volatility_c0_v0_3,glm,glm-5-turbo,glm-5-turbo (api-pinned-2026-07-06),C0,E0,23,1,stress-only;direct-api;live-provider;redacted-prompt,0.142012,-0.004011,10.110228,outputs/v0_3_direct_api_matrix/provider_manifests/glm__glm_5_turbo__synthetic_high_volatility_c0_v0_3__c0__e0__seed_23__sample_1.json,sha256:7fee00c9a24b7c51855555d985f463b1da8a0786b7876b848aee22e3d2da433e,direct-api,glm-5-turbo,api-pinned-2026-07-06,valid,true,
trellm-v0.3-protocol,outputs/v0_3_direct_api_matrix/submissions/glm__glm_5_turbo__synthetic_high_volatility_c0_v0_3__c0__e0__seed_23__sample_2.json,synthetic_high_volatility_c0_v0_3,glm,glm-5-turbo,glm-5-turbo (api-pinned-2026-07-06),C0,E0,23,2,stress-only;direct-api;live-provider;redacted-prompt,0.142012,-0.004011,10.110228,outputs/v0_3_direct_api_matrix/provider_manifests/glm__glm_5_turbo__synthetic_high_volatility_c0_v0_3__c0__e0__seed_23__sample_2.json,sha256:f06631cc963f095c5e51fce63f5358cd519638d7403cf9e18de710cd5f08aed6,direct-api,glm-5-turbo,api-pinned-2026-07-06,valid,true,
trellm-v0.3-protocol,outputs/v0_3_direct_api_matrix/submissions/glm__glm_5_turbo__synthetic_high_volatility_c0_v0_3__c0__e0__seed_31__sample_0.json,synthetic_high_volatility_c0_v0_3,glm,glm-5-turbo,glm-5-turbo (api-pinned-2026-07-06),C0,E0,31,0,stress-only;direct-api;live-provider;redacted-prompt,0.118851,-0.00875,10.038991,outputs/v0_3_direct_api_matrix/provider_manifests/glm__glm_5_turbo__synthetic_high_volatility_c0_v0_3__c0__e0__seed_31__sample_0.json,sha256:a23f23d6e9c8599d244103f7f186cac8f9c4dbd3940d1600e67f135efa964ef3,direct-api,glm-5-turbo,api-pinned-2026-07-06,valid,true,
trellm-v0.3-protocol,outputs/v0_3_direct_api_matrix/submissions/glm__glm_5_turbo__synthetic_high_volatility_c0_v0_3__c0__e0__seed_31__sample_1.json,synthetic_high_volatility_c0_v0_3,glm,glm-5-turbo,glm-5-turbo (api-pinned-2026-07-06),C0,E0,31,1,stress-only;direct-api;live-provider;redacted-prompt,0.17377,-0.003687,17.526962,outputs/v0_3_direct_api_matrix/provider_manifests/glm__glm_5_turbo__synthetic_high_volatility_c0_v0_3__c0__e0__seed_31__sample_1.json,sha256:bbb4cf7092167d1a444b626f90d7995b8dcfed29db24fe3d8c75cf3c5ebe6db0,direct-api,glm-5-turbo,api-pinned-2026-07-06,valid,true,
trellm-v0.3-protocol,outputs/v0_3_direct_api_matrix/submissions/glm__glm_5_turbo__synthetic_high_volatility_c0_v0_3__c0__e0__seed_31__sample_2.json,synthetic_high_volatility_c0_v0_3,glm,glm-5-turbo,glm-5-turbo (api-pinned-2026-07-06),C0,E0,31,2,stress-only;direct-api;live-provider;redacted-prompt,0.190375,-0.00494,17.370263,outputs/v0_3_direct_api_matrix/provider_manifests/glm__glm_5_turbo__synthetic_high_volatility_c0_v0_3__c0__e0__seed_31__sample_2.json,sha256:7686ebe3343bc84a76838c5e27b5bf323735898b7a93c8ed62354abedef693f8,direct-api,glm-5-turbo,api-pinned-2026-07-06,valid,true,
trellm-v0.3-protocol,outputs/v0_3_direct_api_matrix/submissions/glm__glm_5_turbo__synthetic_high_volatility_c0_v0_3__c0__e0__seed_37__sample_0.json,synthetic_high_volatility_c0_v0_3,glm,glm-5-turbo,glm-5-turbo (api-pinned-2026-07-06),C0,E0,37,0,stress-only;direct-api;live-provider;redacted-prompt,0.118096,-0.002056,18.353868,outputs/v0_3_direct_api_matrix/provider_manifests/glm__glm_5_turbo__synthetic_high_volatility_c0_v0_3__c0__e0__seed_37__sample_0.json,sha256:d604907e493c14b7276d92040b6d5290d066b06c284d491be0ec65a24fd3f689,direct-api,glm-5-turbo,api-pinned-2026-07-06,valid,true,
trellm-v0.3-protocol,outputs/v0_3_direct_api_matrix/submissions/glm__glm_5_turbo__synthetic_high_volatility_c0_v0_3__c0__e0__seed_37__sample_1.json,synthetic_high_volatility_c0_v0_3,glm,glm-5-turbo,glm-5-turbo (api-pinned-2026-07-06),C0,E0,37,1,stress-only;direct-api;live-provider;redacted-prompt,0.058752,-0.000935,19.051137,outputs/v0_3_direct_api_matrix/provider_manifests/glm__glm_5_turbo__synthetic_high_volatility_c0_v0_3__c0__e0__seed_37__sample_1.json,sha256:669917c5bea7f2045f1e3be21bb29b01f4ad5934ba249d7a5acd2cb078932f77,direct-api,glm-5-turbo,api-pinned-2026-07-06,valid,true,
trellm-v0.3-protocol,outputs/v0_3_direct_api_matrix/submissions/glm__glm_5_turbo__synthetic_high_volatility_c0_v0_3__c0__e0__seed_37__sample_2.json,synthetic_high_volatility_c0_v0_3,glm,glm-5-turbo,glm-5-turbo (api-pinned-2026-07-06),C0,E0,37,2,stress-only;direct-api;live-provider;redacted-prompt,0.031124,-0.00022,11.007862,outputs/v0_3_direct_api_matrix/provider_manifests/glm__glm_5_turbo__synthetic_high_volatility_c0_v0_3__c0__e0__seed_37__sample_2.json,sha256:136d53de19c949bdff5a67dd9d07f11bea1cfafcccf7ed4357f84d56517024e1,direct-api,glm-5-turbo,api-pinned-2026-07-06,valid,true,
trellm-v0.3-protocol,outputs/v0_3_direct_api_matrix/submissions/glm__glm_5_turbo__synthetic_high_volatility_c0_v0_3__c0__e0__seed_41__sample_0.json,synthetic_high_volatility_c0_v0_3,glm,glm-5-turbo,glm-5-turbo (api-pinned-2026-07-06),C0,E0,41,0,stress-only;direct-api;live-provider;redacted-prompt,0.005579,-0.003137,2.800149,outputs/v0_3_direct_api_matrix/provider_manifests/glm__glm_5_turbo__synthetic_high_volatility_c0_v0_3__c0__e0__seed_41__sample_0.json,sha256:64f57bbceb23648ae2392df456c59b39e63ae77165769180d081b767b62762f2,direct-api,glm-5-turbo,api-pinned-2026-07-06,valid,true,
trellm-v0.3-protocol,outputs/v0_3_direct_api_matrix/submissions/glm__glm_5_turbo__synthetic_high_volatility_c0_v0_3__c0__e0__seed_41__sample_1.json,synthetic_high_volatility_c0_v0_3,glm,glm-5-turbo,glm-5-turbo (api-pinned-2026-07-06),C0,E0,41,1,stress-only;direct-api;live-provider;redacted-prompt,0.009966,-0.00486,3.308623,outputs/v0_3_direct_api_matrix/provider_manifests/glm__glm_5_turbo__synthetic_high_volatility_c0_v0_3__c0__e0__seed_41__sample_1.json,sha256:2297df66139d7ea93053a76c40b17e3071a9d3e9b1f31b38e7bad1253e302e15,direct-api,glm-5-turbo,api-pinned-2026-07-06,valid,true,
trellm-v0.3-protocol,outputs/v0_3_direct_api_matrix/submissions/glm__glm_5_turbo__synthetic_high_volatility_c0_v0_3__c0__e0__seed_41__sample_2.json,synthetic_high_volatility_c0_v0_3,glm,glm-5-turbo,glm-5-turbo (api-pinned-2026-07-06),C0,E0,41,2,stress-only;direct-api;live-provider;redacted-prompt,0.01607,-0.003475,5.916804,outputs/v0_3_direct_api_matrix/provider_manifests/glm__glm_5_turbo__synthetic_high_volatility_c0_v0_3__c0__e0__seed_41__sample_2.json,sha256:b4ebc6faaf8ebcd7feb44f2f67f2d509d46fdd4fb1246efc10209fe1f40296ce,direct-api,glm-5-turbo,api-pinned-2026-07-06,valid,true,
trellm-v0.3-protocol,outputs/v0_3_direct_api_matrix/submissions/glm__glm_5_turbo__synthetic_high_volatility_c0_v0_3__c0__e0__seed_43__sample_0.json,synthetic_high_volatility_c0_v0_3,glm,glm-5-turbo,glm-5-turbo (api-pinned-2026-07-06),C0,E0,43,0,stress-only;direct-api;live-provider;redacted-prompt,0.240628,-0.010711,14.895707,outputs/v0_3_direct_api_matrix/provider_manifests/glm__glm_5_turbo__synthetic_high_volatility_c0_v0_3__c0__e0__seed_43__sample_0.json,sha256:002aebabf7ee6d283dd01f47ea50ed6a81b81f7bdd30cb2aec073dd00c020aaa,direct-api,glm-5-turbo,api-pinned-2026-07-06,valid,true,
trellm-v0.3-protocol,outputs/v0_3_direct_api_matrix/submissions/glm__glm_5_turbo__synthetic_high_volatility_c0_v0_3__c0__e0__seed_43__sample_1.json,synthetic_high_volatility_c0_v0_3,glm,glm-5-turbo,glm-5-turbo (api-pinned-2026-07-06),C0,E0,43,1,stress-only;direct-api;live-provider;redacted-prompt,0.18813,-0.00908,15.196015,outputs/v0_3_direct_api_matrix/provider_manifests/glm__glm_5_turbo__synthetic_high_volatility_c0_v0_3__c0__e0__seed_43__sample_1.json,sha256:3c074efc12b8b9b20f70152fff907db7f3b07c26a6d9803cd278d7aa048ac4cb,direct-api,glm-5-turbo,api-pinned-2026-07-06,valid,true,
trellm-v0.3-protocol,outputs/v0_3_direct_api_matrix/submissions/glm__glm_5_turbo__synthetic_high_volatility_c0_v0_3__c0__e0__seed_43__sample_2.json,synthetic_high_volatility_c0_v0_3,glm,glm-5-turbo,glm-5-turbo (api-pinned-2026-07-06),C0,E0,43,2,stress-only;direct-api;live-provider;redacted-prompt,0.07072,-0.00749,9.966755,outputs/v0_3_direct_api_matrix/provider_manifests/glm__glm_5_turbo__synthetic_high_volatility_c0_v0_3__c0__e0__seed_43__sample_2.json,sha256:a5178713ad21da411afa055079a17f0ed5aab0d7fd7463a0bdb9c73514e8124b,direct-api,glm-5-turbo,api-pinned-2026-07-06,valid,true,
trellm-v0.3-protocol,outputs/v0_3_direct_api_matrix/submissions/glm__glm_5_turbo__synthetic_high_volatility_c0_v0_3__c0__e0__seed_47__sample_0.json,synthetic_high_volatility_c0_v0_3,glm,glm-5-turbo,glm-5-turbo (api-pinned-2026-07-06),C0,E0,47,0,stress-only;direct-api;live-provider;redacted-prompt,0.127012,-0.007774,12.718455,outputs/v0_3_direct_api_matrix/provider_manifests/glm__glm_5_turbo__synthetic_high_volatility_c0_v0_3__c0__e0__seed_47__sample_0.json,sha256:a901411bb373b881ec483cdd1f774329ce4ffa6d9cace34b81000977f885e9ce,direct-api,glm-5-turbo,api-pinned-2026-07-06,valid,true,
trellm-v0.3-protocol,outputs/v0_3_direct_api_matrix/submissions/glm__glm_5_turbo__synthetic_high_volatility_c0_v0_3__c0__e0__seed_47__sample_1.json,synthetic_high_volatility_c0_v0_3,glm,glm-5-turbo,glm-5-turbo (api-pinned-2026-07-06),C0,E0,47,1,stress-only;direct-api;live-provider;redacted-prompt,0.128977,-0.007558,12.851031,outputs/v0_3_direct_api_matrix/provider_manifests/glm__glm_5_turbo__synthetic_high_volatility_c0_v0_3__c0__e0__seed_47__sample_1.json,sha256:12f3f7467c40d073beda0f78919d923f44fdb517b5ee9d2874b784edc8c21f47,direct-api,glm-5-turbo,api-pinned-2026-07-06,valid,true,
trellm-v0.3-protocol,outputs/v0_3_direct_api_matrix/submissions/glm__glm_5_turbo__synthetic_high_volatility_c0_v0_3__c0__e0__seed_47__sample_2.json,synthetic_high_volatility_c0_v0_3,glm,glm-5-turbo,glm-5-turbo (api-pinned-2026-07-06),C0,E0,47,2,stress-only;direct-api;live-provider;redacted-prompt,0.04139,-0.010243,6.702976,outputs/v0_3_direct_api_matrix/provider_manifests/glm__glm_5_turbo__synthetic_high_volatility_c0_v0_3__c0__e0__seed_47__sample_2.json,sha256:27f5a240f39fe90cfcfb33f3ec66add12662981a7d2fb426706ff010d0e2be7d,direct-api,glm-5-turbo,api-pinned-2026-07-06,valid,true,
trellm-v0.3-protocol,outputs/v0_3_direct_api_matrix/submissions/glm__glm_5_turbo__synthetic_high_volatility_c0_v0_3__c0__e0__seed_53__sample_0.json,synthetic_high_volatility_c0_v0_3,glm,glm-5-turbo,glm-5-turbo (api-pinned-2026-07-06),C0,E0,53,0,stress-only;direct-api;live-provider;redacted-prompt,0.05838,-0.01082,8.727158,outputs/v0_3_direct_api_matrix/provider_manifests/glm__glm_5_turbo__synthetic_high_volatility_c0_v0_3__c0__e0__seed_53__sample_0.json,sha256:6d3e20a96f77fe6b11d8de0319fbe95149eda5620a554b841be000a82cc0750d,direct-api,glm-5-turbo,api-pinned-2026-07-06,valid,true,
trellm-v0.3-protocol,outputs/v0_3_direct_api_matrix/submissions/glm__glm_5_turbo__synthetic_high_volatility_c0_v0_3__c0__e0__seed_53__sample_1.json,synthetic_high_volatility_c0_v0_3,glm,glm-5-turbo,glm-5-turbo (api-pinned-2026-07-06),C0,E0,53,1,stress-only;direct-api;live-provider;redacted-prompt,0.06287,-0.006623,9.817426,outputs/v0_3_direct_api_matrix/provider_manifests/glm__glm_5_turbo__synthetic_high_volatility_c0_v0_3__c0__e0__seed_53__sample_1.json,sha256:76d77db85a8472dca7fe94b44540f1228752f778cc4715c70e96abd62118cae1,direct-api,glm-5-turbo,api-pinned-2026-07-06,valid,true,
trellm-v0.3-protocol,outputs/v0_3_direct_api_matrix/submissions/glm__glm_5_turbo__synthetic_high_volatility_c0_v0_3__c0__e0__seed_53__sample_2.json,synthetic_high_volatility_c0_v0_3,glm,glm-5-turbo,glm-5-turbo (api-pinned-2026-07-06),C0,E0,53,2,stress-only;direct-api;live-provider;redacted-prompt,0.056362,-0.013399,7.814208,outputs/v0_3_direct_api_matrix/provider_manifests/glm__glm_5_turbo__synthetic_high_volatility_c0_v0_3__c0__e0__seed_53__sample_2.json,sha256:4118ab38937a9030b57b5283578a6bf8af73653128dc5674a3a41d1e556fa169,direct-api,glm-5-turbo,api-pinned-2026-07-06,valid,true,
trellm-v0.3-protocol,outputs/v0_3_direct_api_matrix/submissions/glm__glm_5_turbo__synthetic_high_volatility_c0_v0_3__c0__e0__seed_7__sample_0.json,synthetic_high_volatility_c0_v0_3,glm,glm-5-turbo,glm-5-turbo (api-pinned-2026-07-06),C0,E0,7,0,stress-only;direct-api;live-provider;redacted-prompt,0.07188,-0.010515,8.253286,outputs/v0_3_direct_api_matrix/provider_manifests/glm__glm_5_turbo__synthetic_high_volatility_c0_v0_3__c0__e0__seed_7__sample_0.json,sha256:c2ded810088e4df3bb0603762890ad0ff2c23aa2168337274331de6df8f5020e,direct-api,glm-5-turbo,api-pinned-2026-07-06,valid,true,
trellm-v0.3-protocol,outputs/v0_3_direct_api_matrix/submissions/glm__glm_5_turbo__synthetic_high_volatility_c0_v0_3__c0__e0__seed_7__sample_1.json,synthetic_high_volatility_c0_v0_3,glm,glm-5-turbo,glm-5-turbo (api-pinned-2026-07-06),C0,E0,7,1,stress-only;direct-api;live-provider;redacted-prompt,0.044679,-0.005719,7.993929,outputs/v0_3_direct_api_matrix/provider_manifests/glm__glm_5_turbo__synthetic_high_volatility_c0_v0_3__c0__e0__seed_7__sample_1.json,sha256:48720a8d763b5bba6b5e5d3b03780b11603cb26038ef5fc293daa850330dfd22,direct-api,glm-5-turbo,api-pinned-2026-07-06,valid,true,
trellm-v0.3-protocol,outputs/v0_3_direct_api_matrix/submissions/glm__glm_5_turbo__synthetic_high_volatility_c0_v0_3__c0__e0__seed_7__sample_2.json,synthetic_high_volatility_c0_v0_3,glm,glm-5-turbo,glm-5-turbo (api-pinned-2026-07-06),C0,E0,7,2,stress-only;direct-api;live-provider;redacted-prompt,0.044934,-0.00571,8.043997,outputs/v0_3_direct_api_matrix/provider_manifests/glm__glm_5_turbo__synthetic_high_volatility_c0_v0_3__c0__e0__seed_7__sample_2.json,sha256:d83376c70f2fe39abbf1a1a60c932d362a0626e4f40bd98514c192c8203a59e2,direct-api,glm-5-turbo,api-pinned-2026-07-06,valid,true,
trellm-v0.3-protocol,outputs/v0_3_direct_api_matrix/submissions/glm__glm_5_turbo__synthetic_high_volatility_c0_v0_3__c0__e1__seed_11__sample_0.json,synthetic_high_volatility_c0_v0_3,glm,glm-5-turbo,glm-5-turbo (api-pinned-2026-07-06),C0,E1,11,0,stress-only;direct-api;live-provider;redacted-prompt,0.075169,-0.00145,13.218601,outputs/v0_3_direct_api_matrix/provider_manifests/glm__glm_5_turbo__synthetic_high_volatility_c0_v0_3__c0__e1__seed_11__sample_0.json,sha256:a0f4f28339c0d3de79d282d5d39582d40dffeafb6a2de831f1ca27f62ffc213b,direct-api,glm-5-turbo,api-pinned-2026-07-06,valid,true,
trellm-v0.3-protocol,outputs/v0_3_direct_api_matrix/submissions/glm__glm_5_turbo__synthetic_high_volatility_c0_v0_3__c0__e1__seed_11__sample_1.json,synthetic_high_volatility_c0_v0_3,glm,glm-5-turbo,glm-5-turbo (api-pinned-2026-07-06),C0,E1,11,1,stress-only;direct-api;live-provider;redacted-prompt,0.091712,-0.00145,14.359042,outputs/v0_3_direct_api_matrix/provider_manifests/glm__glm_5_turbo__synthetic_high_volatility_c0_v0_3__c0__e1__seed_11__sample_1.json,sha256:2da997f75766d4df121c4188ede685b084d4c825923a09ff09e0b26844d70f35,direct-api,glm-5-turbo,api-pinned-2026-07-06,valid,true,
trellm-v0.3-protocol,outputs/v0_3_direct_api_matrix/submissions/glm__glm_5_turbo__synthetic_high_volatility_c0_v0_3__c0__e1__seed_11__sample_2.json,synthetic_high_volatility_c0_v0_3,glm,glm-5-turbo,glm-5-turbo (api-pinned-2026-07-06),C0,E1,11,2,stress-only;direct-api;live-provider;redacted-prompt,0.094841,-0.00145,14.554455,outputs/v0_3_direct_api_matrix/provider_manifests/glm__glm_5_turbo__synthetic_high_volatility_c0_v0_3__c0__e1__seed_11__sample_2.json,sha256:10aebaa77399f7ffc7f11eb21d6527ebf03fe6152b18dde398f346325204017e,direct-api,glm-5-turbo,api-pinned-2026-07-06,valid,true,
trellm-v0.3-protocol,outputs/v0_3_direct_api_matrix/submissions/glm__glm_5_turbo__synthetic_high_volatility_c0_v0_3__c0__e1__seed_17__sample_0.json,synthetic_high_volatility_c0_v0_3,glm,glm-5-turbo,glm-5-turbo (api-pinned-2026-07-06),C0,E1,17,0,stress-only;direct-api;live-provider;redacted-prompt,0.017501,-0.006092,4.348004,outputs/v0_3_direct_api_matrix/provider_manifests/glm__glm_5_turbo__synthetic_high_volatility_c0_v0_3__c0__e1__seed_17__sample_0.json,sha256:086958b50f78212ba614a369b4ff8f835b5b0dc94e01fc3888f13eea4de4b08d,direct-api,glm-5-turbo,api-pinned-2026-07-06,valid,true,
trellm-v0.3-protocol,outputs/v0_3_direct_api_matrix/submissions/glm__glm_5_turbo__synthetic_high_volatility_c0_v0_3__c0__e1__seed_17__sample_1.json,synthetic_high_volatility_c0_v0_3,glm,glm-5-turbo,glm-5-turbo (api-pinned-2026-07-06),C0,E1,17,1,stress-only;direct-api;live-provider;redacted-prompt,0.029668,-0.007629,4.921652,outputs/v0_3_direct_api_matrix/provider_manifests/glm__glm_5_turbo__synthetic_high_volatility_c0_v0_3__c0__e1__seed_17__sample_1.json,sha256:63e2a89467d9b29288ecc3ad5c7ae0649b40820e17bdc4bc123d74334ed9ba0c,direct-api,glm-5-turbo,api-pinned-2026-07-06,valid,true,
trellm-v0.3-protocol,outputs/v0_3_direct_api_matrix/submissions/glm__glm_5_turbo__synthetic_high_volatility_c0_v0_3__c0__e1__seed_17__sample_2.json,synthetic_high_volatility_c0_v0_3,glm,glm-5-turbo,glm-5-turbo (api-pinned-2026-07-06),C0,E1,17,2,stress-only;direct-api;live-provider;redacted-prompt,-0.001535,-0.007306,-0.362875,outputs/v0_3_direct_api_matrix/provider_manifests/glm__glm_5_turbo__synthetic_high_volatility_c0_v0_3__c0__e1__seed_17__sample_2.json,sha256:544b00a71f3727f79141eca4f9aa4fbc1aa6da642b256dbcb1fe2b20ac58a3d4,direct-api,glm-5-turbo,api-pinned-2026-07-06,valid,true,
trellm-v0.3-protocol,outputs/v0_3_direct_api_matrix/submissions/glm__glm_5_turbo__synthetic_high_volatility_c0_v0_3__c0__e1__seed_23__sample_0.json,synthetic_high_volatility_c0_v0_3,glm,glm-5-turbo,glm-5-turbo (api-pinned-2026-07-06),C0,E1,23,0,stress-only;direct-api;live-provider;redacted-prompt,0.087151,-0.01457,5.084711,outputs/v0_3_direct_api_matrix/provider_manifests/glm__glm_5_turbo__synthetic_high_volatility_c0_v0_3__c0__e1__seed_23__sample_0.json,sha256:cc273ca52b0912cdaefefed47e6b32dead029ce6a62aebb8114f60f446a1f2b2,direct-api,glm-5-turbo,api-pinned-2026-07-06,valid,true,
trellm-v0.3-protocol,outputs/v0_3_direct_api_matrix/submissions/glm__glm_5_turbo__synthetic_high_volatility_c0_v0_3__c0__e1__seed_23__sample_1.json,synthetic_high_volatility_c0_v0_3,glm,glm-5-turbo,glm-5-turbo (api-pinned-2026-07-06),C0,E1,23,1,stress-only;direct-api;live-provider;redacted-prompt,0.062731,-0.002972,13.058641,outputs/v0_3_direct_api_matrix/provider_manifests/glm__glm_5_turbo__synthetic_high_volatility_c0_v0_3__c0__e1__seed_23__sample_1.json,sha256:71c69bdb5f4313a192f544784bcb1d5b2dd15da9f474a69d7acd202c2261e536,direct-api,glm-5-turbo,api-pinned-2026-07-06,valid,true,
trellm-v0.3-protocol,outputs/v0_3_direct_api_matrix/submissions/glm__glm_5_turbo__synthetic_high_volatility_c0_v0_3__c0__e1__seed_23__sample_2.json,synthetic_high_volatility_c0_v0_3,glm,glm-5-turbo,glm-5-turbo (api-pinned-2026-07-06),C0,E1,23,2,stress-only;direct-api;live-provider;redacted-prompt,0.127784,-0.008969,7.775686,outputs/v0_3_direct_api_matrix/provider_manifests/glm__glm_5_turbo__synthetic_high_volatility_c0_v0_3__c0__e1__seed_23__sample_2.json,sha256:b7ca5e9d122a4ef3346b5901e2da2ca98df0c74ed4658ed576e5d5077035fde0,direct-api,glm-5-turbo,api-pinned-2026-07-06,valid,true,
trellm-v0.3-protocol,outputs/v0_3_direct_api_matrix/submissions/glm__glm_5_turbo__synthetic_high_volatility_c0_v0_3__c0__e1__seed_31__sample_0.json,synthetic_high_volatility_c0_v0_3,glm,glm-5-turbo,glm-5-turbo (api-pinned-2026-07-06),C0,E1,31,0,stress-only;direct-api;live-provider;redacted-prompt,0.100008,-0.007429,9.746542,outputs/v0_3_direct_api_matrix/provider_manifests/glm__glm_5_turbo__synthetic_high_volatility_c0_v0_3__c0__e1__seed_31__sample_0.json,sha256:c85505895efb4f9eb1dfd5410586b9c9a53512d1f50ddb233d807fc16c69ec77,direct-api,glm-5-turbo,api-pinned-2026-07-06,valid,true,
trellm-v0.3-protocol,outputs/v0_3_direct_api_matrix/submissions/glm__glm_5_turbo__synthetic_high_volatility_c0_v0_3__c0__e1__seed_31__sample_1.json,synthetic_high_volatility_c0_v0_3,glm,glm-5-turbo,glm-5-turbo (api-pinned-2026-07-06),C0,E1,31,1,stress-only;direct-api;live-provider;redacted-prompt,0.223069,-0.004373,17.618595,outputs/v0_3_direct_api_matrix/provider_manifests/glm__glm_5_turbo__synthetic_high_volatility_c0_v0_3__c0__e1__seed_31__sample_1.json,sha256:d2954a7179ecea3e4067506842a9366f4826de12ca03291086a43fe08b0b1234,direct-api,glm-5-turbo,api-pinned-2026-07-06,valid,true,
trellm-v0.3-protocol,outputs/v0_3_direct_api_matrix/submissions/glm__glm_5_turbo__synthetic_high_volatility_c0_v0_3__c0__e1__seed_31__sample_2.json,synthetic_high_volatility_c0_v0_3,glm,glm-5-turbo,glm-5-turbo (api-pinned-2026-07-06),C0,E1,31,2,stress-only;direct-api;live-provider;redacted-prompt,0.051512,-0.006929,7.51089,outputs/v0_3_direct_api_matrix/provider_manifests/glm__glm_5_turbo__synthetic_high_volatility_c0_v0_3__c0__e1__seed_31__sample_2.json,sha256:3062bc6f6df697cdc4ad3479cde735cececf29c71bff4c0665297cb12bb27285,direct-api,glm-5-turbo,api-pinned-2026-07-06,valid,true,
trellm-v0.3-protocol,outputs/v0_3_direct_api_matrix/submissions/glm__glm_5_turbo__synthetic_high_volatility_c0_v0_3__c0__e1__seed_37__sample_0.json,synthetic_high_volatility_c0_v0_3,glm,glm-5-turbo,glm-5-turbo (api-pinned-2026-07-06),C0,E1,37,0,stress-only;direct-api;live-provider;redacted-prompt,0.180236,-0.002326,20.195039,outputs/v0_3_direct_api_matrix/provider_manifests/glm__glm_5_turbo__synthetic_high_volatility_c0_v0_3__c0__e1__seed_37__sample_0.json,sha256:0b5473f923f7ff2c3025cf1188ca7f8bee5d58cf8861bb259406af0c4016bdc9,direct-api,glm-5-turbo,api-pinned-2026-07-06,valid,true,
trellm-v0.3-protocol,outputs/v0_3_direct_api_matrix/submissions/glm__glm_5_turbo__synthetic_high_volatility_c0_v0_3__c0__e1__seed_37__sample_1.json,synthetic_high_volatility_c0_v0_3,glm,glm-5-turbo,glm-5-turbo (api-pinned-2026-07-06),C0,E1,37,1,stress-only;direct-api;live-provider;redacted-prompt,0.116521,-0.002101,17.096955,outputs/v0_3_direct_api_matrix/provider_manifests/glm__glm_5_turbo__synthetic_high_volatility_c0_v0_3__c0__e1__seed_37__sample_1.json,sha256:4cb309bee41956dcbb0da6add4de889a18aaac23a0a433fe7f1779f615548f61,direct-api,glm-5-turbo,api-pinned-2026-07-06,valid,true,
trellm-v0.3-protocol,outputs/v0_3_direct_api_matrix/submissions/glm__glm_5_turbo__synthetic_high_volatility_c0_v0_3__c0__e1__seed_37__sample_2.json,synthetic_high_volatility_c0_v0_3,glm,glm-5-turbo,glm-5-turbo (api-pinned-2026-07-06),C0,E1,37,2,stress-only;direct-api;live-provider;redacted-prompt,0.306445,-0.001147,21.392913,outputs/v0_3_direct_api_matrix/provider_manifests/glm__glm_5_turbo__synthetic_high_volatility_c0_v0_3__c0__e1__seed_37__sample_2.json,sha256:94b81b2c6251f73928a6d54fa45da8876995a5032b8793dc49b6d61ea4c9817e,direct-api,glm-5-turbo,api-pinned-2026-07-06,valid,true,
trellm-v0.3-protocol,outputs/v0_3_direct_api_matrix/submissions/glm__glm_5_turbo__synthetic_high_volatility_c0_v0_3__c0__e1__seed_41__sample_0.json,synthetic_high_volatility_c0_v0_3,glm,glm-5-turbo,glm-5-turbo (api-pinned-2026-07-06),C0,E1,41,0,stress-only;direct-api;live-provider;redacted-prompt,0.016448,-0.013936,2.731424,outputs/v0_3_direct_api_matrix/provider_manifests/glm__glm_5_turbo__synthetic_high_volatility_c0_v0_3__c0__e1__seed_41__sample_0.json,sha256:c66efc7ca9bfe205325100cdf19208daa373f7ae8dd373497b8dd259ce6f1fcf,direct-api,glm-5-turbo,api-pinned-2026-07-06,valid,true,
trellm-v0.3-protocol,outputs/v0_3_direct_api_matrix/submissions/glm__glm_5_turbo__synthetic_high_volatility_c0_v0_3__c0__e1__seed_41__sample_1.json,synthetic_high_volatility_c0_v0_3,glm,glm-5-turbo,glm-5-turbo (api-pinned-2026-07-06),C0,E1,41,1,stress-only;direct-api;live-provider;redacted-prompt,0.025159,-0.017143,3.545748,outputs/v0_3_direct_api_matrix/provider_manifests/glm__glm_5_turbo__synthetic_high_volatility_c0_v0_3__c0__e1__seed_41__sample_1.json,sha256:f176900a4b53576c1b628130f20b8446c90d7011c02041bb0e3754ae0d6e5792,direct-api,glm-5-turbo,api-pinned-2026-07-06,valid,true,
trellm-v0.3-protocol,outputs/v0_3_direct_api_matrix/submissions/glm__glm_5_turbo__synthetic_high_volatility_c0_v0_3__c0__e1__seed_41__sample_2.json,synthetic_high_volatility_c0_v0_3,glm,glm-5-turbo,glm-5-turbo (api-pinned-2026-07-06),C0,E1,41,2,stress-only;direct-api;live-provider;redacted-prompt,0.021683,-0.020476,3.051367,outputs/v0_3_direct_api_matrix/provider_manifests/glm__glm_5_turbo__synthetic_high_volatility_c0_v0_3__c0__e1__seed_41__sample_2.json,sha256:35b974de0de43ffbfda3365a2ec04ee85fb892c951e0a7a7b19430f0f8d8c8f3,direct-api,glm-5-turbo,api-pinned-2026-07-06,valid,true,
trellm-v0.3-protocol,outputs/v0_3_direct_api_matrix/submissions/glm__glm_5_turbo__synthetic_high_volatility_c0_v0_3__c0__e1__seed_43__sample_0.json,synthetic_high_volatility_c0_v0_3,glm,glm-5-turbo,glm-5-turbo (api-pinned-2026-07-06),C0,E1,43,0,stress-only;direct-api;live-provider;redacted-prompt,0.071794,-0.009221,10.379984,outputs/v0_3_direct_api_matrix/provider_manifests/glm__glm_5_turbo__synthetic_high_volatility_c0_v0_3__c0__e1__seed_43__sample_0.json,sha256:aea48389800cf93092cb6f4b7b92a2e18d925c08da92f81584e8d415d70f812e,direct-api,glm-5-turbo,api-pinned-2026-07-06,valid,true,
trellm-v0.3-protocol,outputs/v0_3_direct_api_matrix/submissions/glm__glm_5_turbo__synthetic_high_volatility_c0_v0_3__c0__e1__seed_43__sample_1.json,synthetic_high_volatility_c0_v0_3,glm,glm-5-turbo,glm-5-turbo (api-pinned-2026-07-06),C0,E1,43,1,stress-only;direct-api;live-provider;redacted-prompt,0.132795,-0.006195,13.641916,outputs/v0_3_direct_api_matrix/provider_manifests/glm__glm_5_turbo__synthetic_high_volatility_c0_v0_3__c0__e1__seed_43__sample_1.json,sha256:de7110fe85db378e3530a14d2771fd77c073d3da7737980afb0af5c43a6988c3,direct-api,glm-5-turbo,api-pinned-2026-07-06,valid,true,
trellm-v0.3-protocol,outputs/v0_3_direct_api_matrix/submissions/glm__glm_5_turbo__synthetic_high_volatility_c0_v0_3__c0__e1__seed_43__sample_2.json,synthetic_high_volatility_c0_v0_3,glm,glm-5-turbo,glm-5-turbo (api-pinned-2026-07-06),C0,E1,43,2,stress-only;direct-api;live-provider;redacted-prompt,0.072328,-0.009221,10.424582,outputs/v0_3_direct_api_matrix/provider_manifests/glm__glm_5_turbo__synthetic_high_volatility_c0_v0_3__c0__e1__seed_43__sample_2.json,sha256:17993f467daa93498616f237a75aefd5347fb9f47b1c1a075aac25d1a60cdcb6,direct-api,glm-5-turbo,api-pinned-2026-07-06,valid,true,
trellm-v0.3-protocol,outputs/v0_3_direct_api_matrix/submissions/glm__glm_5_turbo__synthetic_high_volatility_c0_v0_3__c0__e1__seed_47__sample_0.json,synthetic_high_volatility_c0_v0_3,glm,glm-5-turbo,glm-5-turbo (api-pinned-2026-07-06),C0,E1,47,0,stress-only;direct-api;live-provider;redacted-prompt,0.048839,-0.005748,10.010259,outputs/v0_3_direct_api_matrix/provider_manifests/glm__glm_5_turbo__synthetic_high_volatility_c0_v0_3__c0__e1__seed_47__sample_0.json,sha256:c74b03ce67268b23d25cd1c6dc029f08262fdbc5d546402c686ebd0a7efef2a5,direct-api,glm-5-turbo,api-pinned-2026-07-06,valid,true,
trellm-v0.3-protocol,outputs/v0_3_direct_api_matrix/submissions/glm__glm_5_turbo__synthetic_high_volatility_c0_v0_3__c0__e1__seed_47__sample_1.json,synthetic_high_volatility_c0_v0_3,glm,glm-5-turbo,glm-5-turbo (api-pinned-2026-07-06),C0,E1,47,1,stress-only;direct-api;live-provider;redacted-prompt,0.172467,-0.01429,11.578233,outputs/v0_3_direct_api_matrix/provider_manifests/glm__glm_5_turbo__synthetic_high_volatility_c0_v0_3__c0__e1__seed_47__sample_1.json,sha256:e913c165197c1b5f9ea932c21823556ccf096726b5e8f58c40170dd53f2ed130,direct-api,glm-5-turbo,api-pinned-2026-07-06,valid,true,
trellm-v0.3-protocol,outputs/v0_3_direct_api_matrix/submissions/glm__glm_5_turbo__synthetic_high_volatility_c0_v0_3__c0__e1__seed_47__sample_2.json,synthetic_high_volatility_c0_v0_3,glm,glm-5-turbo,glm-5-turbo (api-pinned-2026-07-06),C0,E1,47,2,stress-only;direct-api;live-provider;redacted-prompt,0.172437,-0.01429,11.563096,outputs/v0_3_direct_api_matrix/provider_manifests/glm__glm_5_turbo__synthetic_high_volatility_c0_v0_3__c0__e1__seed_47__sample_2.json,sha256:1b35085fa2a8a52bb272c580d012cb0e79330298dfa3773eab3c39eb3b2e38ea,direct-api,glm-5-turbo,api-pinned-2026-07-06,valid,true,
trellm-v0.3-protocol,outputs/v0_3_direct_api_matrix/submissions/glm__glm_5_turbo__synthetic_high_volatility_c0_v0_3__c0__e1__seed_53__sample_0.json,synthetic_high_volatility_c0_v0_3,glm,glm-5-turbo,glm-5-turbo (api-pinned-2026-07-06),C0,E1,53,0,stress-only;direct-api;live-provider;redacted-prompt,0.103594,-0.022002,8.33076,outputs/v0_3_direct_api_matrix/provider_manifests/glm__glm_5_turbo__synthetic_high_volatility_c0_v0_3__c0__e1__seed_53__sample_0.json,sha256:1a4430c1f58d8753f1c128262a061a9bf7d550b1cb9536f40334711844b8a037,direct-api,glm-5-turbo,api-pinned-2026-07-06,valid,true,
trellm-v0.3-protocol,outputs/v0_3_direct_api_matrix/submissions/glm__glm_5_turbo__synthetic_high_volatility_c0_v0_3__c0__e1__seed_53__sample_1.json,synthetic_high_volatility_c0_v0_3,glm,glm-5-turbo,glm-5-turbo (api-pinned-2026-07-06),C0,E1,53,1,stress-only;direct-api;live-provider;redacted-prompt,0.061773,-0.012941,8.393504,outputs/v0_3_direct_api_matrix/provider_manifests/glm__glm_5_turbo__synthetic_high_volatility_c0_v0_3__c0__e1__seed_53__sample_1.json,sha256:9f35d1989bce7a901cd6ed222d4c7f3d378c3d22c9af24bdac51dbc89883c2ae,direct-api,glm-5-turbo,api-pinned-2026-07-06,valid,true,
trellm-v0.3-protocol,outputs/v0_3_direct_api_matrix/submissions/glm__glm_5_turbo__synthetic_high_volatility_c0_v0_3__c0__e1__seed_53__sample_2.json,synthetic_high_volatility_c0_v0_3,glm,glm-5-turbo,glm-5-turbo (api-pinned-2026-07-06),C0,E1,53,2,stress-only;direct-api;live-provider;redacted-prompt,0.089656,-0.023134,7.641886,outputs/v0_3_direct_api_matrix/provider_manifests/glm__glm_5_turbo__synthetic_high_volatility_c0_v0_3__c0__e1__seed_53__sample_2.json,sha256:a0af70513c6ffbb54ed954bd81531f2714eb842b37102927976c7f6034b0e7ed,direct-api,glm-5-turbo,api-pinned-2026-07-06,valid,true,
trellm-v0.3-protocol,outputs/v0_3_direct_api_matrix/submissions/glm__glm_5_turbo__synthetic_high_volatility_c0_v0_3__c0__e1__seed_7__sample_0.json,synthetic_high_volatility_c0_v0_3,glm,glm-5-turbo,glm-5-turbo (api-pinned-2026-07-06),C0,E1,7,0,stress-only;direct-api;live-provider;redacted-prompt,0.042723,-0.005691,8.976606,outputs/v0_3_direct_api_matrix/provider_manifests/glm__glm_5_turbo__synthetic_high_volatility_c0_v0_3__c0__e1__seed_7__sample_0.json,sha256:4ec587b791750a446da0706a7b946f7e91668c3216aeae1a1bf434f526a782e4,direct-api,glm-5-turbo,api-pinned-2026-07-06,valid,true,
trellm-v0.3-protocol,outputs/v0_3_direct_api_matrix/submissions/glm__glm_5_turbo__synthetic_high_volatility_c0_v0_3__c0__e1__seed_7__sample_1.json,synthetic_high_volatility_c0_v0_3,glm,glm-5-turbo,glm-5-turbo (api-pinned-2026-07-06),C0,E1,7,1,stress-only;direct-api;live-provider;redacted-prompt,0.034598,-0.00461,7.899484,outputs/v0_3_direct_api_matrix/provider_manifests/glm__glm_5_turbo__synthetic_high_volatility_c0_v0_3__c0__e1__seed_7__sample_1.json,sha256:c73d96bdf248039a324378341cca51627bc827f946d2758d04e875a9aab0f09a,direct-api,glm-5-turbo,api-pinned-2026-07-06,valid,true,
trellm-v0.3-protocol,outputs/v0_3_direct_api_matrix/submissions/glm__glm_5_turbo__synthetic_high_volatility_c0_v0_3__c0__e1__seed_7__sample_2.json,synthetic_high_volatility_c0_v0_3,glm,glm-5-turbo,glm-5-turbo (api-pinned-2026-07-06),C0,E1,7,2,stress-only;direct-api;live-provider;redacted-prompt,0.039636,-0.005584,7.873691,outputs/v0_3_direct_api_matrix/provider_manifests/glm__glm_5_turbo__synthetic_high_volatility_c0_v0_3__c0__e1__seed_7__sample_2.json,sha256:1e768636982d390e61506e1e55f1433d8d7b4601c23e34ebb2b4aa4cceb19431,direct-api,glm-5-turbo,api-pinned-2026-07-06,valid,true,
trellm-v0.3-protocol,outputs/v0_3_direct_api_matrix/submissions/glm__glm_5_turbo__synthetic_jump_tail_c0_v0_3__c0__e0__seed_11__sample_0.json,synthetic_jump_tail_c0_v0_3,glm,glm-5-turbo,glm-5-turbo (api-pinned-2026-07-06),C0,E0,11,0,stress-only;direct-api;live-provider;redacted-prompt,0.084153,-0.005416,8.463303,outputs/v0_3_direct_api_matrix/provider_manifests/glm__glm_5_turbo__synthetic_jump_tail_c0_v0_3__c0__e0__seed_11__sample_0.json,sha256:ff65312a02f5a5676ed332ee016215c9d1cee6c63cef58cc96f8d8aa9ad8cb1b,direct-api,glm-5-turbo,api-pinned-2026-07-06,valid,true,
trellm-v0.3-protocol,outputs/v0_3_direct_api_matrix/submissions/glm__glm_5_turbo__synthetic_jump_tail_c0_v0_3__c0__e0__seed_11__sample_1.json,synthetic_jump_tail_c0_v0_3,glm,glm-5-turbo,glm-5-turbo (api-pinned-2026-07-06),C0,E0,11,1,stress-only;direct-api;live-provider;redacted-prompt,0.112094,-0.007323,8.039641,outputs/v0_3_direct_api_matrix/provider_manifests/glm__glm_5_turbo__synthetic_jump_tail_c0_v0_3__c0__e0__seed_11__sample_1.json,sha256:715ca3d5ffb9071360723c80d2f11ddfd41ffbbcc66da3c9f3c795d78ea940e3,direct-api,glm-5-turbo,api-pinned-2026-07-06,valid,true,
trellm-v0.3-protocol,outputs/v0_3_direct_api_matrix/submissions/glm__glm_5_turbo__synthetic_jump_tail_c0_v0_3__c0__e0__seed_11__sample_2.json,synthetic_jump_tail_c0_v0_3,glm,glm-5-turbo,glm-5-turbo (api-pinned-2026-07-06),C0,E0,11,2,stress-only;direct-api;live-provider;redacted-prompt,0.115279,-0.007323,8.247798,outputs/v0_3_direct_api_matrix/provider_manifests/glm__glm_5_turbo__synthetic_jump_tail_c0_v0_3__c0__e0__seed_11__sample_2.json,sha256:635190a43b4454cddd0597151c80e4764455603a089f4134ef9a004ec933208b,direct-api,glm-5-turbo,api-pinned-2026-07-06,valid,true,
trellm-v0.3-protocol,outputs/v0_3_direct_api_matrix/submissions/glm__glm_5_turbo__synthetic_jump_tail_c0_v0_3__c0__e0__seed_17__sample_0.json,synthetic_jump_tail_c0_v0_3,glm,glm-5-turbo,glm-5-turbo (api-pinned-2026-07-06),C0,E0,17,0,stress-only;direct-api;live-provider;redacted-prompt,-0.007458,-0.015711,-1.429373,outputs/v0_3_direct_api_matrix/provider_manifests/glm__glm_5_turbo__synthetic_jump_tail_c0_v0_3__c0__e0__seed_17__sample_0.json,sha256:41e3b5881eed0c07bb9a32d90a97b1aabf6a9af2a679ecec0ba6eea351db4bfd,direct-api,glm-5-turbo,api-pinned-2026-07-06,valid,true,
trellm-v0.3-protocol,outputs/v0_3_direct_api_matrix/submissions/glm__glm_5_turbo__synthetic_jump_tail_c0_v0_3__c0__e0__seed_17__sample_1.json,synthetic_jump_tail_c0_v0_3,glm,glm-5-turbo,glm-5-turbo (api-pinned-2026-07-06),C0,E0,17,1,stress-only;direct-api;live-provider;redacted-prompt,0.221659,-0.027604,9.174251,outputs/v0_3_direct_api_matrix/provider_manifests/glm__glm_5_turbo__synthetic_jump_tail_c0_v0_3__c0__e0__seed_17__sample_1.json,sha256:bc36ac57e8dbaf4e516b4428a0232e952573c9f737cde2f3cde3c70755322177,direct-api,glm-5-turbo,api-pinned-2026-07-06,valid,true,
trellm-v0.3-protocol,outputs/v0_3_direct_api_matrix/submissions/glm__glm_5_turbo__synthetic_jump_tail_c0_v0_3__c0__e0__seed_17__sample_2.json,synthetic_jump_tail_c0_v0_3,glm,glm-5-turbo,glm-5-turbo (api-pinned-2026-07-06),C0,E0,17,2,stress-only;direct-api;live-provider;redacted-prompt,0.263451,-0.043162,8.778579,outputs/v0_3_direct_api_matrix/provider_manifests/glm__glm_5_turbo__synthetic_jump_tail_c0_v0_3__c0__e0__seed_17__sample_2.json,sha256:aba98d72cc0fcd274e1967d51eec5bad994a0bb1b813ae982400133da363db7c,direct-api,glm-5-turbo,api-pinned-2026-07-06,valid,true,
trellm-v0.3-protocol,outputs/v0_3_direct_api_matrix/submissions/glm__glm_5_turbo__synthetic_jump_tail_c0_v0_3__c0__e0__seed_23__sample_0.json,synthetic_jump_tail_c0_v0_3,glm,glm-5-turbo,glm-5-turbo (api-pinned-2026-07-06),C0,E0,23,0,stress-only;direct-api;live-provider;redacted-prompt,0.199461,-0.049651,7.450383,outputs/v0_3_direct_api_matrix/provider_manifests/glm__glm_5_turbo__synthetic_jump_tail_c0_v0_3__c0__e0__seed_23__sample_0.json,sha256:150099d3ee31c1edcdce21cfa5575c4abe888ade7f06f6da55a49caad1d7a083,direct-api,glm-5-turbo,api-pinned-2026-07-06,valid,true,
trellm-v0.3-protocol,outputs/v0_3_direct_api_matrix/submissions/glm__glm_5_turbo__synthetic_jump_tail_c0_v0_3__c0__e0__seed_23__sample_1.json,synthetic_jump_tail_c0_v0_3,glm,glm-5-turbo,glm-5-turbo (api-pinned-2026-07-06),C0,E0,23,1,stress-only;direct-api;live-provider;redacted-prompt,0.153809,-0.049656,5.794601,outputs/v0_3_direct_api_matrix/provider_manifests/glm__glm_5_turbo__synthetic_jump_tail_c0_v0_3__c0__e0__seed_23__sample_1.json,sha256:8a980cec52a142a04f43a20b438838cf14ccf0a8009b86d85345d4d77951897c,direct-api,glm-5-turbo,api-pinned-2026-07-06,valid,true,
trellm-v0.3-protocol,outputs/v0_3_direct_api_matrix/submissions/glm__glm_5_turbo__synthetic_jump_tail_c0_v0_3__c0__e0__seed_23__sample_2.json,synthetic_jump_tail_c0_v0_3,glm,glm-5-turbo,glm-5-turbo (api-pinned-2026-07-06),C0,E0,23,2,stress-only;direct-api;live-provider;redacted-prompt,0.166425,-0.032492,7.90689,outputs/v0_3_direct_api_matrix/provider_manifests/glm__glm_5_turbo__synthetic_jump_tail_c0_v0_3__c0__e0__seed_23__sample_2.json,sha256:abcc9ab5e8864fd212404fccaf74a49876f50e60f626f9c32d1989bb6d8ec53f,direct-api,glm-5-turbo,api-pinned-2026-07-06,valid,true,
trellm-v0.3-protocol,outputs/v0_3_direct_api_matrix/submissions/glm__glm_5_turbo__synthetic_jump_tail_c0_v0_3__c0__e0__seed_31__sample_0.json,synthetic_jump_tail_c0_v0_3,glm,glm-5-turbo,glm-5-turbo (api-pinned-2026-07-06),C0,E0,31,0,stress-only;direct-api;live-provider;redacted-prompt,0.279729,-0.000568,11.505075,outputs/v0_3_direct_api_matrix/provider_manifests/glm__glm_5_turbo__synthetic_jump_tail_c0_v0_3__c0__e0__seed_31__sample_0.json,sha256:4d8dbc8e47bc726a30578b9cd8ca25359ab6a66bff577fc34dbd856a4843f407,direct-api,glm-5-turbo,api-pinned-2026-07-06,valid,true,
trellm-v0.3-protocol,outputs/v0_3_direct_api_matrix/submissions/glm__glm_5_turbo__synthetic_jump_tail_c0_v0_3__c0__e0__seed_31__sample_1.json,synthetic_jump_tail_c0_v0_3,glm,glm-5-turbo,glm-5-turbo (api-pinned-2026-07-06),C0,E0,31,1,stress-only;direct-api;live-provider;redacted-prompt,0.279729,-0.000568,11.505075,outputs/v0_3_direct_api_matrix/provider_manifests/glm__glm_5_turbo__synthetic_jump_tail_c0_v0_3__c0__e0__seed_31__sample_1.json,sha256:3b3527c45a7912bb988de21870de1c2eec3f631716dbd6e393b27389bce76314,direct-api,glm-5-turbo,api-pinned-2026-07-06,valid,true,
trellm-v0.3-protocol,outputs/v0_3_direct_api_matrix/submissions/glm__glm_5_turbo__synthetic_jump_tail_c0_v0_3__c0__e0__seed_31__sample_2.json,synthetic_jump_tail_c0_v0_3,glm,glm-5-turbo,glm-5-turbo (api-pinned-2026-07-06),C0,E0,31,2,stress-only;direct-api;live-provider;redacted-prompt,0.279729,-0.000568,11.505075,outputs/v0_3_direct_api_matrix/provider_manifests/glm__glm_5_turbo__synthetic_jump_tail_c0_v0_3__c0__e0__seed_31__sample_2.json,sha256:5dcc6f184c19a7d5dbdaac6467814a5d2d29d723e0e0e36a9ca7f18ef650c512,direct-api,glm-5-turbo,api-pinned-2026-07-06,valid,true,
trellm-v0.3-protocol,outputs/v0_3_direct_api_matrix/submissions/glm__glm_5_turbo__synthetic_jump_tail_c0_v0_3__c0__e0__seed_37__sample_0.json,synthetic_jump_tail_c0_v0_3,glm,glm-5-turbo,glm-5-turbo (api-pinned-2026-07-06),C0,E0,37,0,stress-only;direct-api;live-provider;redacted-prompt,0.037982,-0.027402,3.059869,outputs/v0_3_direct_api_matrix/provider_manifests/glm__glm_5_turbo__synthetic_jump_tail_c0_v0_3__c0__e0__seed_37__sample_0.json,sha256:008d7d44e901e00834416165f7ceb8ec369f9508d81fc22268361ff47ef371f9,direct-api,glm-5-turbo,api-pinned-2026-07-06,valid,true,
trellm-v0.3-protocol,outputs/v0_3_direct_api_matrix/submissions/glm__glm_5_turbo__synthetic_jump_tail_c0_v0_3__c0__e0__seed_37__sample_1.json,synthetic_jump_tail_c0_v0_3,glm,glm-5-turbo,glm-5-turbo (api-pinned-2026-07-06),C0,E0,37,1,stress-only;direct-api;live-provider;redacted-prompt,0.088092,-0.056062,3.90935,outputs/v0_3_direct_api_matrix/provider_manifests/glm__glm_5_turbo__synthetic_jump_tail_c0_v0_3__c0__e0__seed_37__sample_1.json,sha256:6dd91e0e31985cb7d46f7e698f665a4719d61587118d88bea31e1a04d3163e10,direct-api,glm-5-turbo,api-pinned-2026-07-06,valid,true,
trellm-v0.3-protocol,outputs/v0_3_direct_api_matrix/submissions/glm__glm_5_turbo__synthetic_jump_tail_c0_v0_3__c0__e0__seed_37__sample_2.json,synthetic_jump_tail_c0_v0_3,glm,glm-5-turbo,glm-5-turbo (api-pinned-2026-07-06),C0,E0,37,2,stress-only;direct-api;live-provider;redacted-prompt,0.04364,-0.023543,3.5443,outputs/v0_3_direct_api_matrix/provider_manifests/glm__glm_5_turbo__synthetic_jump_tail_c0_v0_3__c0__e0__seed_37__sample_2.json,sha256:ff957680f276ca43ef59faf5a7d4b41c22361fb06e013391dae636c74e4fdc24,direct-api,glm-5-turbo,api-pinned-2026-07-06,valid,true,
trellm-v0.3-protocol,outputs/v0_3_direct_api_matrix/submissions/glm__glm_5_turbo__synthetic_jump_tail_c0_v0_3__c0__e0__seed_41__sample_0.json,synthetic_jump_tail_c0_v0_3,glm,glm-5-turbo,glm-5-turbo (api-pinned-2026-07-06),C0,E0,41,0,stress-only;direct-api;live-provider;redacted-prompt,-0.027923,-0.044086,-2.535447,outputs/v0_3_direct_api_matrix/provider_manifests/glm__glm_5_turbo__synthetic_jump_tail_c0_v0_3__c0__e0__seed_41__sample_0.json,sha256:dc31262f47128d4ad8b1011d7ea28f3cd5466490c44d644fb48c2bc1edb8eac3,direct-api,glm-5-turbo,api-pinned-2026-07-06,valid,true,
trellm-v0.3-protocol,outputs/v0_3_direct_api_matrix/submissions/glm__glm_5_turbo__synthetic_jump_tail_c0_v0_3__c0__e0__seed_41__sample_1.json,synthetic_jump_tail_c0_v0_3,glm,glm-5-turbo,glm-5-turbo (api-pinned-2026-07-06),C0,E0,41,1,stress-only;direct-api;live-provider;redacted-prompt,-0.027923,-0.044086,-2.535447,outputs/v0_3_direct_api_matrix/provider_manifests/glm__glm_5_turbo__synthetic_jump_tail_c0_v0_3__c0__e0__seed_41__sample_1.json,sha256:332710c1f259955b168812b9914872b992b9b78b9bd09da5345927eb2701d2f9,direct-api,glm-5-turbo,api-pinned-2026-07-06,valid,true,
trellm-v0.3-protocol,outputs/v0_3_direct_api_matrix/submissions/glm__glm_5_turbo__synthetic_jump_tail_c0_v0_3__c0__e0__seed_41__sample_2.json,synthetic_jump_tail_c0_v0_3,glm,glm-5-turbo,glm-5-turbo (api-pinned-2026-07-06),C0,E0,41,2,stress-only;direct-api;live-provider;redacted-prompt,-0.054881,-0.070557,-3.396939,outputs/v0_3_direct_api_matrix/provider_manifests/glm__glm_5_turbo__synthetic_jump_tail_c0_v0_3__c0__e0__seed_41__sample_2.json,sha256:26d0830790a23afc088358a1a8cab65fbb22f16997ce52e0e2a55747b3bd6656,direct-api,glm-5-turbo,api-pinned-2026-07-06,valid,true,
trellm-v0.3-protocol,outputs/v0_3_direct_api_matrix/submissions/glm__glm_5_turbo__synthetic_jump_tail_c0_v0_3__c0__e0__seed_43__sample_0.json,synthetic_jump_tail_c0_v0_3,glm,glm-5-turbo,glm-5-turbo (api-pinned-2026-07-06),C0,E0,43,0,stress-only;direct-api;live-provider;redacted-prompt,0.123349,-0.028805,5.718498,outputs/v0_3_direct_api_matrix/provider_manifests/glm__glm_5_turbo__synthetic_jump_tail_c0_v0_3__c0__e0__seed_43__sample_0.json,sha256:983a81468f582ccb6f14717473c2a00c41775e89cde30eb1cb7ee57e06b9d65b,direct-api,glm-5-turbo,api-pinned-2026-07-06,valid,true,
trellm-v0.3-protocol,outputs/v0_3_direct_api_matrix/submissions/glm__glm_5_turbo__synthetic_jump_tail_c0_v0_3__c0__e0__seed_43__sample_1.json,synthetic_jump_tail_c0_v0_3,glm,glm-5-turbo,glm-5-turbo (api-pinned-2026-07-06),C0,E0,43,1,stress-only;direct-api;live-provider;redacted-prompt,0.027603,-0.038745,1.31339,outputs/v0_3_direct_api_matrix/provider_manifests/glm__glm_5_turbo__synthetic_jump_tail_c0_v0_3__c0__e0__seed_43__sample_1.json,sha256:cd4639fc00e32b94b97e391b83d643cfe25bbe53899eaf0483fad0e1d5312e32,direct-api,glm-5-turbo,api-pinned-2026-07-06,valid,true,
trellm-v0.3-protocol,outputs/v0_3_direct_api_matrix/submissions/glm__glm_5_turbo__synthetic_jump_tail_c0_v0_3__c0__e0__seed_43__sample_2.json,synthetic_jump_tail_c0_v0_3,glm,glm-5-turbo,glm-5-turbo (api-pinned-2026-07-06),C0,E0,43,2,stress-only;direct-api;live-provider;redacted-prompt,0.032885,-0.038774,1.575941,outputs/v0_3_direct_api_matrix/provider_manifests/glm__glm_5_turbo__synthetic_jump_tail_c0_v0_3__c0__e0__seed_43__sample_2.json,sha256:6e89bb7ed41c9f28216bba12d7c500317875d7e02481ffb5def66ce5e6521d19,direct-api,glm-5-turbo,api-pinned-2026-07-06,valid,true,
trellm-v0.3-protocol,outputs/v0_3_direct_api_matrix/submissions/glm__glm_5_turbo__synthetic_jump_tail_c0_v0_3__c0__e0__seed_47__sample_0.json,synthetic_jump_tail_c0_v0_3,glm,glm-5-turbo,glm-5-turbo (api-pinned-2026-07-06),C0,E0,47,0,stress-only;direct-api;live-provider;redacted-prompt,0.084436,-0.021787,5.409927,outputs/v0_3_direct_api_matrix/provider_manifests/glm__glm_5_turbo__synthetic_jump_tail_c0_v0_3__c0__e0__seed_47__sample_0.json,sha256:899a1732b1dfa39600f8aaa579390ebac11f8460e304b3937b4b10715e44d86d,direct-api,glm-5-turbo,api-pinned-2026-07-06,valid,true,
trellm-v0.3-protocol,outputs/v0_3_direct_api_matrix/submissions/glm__glm_5_turbo__synthetic_jump_tail_c0_v0_3__c0__e0__seed_47__sample_1.json,synthetic_jump_tail_c0_v0_3,glm,glm-5-turbo,glm-5-turbo (api-pinned-2026-07-06),C0,E0,47,1,stress-only;direct-api;live-provider;redacted-prompt,0.100735,-0.021437,6.310611,outputs/v0_3_direct_api_matrix/provider_manifests/glm__glm_5_turbo__synthetic_jump_tail_c0_v0_3__c0__e0__seed_47__sample_1.json,sha256:67caf00d3d7478ef1fd13853ccea41ea80ed62b95ee1b5761b55593bafcb2712,direct-api,glm-5-turbo,api-pinned-2026-07-06,valid,true,
trellm-v0.3-protocol,outputs/v0_3_direct_api_matrix/submissions/glm__glm_5_turbo__synthetic_jump_tail_c0_v0_3__c0__e0__seed_47__sample_2.json,synthetic_jump_tail_c0_v0_3,glm,glm-5-turbo,glm-5-turbo (api-pinned-2026-07-06),C0,E0,47,2,stress-only;direct-api;live-provider;redacted-prompt,0.040621,-0.010201,5.977165,outputs/v0_3_direct_api_matrix/provider_manifests/glm__glm_5_turbo__synthetic_jump_tail_c0_v0_3__c0__e0__seed_47__sample_2.json,sha256:6f3c2f24a46e9aaf1b80ca5b4b6d8ee658b3a95c7051bdc0d39e050565bd3065,direct-api,glm-5-turbo,api-pinned-2026-07-06,valid,true,
trellm-v0.3-protocol,outputs/v0_3_direct_api_matrix/submissions/glm__glm_5_turbo__synthetic_jump_tail_c0_v0_3__c0__e0__seed_53__sample_0.json,synthetic_jump_tail_c0_v0_3,glm,glm-5-turbo,glm-5-turbo (api-pinned-2026-07-06),C0,E0,53,0,stress-only;direct-api;live-provider;redacted-prompt,0.149811,-0.006913,7.34839,outputs/v0_3_direct_api_matrix/provider_manifests/glm__glm_5_turbo__synthetic_jump_tail_c0_v0_3__c0__e0__seed_53__sample_0.json,sha256:c430a9ef0c7da857c5d1f2ecfb4ad6e8fd0c6a5de3c9f3826e619117ec3f7b2d,direct-api,glm-5-turbo,api-pinned-2026-07-06,valid,true,
trellm-v0.3-protocol,outputs/v0_3_direct_api_matrix/submissions/glm__glm_5_turbo__synthetic_jump_tail_c0_v0_3__c0__e0__seed_53__sample_1.json,synthetic_jump_tail_c0_v0_3,glm,glm-5-turbo,glm-5-turbo (api-pinned-2026-07-06),C0,E0,53,1,stress-only;direct-api;live-provider;redacted-prompt,0.14433,-0.006913,7.079628,outputs/v0_3_direct_api_matrix/provider_manifests/glm__glm_5_turbo__synthetic_jump_tail_c0_v0_3__c0__e0__seed_53__sample_1.json,sha256:f2ec42a0cf019ff4a6586f717b8f35f8683bc1a9ea432ad41e989b8b4f755383,direct-api,glm-5-turbo,api-pinned-2026-07-06,valid,true,
trellm-v0.3-protocol,outputs/v0_3_direct_api_matrix/submissions/glm__glm_5_turbo__synthetic_jump_tail_c0_v0_3__c0__e0__seed_53__sample_2.json,synthetic_jump_tail_c0_v0_3,glm,glm-5-turbo,glm-5-turbo (api-pinned-2026-07-06),C0,E0,53,2,stress-only;direct-api;live-provider;redacted-prompt,0.14433,-0.006913,7.079628,outputs/v0_3_direct_api_matrix/provider_manifests/glm__glm_5_turbo__synthetic_jump_tail_c0_v0_3__c0__e0__seed_53__sample_2.json,sha256:f475bce250ae53bebb889ef6b19f502e00246d312405b54edac8fdc72ab0ba8f,direct-api,glm-5-turbo,api-pinned-2026-07-06,valid,true,
trellm-v0.3-protocol,outputs/v0_3_direct_api_matrix/submissions/glm__glm_5_turbo__synthetic_jump_tail_c0_v0_3__c0__e0__seed_7__sample_0.json,synthetic_jump_tail_c0_v0_3,glm,glm-5-turbo,glm-5-turbo (api-pinned-2026-07-06),C0,E0,7,0,stress-only;direct-api;live-provider;redacted-prompt,0.092086,-0.021653,6.985765,outputs/v0_3_direct_api_matrix/provider_manifests/glm__glm_5_turbo__synthetic_jump_tail_c0_v0_3__c0__e0__seed_7__sample_0.json,sha256:bfc1094800c54d44407d8c7e196c9fb1fcce678f65d202a63341847eca3e5862,direct-api,glm-5-turbo,api-pinned-2026-07-06,valid,true,
trellm-v0.3-protocol,outputs/v0_3_direct_api_matrix/submissions/glm__glm_5_turbo__synthetic_jump_tail_c0_v0_3__c0__e0__seed_7__sample_1.json,synthetic_jump_tail_c0_v0_3,glm,glm-5-turbo,glm-5-turbo (api-pinned-2026-07-06),C0,E0,7,1,stress-only;direct-api;live-provider;redacted-prompt,0.046815,-0.012907,5.941468,outputs/v0_3_direct_api_matrix/provider_manifests/glm__glm_5_turbo__synthetic_jump_tail_c0_v0_3__c0__e0__seed_7__sample_1.json,sha256:9fff4ed6018465f6086a0afd7f29588f1fa0bf16e047642d3ccb4f90014217ef,direct-api,glm-5-turbo,api-pinned-2026-07-06,valid,true,
trellm-v0.3-protocol,outputs/v0_3_direct_api_matrix/submissions/glm__glm_5_turbo__synthetic_jump_tail_c0_v0_3__c0__e0__seed_7__sample_2.json,synthetic_jump_tail_c0_v0_3,glm,glm-5-turbo,glm-5-turbo (api-pinned-2026-07-06),C0,E0,7,2,stress-only;direct-api;live-provider;redacted-prompt,0.108785,-0.019096,8.977285,outputs/v0_3_direct_api_matrix/provider_manifests/glm__glm_5_turbo__synthetic_jump_tail_c0_v0_3__c0__e0__seed_7__sample_2.json,sha256:ecff43d04eba350c96c37c1e4fc8cee23be7d1b5927ac1a162fe4f5dc5d9a993,direct-api,glm-5-turbo,api-pinned-2026-07-06,valid,true,
trellm-v0.3-protocol,outputs/v0_3_direct_api_matrix/submissions/glm__glm_5_turbo__synthetic_jump_tail_c0_v0_3__c0__e1__seed_11__sample_0.json,synthetic_jump_tail_c0_v0_3,glm,glm-5-turbo,glm-5-turbo (api-pinned-2026-07-06),C0,E1,11,0,stress-only;direct-api;live-provider;redacted-prompt,0.138511,-0.00455,12.628124,outputs/v0_3_direct_api_matrix/provider_manifests/glm__glm_5_turbo__synthetic_jump_tail_c0_v0_3__c0__e1__seed_11__sample_0.json,sha256:a19e026966c4335b4341cf800711be206cb850ff0b4159c85326c357ccc68279,direct-api,glm-5-turbo,api-pinned-2026-07-06,valid,true,
trellm-v0.3-protocol,outputs/v0_3_direct_api_matrix/submissions/glm__glm_5_turbo__synthetic_jump_tail_c0_v0_3__c0__e1__seed_11__sample_1.json,synthetic_jump_tail_c0_v0_3,glm,glm-5-turbo,glm-5-turbo (api-pinned-2026-07-06),C0,E1,11,1,stress-only;direct-api;live-provider;redacted-prompt,0.037291,-0.019836,4.08812,outputs/v0_3_direct_api_matrix/provider_manifests/glm__glm_5_turbo__synthetic_jump_tail_c0_v0_3__c0__e1__seed_11__sample_1.json,sha256:538b8a55980125b1975f2b4ebf29e6348be6e7f950c6c258d326f4794faa1b49,direct-api,glm-5-turbo,api-pinned-2026-07-06,valid,true,
trellm-v0.3-protocol,outputs/v0_3_direct_api_matrix/submissions/glm__glm_5_turbo__synthetic_jump_tail_c0_v0_3__c0__e1__seed_11__sample_2.json,synthetic_jump_tail_c0_v0_3,glm,glm-5-turbo,glm-5-turbo (api-pinned-2026-07-06),C0,E1,11,2,stress-only;direct-api;live-provider;redacted-prompt,0.136997,-0.00455,12.683377,outputs/v0_3_direct_api_matrix/provider_manifests/glm__glm_5_turbo__synthetic_jump_tail_c0_v0_3__c0__e1__seed_11__sample_2.json,sha256:e7eac1a82e9bfaf6a8a37029187d9003ebd9717131b458091c473e2e0fce2480,direct-api,glm-5-turbo,api-pinned-2026-07-06,valid,true,
trellm-v0.3-protocol,outputs/v0_3_direct_api_matrix/submissions/glm__glm_5_turbo__synthetic_jump_tail_c0_v0_3__c0__e1__seed_17__sample_0.json,synthetic_jump_tail_c0_v0_3,glm,glm-5-turbo,glm-5-turbo (api-pinned-2026-07-06),C0,E1,17,0,stress-only;direct-api;live-provider;redacted-prompt,0.119044,-0.026897,7.206994,outputs/v0_3_direct_api_matrix/provider_manifests/glm__glm_5_turbo__synthetic_jump_tail_c0_v0_3__c0__e1__seed_17__sample_0.json,sha256:e531a794634fd77f5e271dac12e6aee537a51f01c0b05d1f846f5bb920773816,direct-api,glm-5-turbo,api-pinned-2026-07-06,valid,true,
trellm-v0.3-protocol,outputs/v0_3_direct_api_matrix/submissions/glm__glm_5_turbo__synthetic_jump_tail_c0_v0_3__c0__e1__seed_17__sample_1.json,synthetic_jump_tail_c0_v0_3,glm,glm-5-turbo,glm-5-turbo (api-pinned-2026-07-06),C0,E1,17,1,stress-only;direct-api;live-provider;redacted-prompt,0.027221,-0.007186,5.291255,outputs/v0_3_direct_api_matrix/provider_manifests/glm__glm_5_turbo__synthetic_jump_tail_c0_v0_3__c0__e1__seed_17__sample_1.json,sha256:0e52946df95f7568c92466cbfebfdcb2045d0c62bcc9e9f8a127765f0dfb7d2f,direct-api,glm-5-turbo,api-pinned-2026-07-06,valid,true,
trellm-v0.3-protocol,outputs/v0_3_direct_api_matrix/submissions/glm__glm_5_turbo__synthetic_jump_tail_c0_v0_3__c0__e1__seed_17__sample_2.json,synthetic_jump_tail_c0_v0_3,glm,glm-5-turbo,glm-5-turbo (api-pinned-2026-07-06),C0,E1,17,2,stress-only;direct-api;live-provider;redacted-prompt,0.075956,-0.045219,3.608151,outputs/v0_3_direct_api_matrix/provider_manifests/glm__glm_5_turbo__synthetic_jump_tail_c0_v0_3__c0__e1__seed_17__sample_2.json,sha256:dde21c1e2852dc12ded208605da3a3be13a7700583457be6b1a194efbf9ac7f3,direct-api,glm-5-turbo,api-pinned-2026-07-06,valid,true,
trellm-v0.3-protocol,outputs/v0_3_direct_api_matrix/submissions/glm__glm_5_turbo__synthetic_jump_tail_c0_v0_3__c0__e1__seed_23__sample_0.json,synthetic_jump_tail_c0_v0_3,glm,glm-5-turbo,glm-5-turbo (api-pinned-2026-07-06),C0,E1,23,0,stress-only;direct-api;live-provider;redacted-prompt,0.098014,-0.072723,3.347377,outputs/v0_3_direct_api_matrix/provider_manifests/glm__glm_5_turbo__synthetic_jump_tail_c0_v0_3__c0__e1__seed_23__sample_0.json,sha256:f504c6a035ec7e0e538afb01aaf04973158dfaa8b3e4ca5f3cae89c091720824,direct-api,glm-5-turbo,api-pinned-2026-07-06,valid,true,
trellm-v0.3-protocol,outputs/v0_3_direct_api_matrix/submissions/glm__glm_5_turbo__synthetic_jump_tail_c0_v0_3__c0__e1__seed_23__sample_1.json,synthetic_jump_tail_c0_v0_3,glm,glm-5-turbo,glm-5-turbo (api-pinned-2026-07-06),C0,E1,23,1,stress-only;direct-api;live-provider;redacted-prompt,0.194766,-0.055746,6.822352,outputs/v0_3_direct_api_matrix/provider_manifests/glm__glm_5_turbo__synthetic_jump_tail_c0_v0_3__c0__e1__seed_23__sample_1.json,sha256:fb7873eb0f873fdcdb88463e3abe77e9a31f6723759492d99816ae49d164f6e8,direct-api,glm-5-turbo,api-pinned-2026-07-06,valid,true,
trellm-v0.3-protocol,outputs/v0_3_direct_api_matrix/submissions/glm__glm_5_turbo__synthetic_jump_tail_c0_v0_3__c0__e1__seed_23__sample_2.json,synthetic_jump_tail_c0_v0_3,glm,glm-5-turbo,glm-5-turbo (api-pinned-2026-07-06),C0,E1,23,2,stress-only;direct-api;live-provider;redacted-prompt,0.166236,-0.061366,5.865375,outputs/v0_3_direct_api_matrix/provider_manifests/glm__glm_5_turbo__synthetic_jump_tail_c0_v0_3__c0__e1__seed_23__sample_2.json,sha256:ca560d728e85faa45e334d024d5453833e5e7b1a9232ce3d1cb91936f8ccb82b,direct-api,glm-5-turbo,api-pinned-2026-07-06,valid,true,
trellm-v0.3-protocol,outputs/v0_3_direct_api_matrix/submissions/glm__glm_5_turbo__synthetic_jump_tail_c0_v0_3__c0__e1__seed_31__sample_0.json,synthetic_jump_tail_c0_v0_3,glm,glm-5-turbo,glm-5-turbo (api-pinned-2026-07-06),C0,E1,31,0,stress-only;direct-api;live-provider;redacted-prompt,0.24717,-0.002474,10.502299,outputs/v0_3_direct_api_matrix/provider_manifests/glm__glm_5_turbo__synthetic_jump_tail_c0_v0_3__c0__e1__seed_31__sample_0.json,sha256:19be6a875fd56a77785789e87841c4089b321e2fe7fd1ed843e2bc09cd16e299,direct-api,glm-5-turbo,api-pinned-2026-07-06,valid,true,
trellm-v0.3-protocol,outputs/v0_3_direct_api_matrix/submissions/glm__glm_5_turbo__synthetic_jump_tail_c0_v0_3__c0__e1__seed_31__sample_1.json,synthetic_jump_tail_c0_v0_3,glm,glm-5-turbo,glm-5-turbo (api-pinned-2026-07-06),C0,E1,31,1,stress-only;direct-api;live-provider;redacted-prompt,0.24411,-0.002474,10.369557,outputs/v0_3_direct_api_matrix/provider_manifests/glm__glm_5_turbo__synthetic_jump_tail_c0_v0_3__c0__e1__seed_31__sample_1.json,sha256:2c57237f68d24b0f9fefcb825702e07111323acd23b669683a8918f7e25a06ea,direct-api,glm-5-turbo,api-pinned-2026-07-06,valid,true,
trellm-v0.3-protocol,outputs/v0_3_direct_api_matrix/submissions/glm__glm_5_turbo__synthetic_jump_tail_c0_v0_3__c0__e1__seed_31__sample_2.json,synthetic_jump_tail_c0_v0_3,glm,glm-5-turbo,glm-5-turbo (api-pinned-2026-07-06),C0,E1,31,2,stress-only;direct-api;live-provider;redacted-prompt,0.247362,-0.002474,10.502749,outputs/v0_3_direct_api_matrix/provider_manifests/glm__glm_5_turbo__synthetic_jump_tail_c0_v0_3__c0__e1__seed_31__sample_2.json,sha256:9c295b29ba76e38339ae9502a3b096c6e2003725435ef776f51a5771dde4dab4,direct-api,glm-5-turbo,api-pinned-2026-07-06,valid,true,
trellm-v0.3-protocol,outputs/v0_3_direct_api_matrix/submissions/glm__glm_5_turbo__synthetic_jump_tail_c0_v0_3__c0__e1__seed_37__sample_0.json,synthetic_jump_tail_c0_v0_3,glm,glm-5-turbo,glm-5-turbo (api-pinned-2026-07-06),C0,E1,37,0,stress-only;direct-api;live-provider;redacted-prompt,0.157672,-0.036669,5.898868,outputs/v0_3_direct_api_matrix/provider_manifests/glm__glm_5_turbo__synthetic_jump_tail_c0_v0_3__c0__e1__seed_37__sample_0.json,sha256:b412925ee6849bd3c88341d6f3a5a76ecdd6a77853003584935e5da567d4cd4a,direct-api,glm-5-turbo,api-pinned-2026-07-06,valid,true,
trellm-v0.3-protocol,outputs/v0_3_direct_api_matrix/submissions/glm__glm_5_turbo__synthetic_jump_tail_c0_v0_3__c0__e1__seed_37__sample_1.json,synthetic_jump_tail_c0_v0_3,glm,glm-5-turbo,glm-5-turbo (api-pinned-2026-07-06),C0,E1,37,1,stress-only;direct-api;live-provider;redacted-prompt,0.15046,-0.039116,5.583079,outputs/v0_3_direct_api_matrix/provider_manifests/glm__glm_5_turbo__synthetic_jump_tail_c0_v0_3__c0__e1__seed_37__sample_1.json,sha256:bb06ebbb451652ddfe72c08dd72ee9581c9c3c64c0c64aeb85b6c5d8083e9dc9,direct-api,glm-5-turbo,api-pinned-2026-07-06,valid,true,
trellm-v0.3-protocol,outputs/v0_3_direct_api_matrix/submissions/glm__glm_5_turbo__synthetic_jump_tail_c0_v0_3__c0__e1__seed_37__sample_2.json,synthetic_jump_tail_c0_v0_3,glm,glm-5-turbo,glm-5-turbo (api-pinned-2026-07-06),C0,E1,37,2,stress-only;direct-api;live-provider;redacted-prompt,0.152601,-0.039116,5.66153,outputs/v0_3_direct_api_matrix/provider_manifests/glm__glm_5_turbo__synthetic_jump_tail_c0_v0_3__c0__e1__seed_37__sample_2.json,sha256:013dbed45d28972f0ed6e5b62685298404d41203d812f620ce7993728e8f3084,direct-api,glm-5-turbo,api-pinned-2026-07-06,valid,true,
trellm-v0.3-protocol,outputs/v0_3_direct_api_matrix/submissions/glm__glm_5_turbo__synthetic_jump_tail_c0_v0_3__c0__e1__seed_41__sample_0.json,synthetic_jump_tail_c0_v0_3,glm,glm-5-turbo,glm-5-turbo (api-pinned-2026-07-06),C0,E1,41,0,stress-only;direct-api;live-provider;redacted-prompt,0.085463,-0.015079,7.737442,outputs/v0_3_direct_api_matrix/provider_manifests/glm__glm_5_turbo__synthetic_jump_tail_c0_v0_3__c0__e1__seed_41__sample_0.json,sha256:5e73b8f29dd6383578604c80ef12c2f8c7102657eb292f70e8257ecc952f671f,direct-api,glm-5-turbo,api-pinned-2026-07-06,valid,true,
trellm-v0.3-protocol,outputs/v0_3_direct_api_matrix/submissions/glm__glm_5_turbo__synthetic_jump_tail_c0_v0_3__c0__e1__seed_41__sample_1.json,synthetic_jump_tail_c0_v0_3,glm,glm-5-turbo,glm-5-turbo (api-pinned-2026-07-06),C0,E1,41,1,stress-only;direct-api;live-provider;redacted-prompt,0.02196,-0.063145,1.34797,outputs/v0_3_direct_api_matrix/provider_manifests/glm__glm_5_turbo__synthetic_jump_tail_c0_v0_3__c0__e1__seed_41__sample_1.json,sha256:33b70a2e25da71cf5a6d282a7be40c27ef852f20fdd18d1f5b337c83fe5fbd95,direct-api,glm-5-turbo,api-pinned-2026-07-06,valid,true,
trellm-v0.3-protocol,outputs/v0_3_direct_api_matrix/submissions/glm__glm_5_turbo__synthetic_jump_tail_c0_v0_3__c0__e1__seed_41__sample_2.json,synthetic_jump_tail_c0_v0_3,glm,glm-5-turbo,glm-5-turbo (api-pinned-2026-07-06),C0,E1,41,2,stress-only;direct-api;live-provider;redacted-prompt,-0.002772,-0.063145,-0.088886,outputs/v0_3_direct_api_matrix/provider_manifests/glm__glm_5_turbo__synthetic_jump_tail_c0_v0_3__c0__e1__seed_41__sample_2.json,sha256:946060205c807c4cea3dc4fbeeecb6cede507c65f5dd608de1d9770bcaa22916,direct-api,glm-5-turbo,api-pinned-2026-07-06,valid,true,
trellm-v0.3-protocol,outputs/v0_3_direct_api_matrix/submissions/glm__glm_5_turbo__synthetic_jump_tail_c0_v0_3__c0__e1__seed_43__sample_0.json,synthetic_jump_tail_c0_v0_3,glm,glm-5-turbo,glm-5-turbo (api-pinned-2026-07-06),C0,E1,43,0,stress-only;direct-api;live-provider;redacted-prompt,-0.000554,-0.025214,0.045718,outputs/v0_3_direct_api_matrix/provider_manifests/glm__glm_5_turbo__synthetic_jump_tail_c0_v0_3__c0__e1__seed_43__sample_0.json,sha256:3b2d9dcfc2370cd14ca63f53edddd248c9466da51c16facd36875545acfcceb6,direct-api,glm-5-turbo,api-pinned-2026-07-06,valid,true,
trellm-v0.3-protocol,outputs/v0_3_direct_api_matrix/submissions/glm__glm_5_turbo__synthetic_jump_tail_c0_v0_3__c0__e1__seed_43__sample_1.json,synthetic_jump_tail_c0_v0_3,glm,glm-5-turbo,glm-5-turbo (api-pinned-2026-07-06),C0,E1,43,1,stress-only;direct-api;live-provider;redacted-prompt,0.001459,-0.025721,0.17583,outputs/v0_3_direct_api_matrix/provider_manifests/glm__glm_5_turbo__synthetic_jump_tail_c0_v0_3__c0__e1__seed_43__sample_1.json,sha256:7b86f64fe97e37ebe9e682dd5df1e28ed0df3c4977723b1cdd2505e9f9336ac5,direct-api,glm-5-turbo,api-pinned-2026-07-06,valid,true,
trellm-v0.3-protocol,outputs/v0_3_direct_api_matrix/submissions/glm__glm_5_turbo__synthetic_jump_tail_c0_v0_3__c0__e1__seed_43__sample_2.json,synthetic_jump_tail_c0_v0_3,glm,glm-5-turbo,glm-5-turbo (api-pinned-2026-07-06),C0,E1,43,2,stress-only;direct-api;live-provider;redacted-prompt,0.018822,-0.025551,1.33932,outputs/v0_3_direct_api_matrix/provider_manifests/glm__glm_5_turbo__synthetic_jump_tail_c0_v0_3__c0__e1__seed_43__sample_2.json,sha256:4b1831069c76d454e896fc1454f210e10fbc21edc56bc2b7aee4008e8737fb4a,direct-api,glm-5-turbo,api-pinned-2026-07-06,valid,true,
trellm-v0.3-protocol,outputs/v0_3_direct_api_matrix/submissions/glm__glm_5_turbo__synthetic_jump_tail_c0_v0_3__c0__e1__seed_47__sample_0.json,synthetic_jump_tail_c0_v0_3,glm,glm-5-turbo,glm-5-turbo (api-pinned-2026-07-06),C0,E1,47,0,stress-only;direct-api;live-provider;redacted-prompt,0.104395,-0.03238,6.08878,outputs/v0_3_direct_api_matrix/provider_manifests/glm__glm_5_turbo__synthetic_jump_tail_c0_v0_3__c0__e1__seed_47__sample_0.json,sha256:45c0760477eb8cc2968e2a77f69c55512a559c4f63bda1c5a3b47b478f15de37,direct-api,glm-5-turbo,api-pinned-2026-07-06,valid,true,
trellm-v0.3-protocol,outputs/v0_3_direct_api_matrix/submissions/glm__glm_5_turbo__synthetic_jump_tail_c0_v0_3__c0__e1__seed_47__sample_1.json,synthetic_jump_tail_c0_v0_3,glm,glm-5-turbo,glm-5-turbo (api-pinned-2026-07-06),C0,E1,47,1,stress-only;direct-api;live-provider;redacted-prompt,0.140336,-0.034369,6.937956,outputs/v0_3_direct_api_matrix/provider_manifests/glm__glm_5_turbo__synthetic_jump_tail_c0_v0_3__c0__e1__seed_47__sample_1.json,sha256:a8ad14bb454b7d75ab02b0f25c482dd25b61ee48e18fe0e671d46b1c8e9c509e,direct-api,glm-5-turbo,api-pinned-2026-07-06,valid,true,
trellm-v0.3-protocol,outputs/v0_3_direct_api_matrix/submissions/glm__glm_5_turbo__synthetic_jump_tail_c0_v0_3__c0__e1__seed_47__sample_2.json,synthetic_jump_tail_c0_v0_3,glm,glm-5-turbo,glm-5-turbo (api-pinned-2026-07-06),C0,E1,47,2,stress-only;direct-api;live-provider;redacted-prompt,0.031097,-0.021215,3.484624,outputs/v0_3_direct_api_matrix/provider_manifests/glm__glm_5_turbo__synthetic_jump_tail_c0_v0_3__c0__e1__seed_47__sample_2.json,sha256:425d8ba4bb644cdd51a13a04c8376afdea18f52351b6e9855a995b49cfc07bdd,direct-api,glm-5-turbo,api-pinned-2026-07-06,valid,true,
trellm-v0.3-protocol,outputs/v0_3_direct_api_matrix/submissions/glm__glm_5_turbo__synthetic_jump_tail_c0_v0_3__c0__e1__seed_53__sample_0.json,synthetic_jump_tail_c0_v0_3,glm,glm-5-turbo,glm-5-turbo (api-pinned-2026-07-06),C0,E1,53,0,stress-only;direct-api;live-provider;redacted-prompt,0.14146,-0.006511,7.182068,outputs/v0_3_direct_api_matrix/provider_manifests/glm__glm_5_turbo__synthetic_jump_tail_c0_v0_3__c0__e1__seed_53__sample_0.json,sha256:512eba59dca68cd3e391a49141ab8fcb1d5d0e74d519b7cba4e7f293e13283f4,direct-api,glm-5-turbo,api-pinned-2026-07-06,valid,true,
trellm-v0.3-protocol,outputs/v0_3_direct_api_matrix/submissions/glm__glm_5_turbo__synthetic_jump_tail_c0_v0_3__c0__e1__seed_53__sample_1.json,synthetic_jump_tail_c0_v0_3,glm,glm-5-turbo,glm-5-turbo (api-pinned-2026-07-06),C0,E1,53,1,stress-only;direct-api;live-provider;redacted-prompt,0.14241,-0.006511,7.187779,outputs/v0_3_direct_api_matrix/provider_manifests/glm__glm_5_turbo__synthetic_jump_tail_c0_v0_3__c0__e1__seed_53__sample_1.json,sha256:6dbe8bc62a66d0d7dc44be641c8db5fcebe72168203767d68ed22353f5e42ce1,direct-api,glm-5-turbo,api-pinned-2026-07-06,valid,true,
trellm-v0.3-protocol,outputs/v0_3_direct_api_matrix/submissions/glm__glm_5_turbo__synthetic_jump_tail_c0_v0_3__c0__e1__seed_53__sample_2.json,synthetic_jump_tail_c0_v0_3,glm,glm-5-turbo,glm-5-turbo (api-pinned-2026-07-06),C0,E1,53,2,stress-only;direct-api;live-provider;redacted-prompt,0.25704,-0.010652,10.556453,outputs/v0_3_direct_api_matrix/provider_manifests/glm__glm_5_turbo__synthetic_jump_tail_c0_v0_3__c0__e1__seed_53__sample_2.json,sha256:687a047392c9fd5f7fdf927336e29b4ce0e846e5bb9ccdc59382cf040fe7c137,direct-api,glm-5-turbo,api-pinned-2026-07-06,valid,true,
trellm-v0.3-protocol,outputs/v0_3_direct_api_matrix/submissions/glm__glm_5_turbo__synthetic_jump_tail_c0_v0_3__c0__e1__seed_7__sample_0.json,synthetic_jump_tail_c0_v0_3,glm,glm-5-turbo,glm-5-turbo (api-pinned-2026-07-06),C0,E1,7,0,stress-only;direct-api;live-provider;redacted-prompt,0.175734,-0.020947,9.479814,outputs/v0_3_direct_api_matrix/provider_manifests/glm__glm_5_turbo__synthetic_jump_tail_c0_v0_3__c0__e1__seed_7__sample_0.json,sha256:bebe2b969aa5432f4ad7de655265f0a97c8bfcf4c3fe820e108f22f081009509,direct-api,glm-5-turbo,api-pinned-2026-07-06,valid,true,
trellm-v0.3-protocol,outputs/v0_3_direct_api_matrix/submissions/glm__glm_5_turbo__synthetic_jump_tail_c0_v0_3__c0__e1__seed_7__sample_1.json,synthetic_jump_tail_c0_v0_3,glm,glm-5-turbo,glm-5-turbo (api-pinned-2026-07-06),C0,E1,7,1,stress-only;direct-api;live-provider;redacted-prompt,0.110946,-0.012281,9.356486,outputs/v0_3_direct_api_matrix/provider_manifests/glm__glm_5_turbo__synthetic_jump_tail_c0_v0_3__c0__e1__seed_7__sample_1.json,sha256:c98905114f41596d9503a7f76e21265546e9090ff59b4f586e3da225dd4bed4a,direct-api,glm-5-turbo,api-pinned-2026-07-06,valid,true,
trellm-v0.3-protocol,outputs/v0_3_direct_api_matrix/submissions/glm__glm_5_turbo__synthetic_jump_tail_c0_v0_3__c0__e1__seed_7__sample_2.json,synthetic_jump_tail_c0_v0_3,glm,glm-5-turbo,glm-5-turbo (api-pinned-2026-07-06),C0,E1,7,2,stress-only;direct-api;live-provider;redacted-prompt,0.040984,-0.009879,6.587306,outputs/v0_3_direct_api_matrix/provider_manifests/glm__glm_5_turbo__synthetic_jump_tail_c0_v0_3__c0__e1__seed_7__sample_2.json,sha256:4c6e44ba3096b288e4de8b7de88b015c7669fbb6a7f11e7e7a3a3f9c53c5bd0b,direct-api,glm-5-turbo,api-pinned-2026-07-06,valid,true,
