Date,Open,High,Low,Close,Volume
2021-12-31,47169.371094,48472.527344,45819.953125,46306.445312,36974172400
2022-01-01,46311.746094,47827.312500,46288.484375,47686.812500,24582667004
2022-01-02,47680.925781,47881.406250,46856.937500,47345.218750,27951569547
2022-01-03,47343.542969,47510.726562,45835.964844,46458.117188,33071628362
2022-01-04,46458.851562,47406.546875,45752.464844,45897.574219,42494677905
2022-01-05,45899.359375,46929.046875,42798.222656,43569.003906,36851084859
2022-01-06,43565.511719,43748.718750,42645.539062,43160.929688,30208048289
2022-01-07,43153.570312,43153.570312,41077.445312,41557.902344,84196607520
2022-01-08,41561.464844,42228.941406,40672.277344,41733.941406,28066355845
2022-01-09,41734.726562,42663.949219,41338.160156,41911.601562,21294384372
2022-01-10,41910.230469,42199.484375,39796.570312,41821.261719,32104232331
2022-01-11,41819.507812,43001.156250,41407.753906,42735.855469,26327648900
2022-01-12,42742.179688,44135.367188,42528.988281,43949.101562,33499938689
2022-01-13,43946.742188,44278.421875,42447.042969,42591.570312,47691135082
2022-01-14,42598.871094,43346.687500,41982.617188,43099.699219,23577403399
2022-01-15,43101.898438,43724.671875,42669.035156,43177.398438,18371348298
2022-01-16,43172.039062,43436.808594,42691.023438,43113.878906,17902097845
2022-01-17,43118.121094,43179.390625,41680.320312,42250.550781,21690904261
2022-01-18,42250.074219,42534.402344,41392.214844,42375.632812,22417209227
2022-01-19,42374.039062,42478.304688,41242.914062,41744.328125,23091543258
2022-01-20,41744.027344,43413.023438,40672.824219,40680.417969,20382033940
2022-01-21,40699.605469,41060.527344,35791.425781,36457.316406,43011992031
2022-01-22,36471.589844,36688.812500,34349.250000,35030.250000,39714385405
2022-01-23,35047.359375,36433.312500,34784.968750,36276.804688,26017975951
2022-01-24,36275.734375,37247.519531,33184.058594,36654.328125,41856658597
2022-01-25,36654.804688,37444.570312,35779.429688,36954.003906,26428189594
2022-01-26,36950.515625,38825.410156,36374.906250,36852.121094,31324598034
2022-01-27,36841.878906,37148.324219,35629.281250,37138.234375,25041426629
2022-01-28,37128.445312,37952.878906,36211.109375,37784.332031,22238830523
2022-01-29,37780.714844,38576.261719,37406.472656,38138.179688,17194183075
2022-01-30,38151.917969,38266.339844,37437.710938,37917.601562,14643548444
2022-01-31,37920.281250,38647.261719,36733.574219,38483.125000,20734730465
2022-02-01,38481.765625,39115.132812,38113.664062,38743.273438,20288500328
2022-02-02,38743.714844,38834.617188,36832.730469,36952.984375,19155189416
2022-02-03,36944.804688,37154.601562,36375.539062,37154.601562,18591534769
2022-02-04,37149.265625,41527.785156,37093.628906,41500.875000,29412210792
2022-02-05,41501.480469,41847.164062,41038.097656,41441.164062,19652846215
2022-02-06,41441.121094,42500.785156,41244.906250,42412.433594,16142097334
2022-02-07,42406.781250,44401.863281,41748.156250,43840.285156,28641855926
2022-02-08,43854.652344,45293.867188,42807.835938,44118.445312,33079398868
2022-02-09,44096.703125,44727.800781,43232.968750,44338.796875,23245887300
2022-02-10,44347.800781,45661.171875,43402.808594,43565.113281,32142048537
2022-02-11,43571.128906,43810.832031,42114.539062,42407.937500,26954925781
2022-02-12,42412.300781,42992.550781,41852.574219,42244.468750,18152390304
2022-02-13,42236.566406,42693.054688,41950.941406,42197.515625,14741589015
2022-02-14,42157.398438,42775.777344,41681.957031,42586.917969,20827783012
2022-02-15,42586.464844,44667.218750,42491.035156,44575.203125,22721659051
2022-02-16,44578.277344,44578.277344,43456.691406,43961.859375,19792547657
2022-02-17,43937.070312,44132.972656,40249.371094,40538.011719,26246662813
2022-02-18,40552.132812,40929.152344,39637.617188,40030.976562,23310007704
2022-02-19,40026.023438,40418.878906,39713.058594,40122.156250,13736557863
2022-02-20,40118.101562,40119.890625,38112.812500,38431.378906,18340576452
2022-02-21,38423.210938,39394.437500,36950.476562,37075.281250,29280402798
2022-02-22,37068.769531,38359.855469,36488.933594,38286.027344,25493150450
2022-02-23,38285.281250,39122.394531,37201.816406,37296.570312,21849073843
2022-02-24,37278.566406,38968.839844,34459.218750,38332.609375,46383802093
2022-02-25,38333.746094,39630.324219,38111.343750,39214.218750,26545599159
2022-02-26,39213.082031,40005.347656,38702.535156,39105.148438,17467554129
2022-02-27,39098.699219,39778.941406,37268.976562,37709.785156,23450127612
2022-02-28,37706.000000,43760.457031,37518.214844,43193.234375,35690014104
2022-03-01,43194.503906,44793.601562,42952.585938,44354.636719,32479047645
2022-03-02,44357.617188,45077.578125,43432.851562,43924.117188,29183112630
2022-03-03,43925.195312,44021.578125,41914.750000,42451.789062,24967782593
2022-03-04,42458.140625,42479.613281,38805.847656,39137.605469,28516271427
2022-03-05,39148.449219,39566.335938,38777.035156,39400.585938,16975917450
2022-03-06,39404.199219,39640.175781,38211.648438,38419.984375,19745229902
2022-03-07,38429.304688,39430.226562,37260.203125,38062.039062,28546143503
2022-03-08,38059.902344,39304.441406,37957.386719,38737.269531,25776583476
2022-03-09,38742.816406,42465.671875,38706.093750,41982.925781,32284121034
2022-03-10,41974.070312,42004.726562,38832.941406,39437.460938,31078064711
2022-03-11,39439.968750,40081.679688,38347.433594,38794.972656,26364890465
2022-03-12,38794.464844,39308.597656,38772.535156,38904.011719,14616450657
2022-03-13,38884.726562,39209.351562,37728.144531,37849.664062,17300745310
2022-03-14,37846.316406,39742.500000,37680.734375,39666.753906,24322159070
2022-03-15,39664.250000,39794.628906,38310.210938,39338.785156,23934000868
2022-03-16,39335.570312,41465.453125,39022.347656,41143.929688,39616916192
2022-03-17,41140.843750,41287.535156,40662.871094,40951.378906,22009601093
2022-03-18,40944.839844,42195.746094,40302.398438,41801.156250,34421564942
2022-03-19,41794.648438,42316.554688,41602.667969,42190.652344,19664853187
2022-03-20,42191.406250,42241.164062,41004.757812,41247.824219,20127946682
2022-03-21,41246.132812,41454.410156,40668.042969,41077.996094,24615543271
2022-03-22,41074.105469,43124.707031,40948.281250,42358.808594,32004652376
2022-03-23,42364.378906,42893.507812,41877.507812,42892.957031,25242943069
2022-03-24,42886.652344,44131.855469,42726.164062,43960.933594,31042992291
2022-03-25,43964.546875,44999.492188,43706.285156,44348.730469,30574413034
2022-03-26,44349.859375,44735.996094,44166.273438,44500.828125,16950455995
2022-03-27,44505.355469,46827.546875,44437.292969,46820.492188,28160889722
2022-03-28,46821.851562,48086.835938,46690.203125,47128.003906,36362175703
2022-03-29,47100.437500,48022.289062,47100.437500,47465.730469,31397059069
2022-03-30,47456.898438,47655.148438,46746.210938,47062.664062,29333883962
2022-03-31,47062.148438,47512.027344,45390.539062,45538.675781,33327427106
2022-04-01,45554.164062,46616.242188,44403.140625,46281.644531,38162644287
2022-04-02,46285.500000,47028.281250,45782.511719,45868.949219,29336594194
2022-04-03,45859.128906,47313.476562,45634.105469,46453.566406,25414397610
2022-04-04,46445.273438,46791.089844,45235.816406,46622.675781,32499785455
2022-04-05,46624.507812,47106.140625,45544.808594,45555.992188,29640604055
2022-04-06,45544.355469,45544.355469,43193.953125,43206.738281,39393395788
2022-04-07,43207.500000,43860.699219,42899.906250,43503.847656,26101973106
2022-04-08,43505.136719,43903.019531,42183.289062,42287.664062,27215995394
2022-04-09,42282.078125,42786.816406,42183.253906,42782.136719,16050772496
2022-04-10,42781.089844,43376.378906,42021.207031,42207.671875,17654475582
2022-04-11,42201.039062,42424.589844,39373.058594,39521.902344,33949912166
2022-04-12,39533.714844,40617.585938,39388.328125,40127.183594,30991500854
2022-04-13,40123.570312,41430.054688,39712.746094,41166.730469,27691105228
2022-04-14,41160.218750,41451.480469,39695.746094,39935.515625,24342001973
2022-04-15,39939.402344,40617.722656,39866.832031,40553.464844,21756855753
2022-04-16,40552.316406,40633.679688,40078.425781,40424.484375,16833150693
2022-04-17,40417.777344,40570.726562,39620.894531,39716.953125,19087633042
2022-04-18,39721.203125,40986.320312,38696.191406,40826.214844,33705182072
2022-04-19,40828.175781,41672.960938,40618.632812,41502.750000,25303206547
2022-04-20,41501.746094,42126.300781,40961.097656,41374.378906,27819532341
2022-04-21,41371.515625,42893.582031,40063.828125,40527.363281,35372786395
2022-04-22,40525.863281,40777.757812,39315.417969,39740.320312,28011716745
2022-04-23,39738.722656,39935.859375,39352.203125,39486.730469,16138021249
2022-04-24,39478.375000,39845.925781,39233.539062,39469.292969,17964398167
2022-04-25,39472.605469,40491.753906,38338.378906,40458.308594,35445730570
2022-04-26,40448.421875,40713.890625,37884.984375,38117.460938,34569088416
2022-04-27,38120.300781,39397.917969,37997.312500,39241.121094,30981015184
2022-04-28,39241.429688,40269.464844,38941.421875,39773.828125,33903704907
2022-04-29,39768.617188,39887.269531,38235.535156,38609.824219,30882994649
2022-04-30,38605.859375,38771.210938,37697.941406,37714.875000,23895713731
2022-05-01,37713.265625,38627.859375,37585.789062,38469.093750,27002760110
2022-05-02,38472.187500,39074.972656,38156.562500,38529.328125,32922642426
2022-05-03,38528.109375,38629.996094,37585.621094,37750.453125,27326943244
2022-05-04,37748.011719,39902.949219,37732.058594,39698.371094,36754404490
2022-05-05,39695.746094,39789.281250,35856.515625,36575.140625,43106256317
2022-05-06,36573.183594,36624.359375,35482.132812,36040.921875,37795577489
2022-05-07,36042.503906,36129.925781,34940.824219,35501.953125,24375896406
2022-05-08,35502.941406,35502.941406,33878.964844,34059.265625,36763041910
2022-05-09,34060.015625,34222.074219,30296.953125,30296.953125,63355494961
2022-05-10,30273.654297,32596.308594,29944.802734,31022.906250,59811038817
2022-05-11,31016.183594,32013.402344,28170.414062,28936.355469,70388855818
2022-05-12,28936.734375,30032.439453,26350.490234,29047.751953,66989173272
2022-05-13,29030.910156,30924.802734,28782.330078,29283.103516,42841124537
2022-05-14,29285.642578,30192.802734,28702.910156,30101.265625,28579868620
2022-05-15,30098.585938,31308.191406,29527.740234,31305.113281,25835372065
2022-05-16,31304.375000,31305.341797,29251.884766,29862.917969,32613897286
2022-05-17,29862.408203,30694.490234,29570.302734,30425.857422,29101473475
2022-05-18,30424.478516,30618.716797,28720.271484,28720.271484,31285268319
2022-05-19,28720.359375,30430.751953,28708.955078,30314.333984,33773447707
2022-05-20,30311.119141,30664.976562,28793.605469,29200.740234,30749382605
2022-05-21,29199.859375,29588.869141,29027.394531,29432.226562,17274840442
2022-05-22,29432.472656,30425.861328,29275.183594,30323.722656,21631532270
2022-05-23,30309.396484,30590.585938,28975.560547,29098.910156,31483454557
2022-05-24,29101.125000,29774.355469,28786.589844,29655.585938,26616506245
2022-05-25,29653.134766,30157.785156,29384.949219,29562.361328,27525063551
2022-05-26,29564.777344,29834.160156,28261.906250,29267.224609,36774325352
2022-05-27,29251.140625,29346.943359,28326.613281,28627.574219,36582005748
2022-05-28,28622.625000,28814.900391,28554.566406,28814.900391,35519577634
2022-05-29,29019.867188,29498.009766,28841.107422,29445.957031,18093886409
2022-05-30,29443.365234,31949.630859,29303.572266,31726.390625,39277993274
2022-05-31,31723.865234,32249.863281,31286.154297,31792.310547,33538210634
2022-06-01,31792.554688,31957.285156,29501.587891,29799.080078,41135817341
2022-06-02,29794.890625,30604.734375,29652.705078,30467.488281,29083562061
2022-06-03,30467.806641,30633.035156,29375.689453,29704.390625,26175547452
2022-06-04,29706.138672,29930.564453,29500.005859,29832.914062,16588370958
2022-06-05,29835.117188,30117.744141,29574.449219,29906.662109,17264085441
2022-06-06,29910.283203,31693.291016,29894.187500,31370.671875,31947336829
2022-06-07,31371.742188,31489.683594,29311.683594,31155.478516,40770974039
2022-06-08,31151.480469,31253.691406,29944.404297,30214.355469,30242059107
2022-06-09,30215.279297,30609.310547,30020.265625,30111.998047,21692004719
2022-06-10,30110.330078,30245.808594,28978.146484,29083.804688,29867476527
2022-06-11,29084.666016,29401.916016,28236.212891,28360.810547,27246574439
2022-06-12,28373.513672,28502.685547,26762.648438,26762.648438,34163220274
2022-06-13,26737.578125,26795.589844,22141.257812,22487.388672,68204556440
2022-06-14,22487.986328,23018.951172,20950.818359,22206.792969,50913575242
2022-06-15,22196.730469,22642.671875,20178.376953,22572.839844,54912007015
2022-06-16,22576.304688,22868.921875,20265.226562,20381.650391,31183975654
2022-06-17,20385.718750,21243.312500,20326.519531,20471.482422,27132421514
2022-06-18,20473.425781,20736.041016,17708.623047,19017.642578,42009436760
2022-06-19,19010.902344,20683.822266,18067.152344,20553.271484,35329942625
2022-06-20,20553.371094,20913.322266,19689.169922,20599.537109,30818458597
2022-06-21,20594.294922,21620.628906,20415.062500,20710.597656,28970212744
2022-06-22,20719.414062,20835.750000,19848.078125,19987.029297,28574793478
2022-06-23,19986.607422,21135.761719,19950.117188,21085.876953,26188097173
2022-06-24,21084.648438,21472.917969,20777.511719,21231.656250,24957784918
2022-06-25,21233.609375,21520.914062,20964.585938,21502.337891,18372538715
2022-06-26,21496.494141,21783.724609,21016.269531,21027.294922,18027170497
2022-06-27,21028.238281,21478.089844,20620.199219,20735.478516,20965695707
2022-06-28,20731.544922,21164.423828,20228.812500,20280.634766,21381535161
2022-06-29,20281.169922,20364.156250,19937.791016,20104.023438,23552740328
2022-06-30,20108.312500,20141.160156,18729.656250,19784.726562,26267239923
2022-07-01,19820.470703,20632.671875,19073.708984,19269.367188,30767551159
2022-07-02,19274.835938,19371.748047,19027.082031,19242.255859,18100418740
2022-07-03,19242.095703,19558.269531,18966.951172,19297.076172,16390821947
2022-07-04,19297.314453,20258.748047,19063.066406,20231.261719,21594638208
2022-07-05,20225.353516,20635.466797,19341.232422,20190.115234,26715546990
2022-07-06,20194.619141,20595.529297,19823.511719,20548.246094,24598943708
2022-07-07,20547.814453,21771.816406,20296.103516,21637.587891,25814972520
2022-07-08,21637.154297,22314.941406,21257.453125,21731.117188,49899834488
2022-07-09,21716.828125,21877.138672,21445.957031,21592.207031,29641127858
2022-07-10,21591.080078,21591.080078,20727.123047,20860.449219,28688807249
2022-07-11,20856.353516,20856.353516,19924.539062,19970.556641,24150249025
2022-07-12,19970.474609,20043.445312,19308.531250,19323.914062,25810220018
2022-07-13,19325.972656,20223.052734,18999.953125,20212.074219,33042430345
2022-07-14,20211.466797,20789.894531,19689.257812,20569.919922,31158743333
2022-07-15,20573.156250,21138.244141,20397.000000,20836.328125,25905575359
2022-07-16,20834.103516,21514.404297,20518.898438,21190.316406,24302954056
2022-07-17,21195.041016,21600.640625,20778.179688,20779.343750,22927802083
2022-07-18,20781.912109,22633.033203,20781.912109,22485.689453,39974475562
2022-07-19,22467.849609,23666.962891,21683.406250,23389.433594,48765202697
2022-07-20,23393.191406,24196.818359,23009.949219,23231.732422,42932549127
2022-07-21,23233.201172,23388.322266,22431.148438,23164.628906,33631012204
2022-07-22,23163.751953,23671.927734,22603.416016,22714.978516,31421555646
2022-07-23,22706.984375,22977.210938,22002.910156,22465.478516,24021799169
2022-07-24,22465.509766,22974.001953,22306.839844,22609.164062,23565495303
2022-07-25,22607.156250,22649.121094,21361.642578,21361.701172,35574561406
2022-07-26,21361.121094,21361.121094,20776.816406,21239.753906,28624673855
2022-07-27,21244.169922,22986.529297,21070.806641,22930.548828,31758955233
2022-07-28,22933.640625,24110.470703,22722.265625,23843.886719,40212386158
2022-07-29,23845.212891,24294.787109,23481.173828,23804.632812,35887249746
2022-07-30,23796.818359,24572.580078,23580.507812,23656.207031,28148218301
2022-07-31,23652.070312,24121.642578,23275.703125,23336.896484,23553591896
2022-08-01,23336.718750,23464.787109,22890.796875,23314.199219,25849159141
2022-08-02,23308.433594,23415.041016,22710.083984,22978.117188,28389250717
2022-08-03,22981.302734,23578.650391,22747.835938,22846.507812,26288169966
2022-08-04,22848.214844,23198.009766,22485.701172,22630.957031,25120229769
2022-08-05,22626.833984,23422.828125,22612.177734,23289.314453,28881249043
2022-08-06,23291.423828,23326.562500,22961.279297,22961.279297,15978259885
2022-08-07,22963.505859,23359.009766,22894.556641,23175.890625,15886817043
2022-08-08,23179.527344,24203.689453,23176.546875,23809.486328,28575544847
2022-08-09,23811.484375,23898.615234,22982.000000,23164.318359,23555719219
2022-08-10,23162.898438,24127.414062,22771.519531,23947.642578,32837431722
2022-08-11,23948.345703,24822.628906,23900.996094,23957.529297,37127036580
2022-08-12,23957.203125,24412.566406,23657.265625,24402.818359,27265804688
2022-08-13,24402.187500,24860.050781,24346.115234,24424.068359,22987346289
2022-08-14,24429.056641,24974.914062,24206.259766,24319.333984,22994133555
2022-08-15,24318.316406,25135.589844,23839.775391,24136.972656,35123501685
2022-08-16,24126.136719,24228.416016,23733.500000,23883.291016,27753685646
2022-08-17,23881.316406,24407.058594,23243.353516,23335.998047,30931623076
2022-08-18,23341.039062,23563.832031,23177.601562,23212.738281,23747613147
2022-08-19,23213.312500,23213.312500,20868.847656,20877.552734,40509610260
2022-08-20,20872.841797,21350.806641,20856.730469,21166.060547,27595671000
2022-08-21,21160.392578,21668.845703,21103.197266,21534.121094,23102307723
2022-08-22,21531.462891,21531.462891,20939.183594,21398.908203,31666498758
2022-08-23,21401.044922,21646.203125,20955.138672,21528.087891,31878280659
2022-08-24,21526.455078,21783.076172,21195.005859,21395.019531,31962253368
2022-08-25,21395.458984,21789.636719,21362.441406,21600.904297,31028679593
2022-08-26,21596.085938,21804.908203,20199.482422,20260.019531,42326789564
2022-08-27,20262.480469,20340.775391,19890.523438,20041.738281,30116729776
2022-08-28,20041.035156,20139.054688,19616.814453,19616.814453,24366810591
2022-08-29,19615.154297,20357.462891,19600.785156,20297.994141,32637854078
2022-08-30,20298.611328,20542.644531,19617.640625,19796.808594,34483360283
2022-08-31,19799.582031,20420.990234,19799.582031,20049.763672,33225232872
2022-09-01,20050.498047,20198.390625,19653.968750,20127.140625,30182031010
2022-09-02,20126.072266,20401.568359,19814.765625,19969.771484,29123998928
2022-09-03,19969.718750,20037.009766,19698.355469,19832.087891,23613051457
2022-09-04,19832.470703,19999.689453,19636.816406,19986.712891,25245861652
2022-09-05,19988.789062,20031.160156,19673.046875,19812.371094,28813460025
2022-09-06,19817.724609,20155.269531,18800.171875,18837.667969,43403978910
2022-09-07,18837.683594,19427.171875,18644.466797,19290.324219,35239757134
2022-09-08,19289.941406,19417.351562,19076.714844,19329.833984,32194477850
2022-09-09,19328.140625,21439.410156,19310.962891,21381.152344,48469528171
2022-09-10,21376.912109,21760.275391,21168.722656,21680.539062,36913738894
2022-09-11,21678.542969,21770.552734,21406.945312,21769.255859,34493951963
2022-09-12,21770.148438,22439.181641,21603.896484,22370.449219,50212088965
2022-09-13,22371.480469,22673.820312,20062.669922,20296.707031,51091116622
2022-09-14,20184.554688,20467.201172,19793.396484,20241.089844,37872380889
2022-09-15,20242.289062,20318.166016,19636.734375,19701.210938,36389011503
2022-09-16,19704.005859,19870.628906,19400.076172,19772.583984,30123362273
2022-09-17,19777.033203,20162.531250,19777.033203,20127.576172,24957448100
2022-09-18,20127.234375,20127.234375,19387.492188,19419.505859,31254779144
2022-09-19,19418.572266,19639.480469,18390.318359,19544.128906,40177002624
2022-09-20,19545.591797,19602.457031,18813.455078,18890.789062,36791346508
2022-09-21,18891.283203,19674.630859,18290.314453,18547.400391,46363793975
2022-09-22,18534.650391,19456.910156,18415.591797,19413.550781,41135767926
2022-09-23,19412.400391,19464.671875,18617.552734,19297.638672,38896078052
2022-09-24,19296.990234,19310.197266,18861.974609,18937.011719,26149643168
2022-09-25,18936.310547,19134.732422,18696.468750,18802.097656,23359966112
2022-09-26,18803.900391,19274.873047,18721.285156,19222.671875,44148798321
2022-09-27,19221.839844,20338.455078,18915.667969,19110.546875,58571439619
2022-09-28,19104.621094,19688.343750,18553.296875,19426.720703,53071298734
2022-09-29,19427.779297,19589.265625,18924.353516,19573.050781,41037843771
2022-09-30,19573.431641,20109.849609,19265.662109,19431.789062,43975248085
2022-10-01,19431.105469,19471.154297,19231.082031,19312.095703,18719537670
2022-10-02,19311.849609,19370.308594,18970.621094,19044.107422,20765955327
2022-10-03,19044.068359,19653.542969,19025.226562,19623.580078,30484729489
2022-10-04,19623.583984,20380.343750,19523.839844,20336.843750,35887278685
2022-10-05,20335.900391,20343.748047,19801.800781,20160.716797,33223790572
2022-10-06,20161.039062,20408.392578,19900.087891,19955.443359,34711412966
2022-10-07,19957.558594,20041.085938,19395.792969,19546.849609,29227315390
2022-10-08,19546.328125,19601.695312,19299.414062,19416.568359,16437423167
2022-10-09,19417.478516,19542.539062,19349.259766,19446.425781,16837262532
2022-10-10,19446.416016,19515.466797,19102.978516,19141.484375,27425022774
2022-10-11,19139.000000,19241.960938,18925.603516,19051.417969,28711532910
2022-10-12,19052.646484,19203.199219,19029.757812,19157.445312,24950173846
2022-10-13,19156.966797,19453.328125,18319.822266,19382.904297,44219840004
2022-10-14,19382.533203,19889.146484,19115.408203,19185.656250,38452356727
2022-10-15,19185.437500,19212.541016,19019.250000,19067.634766,16192235532
2022-10-16,19068.914062,19389.603516,19068.914062,19268.093750,17988916650
2022-10-17,19268.562500,19635.802734,19173.333984,19550.757812,27472552998
2022-10-18,19550.466797,19666.994141,19144.769531,19334.416016,30580012344
2022-10-19,19335.027344,19348.416016,19127.687500,19139.535156,22425387184
2022-10-20,19138.085938,19315.199219,18971.458984,19053.740234,24493974420
2022-10-21,19053.203125,19237.384766,18770.970703,19172.468750,32459287866
2022-10-22,19172.380859,19248.068359,19132.244141,19208.189453,16104440957
2022-10-23,19207.734375,19646.652344,19124.197266,19567.007812,22128794335
2022-10-24,19567.769531,19589.125000,19206.324219,19345.572266,30202235805
2022-10-25,19344.964844,20348.412109,19261.447266,20095.857422,47761524910
2022-10-26,20092.236328,20938.134766,20076.117188,20770.441406,58895950537
2022-10-27,20772.802734,20854.044922,20255.373047,20285.835938,49625110402
2022-10-28,20287.957031,20724.980469,20086.068359,20595.351562,43994715910
2022-10-29,20595.103516,20988.394531,20566.484375,20818.476562,40369840645
2022-10-30,20817.982422,20917.005859,20547.462891,20635.603516,31486345556
2022-10-31,20633.695312,20795.320312,20287.458984,20495.773438,45668466815
2022-11-01,20494.898438,20647.289062,20359.845703,20485.273438,39819303159
2022-11-02,20482.958984,20742.810547,20087.134766,20159.503906,55552169483
2022-11-03,20162.689453,20382.095703,20086.240234,20209.988281,43228750179
2022-11-04,20208.769531,21209.560547,20188.019531,21147.230469,64072727950
2022-11-05,21144.832031,21446.886719,21097.634766,21282.691406,37846047609
2022-11-06,21285.056641,21345.376953,20920.191406,20926.486328,35082693210
2022-11-07,20924.621094,21053.246094,20489.972656,20602.816406,53510852236
2022-11-08,20600.671875,20664.607422,17603.544922,18541.271484,118992465607
2022-11-09,18543.761719,18590.458984,15682.692383,15880.780273,102905151606
2022-11-10,15883.158203,18054.312500,15834.018555,17586.771484,83202283721
2022-11-11,17583.251953,17650.943359,16543.482422,17034.292969,55871616488
2022-11-12,17036.875000,17066.675781,16651.775391,16799.185547,29717699419
2022-11-13,16799.722656,16920.765625,16320.634766,16353.365234,27209183682
2022-11-14,16352.028320,17109.324219,15872.941406,16618.199219,49630243054
2022-11-15,16617.484375,17051.962891,16542.550781,16884.613281,36599436183
2022-11-16,16884.341797,16960.294922,16430.111328,16669.439453,33925512989
2022-11-17,16670.425781,16726.439453,16460.683594,16687.517578,27868914022
2022-11-18,16687.912109,16947.058594,16564.611328,16697.777344,26862218609
2022-11-19,16696.220703,16797.876953,16570.410156,16711.546875,16106223492
2022-11-20,16712.919922,16746.779297,16248.692383,16291.832031,21313378652
2022-11-21,16291.223633,16291.223633,15599.046875,15787.284180,37429485518
2022-11-22,15782.300781,16253.047852,15656.606445,16189.769531,30726828760
2022-11-23,16195.588867,16638.193359,16170.502930,16610.707031,32958875628
2022-11-24,16611.636719,16771.474609,16501.767578,16604.464844,26129037414
2022-11-25,16602.269531,16603.316406,16388.404297,16521.841797,18678255976
2022-11-26,16521.576172,16666.863281,16416.228516,16464.281250,18000008764
2022-11-27,16463.882812,16594.406250,16437.025391,16444.626953,20443898509
2022-11-28,16440.222656,16482.933594,16054.530273,16217.322266,27743025156
2022-11-29,16217.639648,16522.257812,16139.396484,16444.982422,23581685468
2022-11-30,16445.476562,17190.937500,16445.476562,17168.566406,29523576583
2022-12-01,17168.001953,17197.498047,16888.388672,16967.132812,22895392882
2022-12-02,16968.683594,17088.660156,16877.880859,17088.660156,19539705127
2022-12-03,17090.097656,17116.041016,16888.140625,16908.236328,16217776704
2022-12-04,16908.169922,17157.767578,16903.439453,17130.486328,16824520830
2022-12-05,17128.894531,17378.152344,16922.431641,16974.826172,22209086834
2022-12-06,16975.238281,17091.863281,16939.921875,17089.503906,19889922369
2022-12-07,17089.505859,17109.376953,16750.558594,16848.126953,19675404389
2022-12-08,16847.349609,17267.916016,16788.783203,17233.474609,20496603770
2022-12-09,17232.148438,17280.546875,17100.835938,17133.152344,20328426366
2022-12-10,17134.220703,17216.826172,17120.683594,17128.724609,12706781969
2022-12-11,17129.710938,17245.634766,17091.820312,17104.193359,14122486832
2022-12-12,17102.500000,17212.564453,16899.394531,17206.437500,19617581341
2022-12-13,17206.441406,17930.085938,17111.763672,17781.318359,26634741631
2022-12-14,17782.066406,18318.531250,17739.513672,17815.650391,25534481470
2022-12-15,17813.644531,17846.744141,17322.589844,17364.865234,20964448341
2022-12-16,17364.546875,17505.525391,16584.701172,16647.484375,24031608960
2022-12-17,16646.982422,16800.589844,16614.029297,16795.091797,14463581825
2022-12-18,16795.609375,16815.386719,16697.820312,16757.976562,10924354698
2022-12-19,16759.041016,16807.527344,16398.136719,16439.679688,17221074814
2022-12-20,16441.787109,17012.984375,16427.867188,16906.304688,22722096615
2022-12-21,16904.527344,16916.800781,16755.912109,16817.535156,14882945045
2022-12-22,16818.380859,16866.673828,16592.408203,16830.341797,16441573050
2022-12-23,16829.644531,16905.218750,16794.458984,16796.953125,15329265213
2022-12-24,16796.976562,16864.703125,16793.527344,16847.755859,9744636213
2022-12-25,16847.505859,16860.554688,16755.253906,16841.986328,11656379938
2022-12-26,16842.250000,16920.123047,16812.369141,16919.804688,11886957804
2022-12-27,16919.291016,16959.845703,16642.072266,16717.173828,15748580239
2022-12-28,16716.400391,16768.169922,16497.556641,16552.572266,17005713920
2022-12-29,16552.322266,16651.755859,16508.683594,16642.341797,14472237479
2022-12-30,16641.330078,16643.427734,16408.474609,16602.585938,15929162910
2022-12-31,16603.673828,16628.986328,16517.519531,16547.496094,11239186456
2023-01-01,16547.914062,16630.439453,16521.234375,16625.080078,9244361700
2023-01-02,16625.509766,16759.343750,16572.228516,16688.470703,12097775227
2023-01-03,16688.847656,16760.447266,16622.371094,16679.857422,13903079207
2023-01-04,16680.205078,16964.585938,16667.763672,16863.238281,18421743322
2023-01-05,16863.472656,16884.021484,16790.283203,16836.736328,13692758566
2023-01-06,16836.472656,16991.994141,16716.421875,16951.968750,14413662913
2023-01-07,16952.117188,16975.017578,16914.191406,16955.078125,7714767174
2023-01-08,16954.146484,17091.144531,16924.050781,17091.144531,9768827914
2023-01-09,17093.992188,17389.957031,17093.992188,17196.554688,18624736866
2023-01-10,17192.949219,17484.720703,17162.990234,17446.292969,15808338949
2023-01-11,17446.359375,17934.896484,17337.994141,17934.896484,18372283782
2023-01-12,18117.593750,19030.087891,17995.203125,18869.587891,34971338710
2023-01-13,18868.906250,19964.322266,18753.164062,19909.574219,29225029694
2023-01-14,19910.537109,21075.142578,19907.828125,20976.298828,38967784639
2023-01-15,20977.484375,20993.748047,20606.986328,20880.798828,19298407543
2023-01-16,20882.224609,21360.875000,20715.746094,21169.632812,26792494050
2023-01-17,21175.833984,21438.660156,20978.533203,21161.519531,24999983362
2023-01-18,21161.050781,21564.501953,20541.544922,20688.781250,30005625418
2023-01-19,20686.746094,21163.011719,20685.380859,21086.792969,21152848261
2023-01-20,21085.373047,22692.357422,20919.126953,22676.552734,28799154319
2023-01-21,22677.427734,23282.347656,22511.833984,22777.625000,32442278429
2023-01-22,22777.986328,23056.730469,22387.900391,22720.416016,24746386230
2023-01-23,22721.087891,23126.486328,22654.304688,22934.431641,26518700512
2023-01-24,22929.626953,23134.011719,22549.744141,22636.468750,26405069715
2023-01-25,22639.267578,23722.099609,22406.076172,23117.859375,30685366709
2023-01-26,23108.955078,23237.078125,22911.373047,23032.777344,26357839322
2023-01-27,23030.716797,23417.720703,22654.593750,23078.728516,25383335641
2023-01-28,23079.964844,23165.896484,22908.845703,23031.089844,14712928379
2023-01-29,23031.449219,23919.890625,22985.070312,23774.566406,27423687259
2023-01-30,23774.648438,23789.347656,22657.582031,22840.138672,27205595568
2023-01-31,22840.796875,23225.021484,22765.568359,23139.283203,22837828665
2023-02-01,23137.835938,23764.539062,22877.750000,23723.769531,26683255504
2023-02-02,23720.824219,24167.210938,23468.595703,23471.871094,32066936882
2023-02-03,23469.412109,23678.103516,23279.955078,23449.322266,27083066007
2023-02-04,23446.320312,23556.949219,23291.794922,23331.847656,15639298538
2023-02-05,23332.248047,23423.435547,22841.759766,22955.666016,19564262605
2023-02-06,22954.021484,23119.279297,22692.025391,22760.109375,23825006542
2023-02-07,22757.267578,23310.974609,22756.257812,23264.291016,27187964471
2023-02-08,23263.416016,23367.958984,22731.097656,22939.398438,25371367758
2023-02-09,22946.566406,22996.437500,21773.974609,21819.039062,32572572185
2023-02-10,21819.005859,21941.185547,21539.392578,21651.183594,27078406594
2023-02-11,21651.841797,21891.410156,21618.449219,21870.875000,16356226232
2023-02-12,21870.902344,22060.994141,21682.828125,21788.203125,17821046406
2023-02-13,21787.000000,21898.414062,21460.087891,21808.101562,23918742607
2023-02-14,21801.822266,22293.140625,21632.394531,22220.804688,26792596581
2023-02-15,22220.585938,24307.841797,22082.769531,24307.841797,32483312909
2023-02-16,24307.349609,25134.117188,23602.523438,23623.474609,39316664596
2023-02-17,23621.283203,24924.041016,23460.755859,24565.601562,41358451255
2023-02-18,24565.296875,24798.835938,24468.373047,24641.277344,19625427158
2023-02-19,24640.027344,25093.054688,24327.642578,24327.642578,25555105670
2023-02-20,24336.623047,25020.458984,23927.910156,24829.148438,28987376573
2023-02-21,24833.048828,25126.851562,24200.363281,24436.353516,31252098714
2023-02-22,24437.417969,24472.339844,23644.318359,24188.843750,30199996781
2023-02-23,24190.718750,24572.089844,23693.919922,23947.492188,30476264066
2023-02-24,23946.007812,24103.705078,23007.072266,23198.126953,26811744928
2023-02-25,23200.125000,23210.210938,22861.558594,23175.375000,16100721565
2023-02-26,23174.150391,23654.367188,23084.220703,23561.212891,16644534842
2023-02-27,23561.451172,23857.890625,23205.878906,23522.871094,22660763494
2023-02-28,23521.837891,23585.384766,23077.650391,23147.353516,20535363434
2023-03-01,23150.929688,23880.632812,23088.626953,23646.550781,24662841200
2023-03-02,23647.019531,23739.138672,23245.021484,23475.466797,20386398516
2023-03-03,23476.632812,23479.347656,22213.238281,22362.679688,26062404610
2023-03-04,22362.923828,22405.177734,22198.980469,22353.349609,11166012913
2023-03-05,22354.144531,22613.685547,22307.142578,22435.513672,13317001733
2023-03-06,22436.816406,22584.292969,22331.314453,22429.757812,17353192895
2023-03-07,22428.322266,22527.417969,22011.261719,22219.769531,22765452204
2023-03-08,22216.441406,22268.896484,21708.050781,21718.080078,22536575684
2023-03-09,21720.080078,21802.716797,20210.306641,20363.021484,30364664171
2023-03-10,20367.001953,20370.595703,19628.253906,20187.244141,39578257695
2023-03-11,20187.876953,20792.525391,20068.660156,20632.410156,30180288176
2023-03-12,20628.029297,22185.031250,20448.806641,22163.949219,29279035521
2023-03-13,22156.406250,24550.837891,21918.199219,24197.533203,49466362688
2023-03-14,24201.765625,26514.716797,24081.183594,24746.074219,54622230164
2023-03-15,24770.925781,25240.615234,23964.910156,24375.960938,43655701450
2023-03-16,24373.457031,25190.326172,24225.111328,25052.789062,33866061747
2023-03-17,25055.123047,27787.812500,24955.169922,27423.929688,50730261335
2023-03-18,27448.117188,27725.953125,26636.261719,26965.878906,35723036817
2023-03-19,26969.503906,28440.560547,26907.716797,28038.675781,37769448859
2023-03-20,28041.601562,28527.724609,27242.880859,27767.236328,44774027664
2023-03-21,27768.392578,28439.562500,27439.646484,28175.816406,36102192830
2023-03-22,28158.720703,28803.335938,26759.996094,27307.437500,33382021890
2023-03-23,27301.957031,28729.843750,27183.363281,28333.972656,24220433689
2023-03-24,28324.111328,28388.437500,27039.265625,27493.285156,25980310960
2023-03-25,27487.337891,27791.826172,27196.234375,27494.707031,13383005987
2023-03-26,27495.523438,28178.144531,27445.046875,27994.330078,13878363192
2023-03-27,27994.068359,28037.925781,26606.689453,27139.888672,18188895178
2023-03-28,27132.888672,27460.718750,26677.818359,27268.130859,17783600385
2023-03-29,27267.031250,28619.542969,27259.662109,28348.441406,20684945906
2023-03-30,28350.140625,29159.902344,27720.160156,28033.562500,22435349951
2023-03-31,28032.261719,28639.896484,27583.714844,28478.484375,19001327598
2023-04-01,28473.332031,28802.457031,28297.171875,28411.035156,10876469901
2023-04-02,28462.845703,28518.958984,27884.087891,28199.308594,12284641999
2023-04-03,28183.080078,28475.623047,27276.720703,27790.220703,19556501327
2023-04-04,27795.273438,28433.742188,27681.304688,28168.089844,15284538859
2023-04-05,28169.726562,28739.238281,27843.763672,28177.984375,17052315986
2023-04-06,28175.226562,28178.384766,27738.759766,28044.140625,13837809380
2023-04-07,28038.966797,28111.593750,27794.031250,27925.859375,10861680497
2023-04-08,27920.513672,28159.863281,27883.386719,27947.794922,9373255556
2023-04-09,27952.367188,28532.830078,27828.480469,28333.050781,12175322951
2023-04-10,28336.027344,29771.464844,28189.271484,29652.980469,19282400094
2023-04-11,29653.679688,30509.083984,29609.300781,30235.058594,20121259843
2023-04-12,30231.582031,30462.480469,29725.574219,30139.052734,18651929926
2023-04-13,29892.740234,30539.845703,29878.623047,30399.066406,17487721001
2023-04-14,30409.562500,31005.607422,30044.498047,30485.699219,22659995079
2023-04-15,30490.750000,30601.740234,30245.882812,30318.496094,11940685378
2023-04-16,30315.976562,30555.537109,30157.832031,30315.355469,12854816417
2023-04-17,30317.146484,30319.197266,29275.371094,29445.044922,17872186762
2023-04-18,29449.091797,30470.302734,29154.849609,30397.552734,19480529496
2023-04-19,30394.187500,30411.054688,28669.898438,28822.679688,24571565421
2023-04-20,28823.683594,29076.400391,28037.257812,28245.988281,21340360360
2023-04-21,28249.230469,28349.968750,27177.365234,27276.910156,20759504330
2023-04-22,27265.894531,27872.142578,27169.570312,27817.500000,13125734602
2023-04-23,27816.144531,27820.244141,27400.314453,27591.384766,12785446832
2023-04-24,27591.730469,27979.982422,27070.849609,27525.339844,17703288330
2023-04-25,27514.873047,28371.078125,27207.931641,28307.597656,17733373139
2023-04-26,28300.058594,29995.837891,27324.548828,28422.701172,31854242019
2023-04-27,28428.464844,29871.546875,28402.886719,29473.787109,27153445027
2023-04-28,29481.013672,29572.791016,28929.609375,29340.261719,17544464887
2023-04-29,29336.566406,29452.455078,29088.042969,29248.488281,10662634333
2023-04-30,29245.515625,29952.029297,29114.021484,29268.806641,14652199272
2023-05-01,29227.103516,29329.935547,27680.792969,28091.568359,18655599976
2023-05-02,28087.175781,28881.298828,27924.123047,28680.537109,16432924527
2023-05-03,28680.494141,29259.533203,28178.388672,29006.308594,19122972518
2023-05-04,29031.304688,29353.185547,28694.039062,28847.710938,15548678514
2023-05-05,28851.480469,29668.908203,28845.509766,29534.384766,17936566518
2023-05-06,29538.859375,29820.126953,28468.966797,28904.623047,15913866714
2023-05-07,28901.623047,29157.517578,28441.367188,28454.978516,11301355486
2023-05-08,28450.457031,28663.271484,27310.134766,27694.273438,19122903752
2023-05-09,27695.068359,27821.400391,27375.601562,27658.775391,14128593256
2023-05-10,27654.636719,28322.687500,26883.669922,27621.755859,20656025026
2023-05-11,27621.085938,27621.941406,26781.826172,27000.789062,16724343943
2023-05-12,26987.662109,27055.646484,25878.429688,26804.990234,19313599897
2023-05-13,26807.769531,27030.482422,26710.873047,26784.078125,9999171605
2023-05-14,26788.974609,27150.976562,26661.355469,26930.638672,10014858959
2023-05-15,26931.384766,27646.347656,26766.097656,27192.693359,14413231792
2023-05-16,27171.513672,27299.304688,26878.947266,27036.650391,12732238816
2023-05-17,27035.470703,27465.927734,26600.144531,27398.802734,15140006925
2023-05-18,27401.650391,27466.527344,26415.101562,26832.208984,15222938600
2023-05-19,26826.753906,27128.619141,26700.210938,26890.128906,11258983301
2023-05-20,26888.841797,27155.158203,26843.277344,27129.585938,7044911360
2023-05-21,27118.423828,27265.917969,26706.921875,26753.826172,8647416921
2023-05-22,26749.892578,27045.734375,26549.734375,26851.277344,11056770492
2023-05-23,26855.960938,27434.683594,26816.179688,27225.726562,13697203143
2023-05-24,27224.603516,27224.603516,26106.576172,26334.818359,16299104428
2023-05-25,26329.460938,26591.519531,25890.593750,26476.207031,13851122697
2023-05-26,26474.181641,26916.669922,26343.949219,26719.291016,12711619225
2023-05-27,26720.181641,26888.882812,26621.140625,26868.353516,7892015141
2023-05-28,26871.158203,28193.449219,26802.751953,28085.646484,14545229578
2023-05-29,28075.591797,28432.039062,27563.876953,27745.884766,15181308984
2023-05-30,27745.123047,28044.759766,27588.501953,27702.349609,13251081851
2023-05-31,27700.529297,27831.677734,26866.453125,27219.658203,15656371534
2023-06-01,27218.412109,27346.105469,26671.720703,26819.972656,14678970415
2023-06-02,26824.556641,27303.861328,26574.644531,27249.589844,14837415000
2023-06-03,27252.324219,27317.052734,26958.003906,27075.128906,8385597470
2023-06-04,27075.123047,27407.019531,26968.224609,27119.066406,9360912318
2023-06-05,27123.109375,27129.982422,25445.167969,25760.097656,21513292646
2023-06-06,25732.109375,27313.820312,25434.867188,27238.783203,21929670693
2023-06-07,27235.650391,27332.181641,26146.988281,26345.998047,19530045082
2023-06-08,26347.654297,26797.513672,26246.664062,26508.216797,11904824295
2023-06-09,26505.923828,26770.289062,26339.314453,26480.375000,11015551640
2023-06-10,26481.761719,26531.044922,25501.835938,25851.240234,19872933189
2023-06-11,25854.031250,26203.439453,25668.986328,25940.167969,10732609603
2023-06-12,25934.285156,26087.919922,25675.197266,25902.500000,11677889997
2023-06-13,25902.941406,26376.351562,25728.365234,25918.728516,14143474486
2023-06-14,25920.257812,26041.800781,24902.152344,25124.675781,14265717766
2023-06-15,25121.673828,25735.308594,24797.167969,25576.394531,15837384409
2023-06-16,25575.283203,26463.173828,25245.357422,26327.462891,16324646965
2023-06-17,26328.679688,26769.394531,26174.492188,26510.675781,11090276850
2023-06-18,26510.457031,26675.925781,26325.890625,26336.212891,9565695129
2023-06-19,26335.441406,26984.611328,26312.832031,26851.029297,12826986222
2023-06-20,26841.664062,28388.968750,26668.791016,28327.488281,22211859147
2023-06-21,28311.310547,30737.330078,28283.410156,30027.296875,33346760979
2023-06-22,29995.935547,30495.998047,29679.158203,29912.281250,20653160491
2023-06-23,29896.382812,31389.539062,29845.214844,30695.468750,24115570085
2023-06-24,30708.738281,30804.148438,30290.146484,30548.695312,12147822496
2023-06-25,30545.150391,31041.271484,30327.943359,30480.261719,12703464114
2023-06-26,30480.523438,30636.029297,29955.744141,30271.130859,16493186997
2023-06-27,30274.320312,31006.787109,30236.650391,30688.164062,16428827944
2023-06-28,30696.560547,30703.279297,29921.822266,30086.246094,14571500779
2023-06-29,30086.187500,30796.250000,30057.203125,30445.351562,13180860821
2023-06-30,30441.353516,31256.863281,29600.275391,30477.251953,26387306197
2023-07-01,30471.847656,30641.289062,30328.865234,30590.078125,9086606733
2023-07-02,30587.269531,30766.140625,30264.019531,30620.769531,10533418042
2023-07-03,30624.515625,31375.613281,30586.513672,31156.439453,15271884873
2023-07-04,31156.865234,31325.197266,30659.355469,30777.582031,12810828427
2023-07-05,30778.724609,30877.330078,30225.613281,30514.166016,12481622280
2023-07-06,30507.150391,31460.052734,29892.226562,29909.337891,21129219509
2023-07-07,29907.998047,30434.644531,29777.285156,30342.265625,13384770155
2023-07-08,30346.921875,30374.437500,30080.160156,30292.541016,7509378699
2023-07-09,30291.611328,30427.589844,30085.591797,30171.234375,7903327692
2023-07-10,30172.423828,31026.083984,29985.394531,30414.470703,14828209155
2023-07-11,30417.632812,30788.314453,30358.097656,30620.951172,12151839152
2023-07-12,30622.246094,30959.964844,30228.835938,30391.646484,14805659717
2023-07-13,30387.488281,31814.515625,30268.351562,31476.048828,23686079548
2023-07-14,31474.720703,31582.253906,29966.386719,30334.068359,20917902660
2023-07-15,30331.783203,30407.781250,30263.462891,30295.806641,8011667756
2023-07-16,30297.472656,30437.560547,30089.669922,30249.132812,8516564470
2023-07-17,30249.626953,30336.400391,29685.783203,30145.888672,13240156074
2023-07-18,30147.070312,30233.656250,29556.427734,29856.562500,13138897269
2023-07-19,29862.046875,30184.181641,29794.269531,29913.923828,12128602812
2023-07-20,29915.250000,30195.531250,29638.095703,29792.015625,14655207121
2023-07-21,29805.111328,30045.998047,29733.851562,29908.744141,10972789818
2023-07-22,29908.697266,29991.615234,29664.121094,29771.802734,7873300598
2023-07-23,29790.111328,30330.640625,29741.527344,30084.539062,9220145050
2023-07-24,30081.662109,30093.394531,28934.294922,29176.916016,15395817395
2023-07-25,29178.970703,29353.160156,29062.433594,29227.390625,10266772793
2023-07-26,29225.759766,29675.552734,29113.912109,29354.972656,13497554655
2023-07-27,29353.798828,29560.966797,29099.351562,29210.689453,10770779217
2023-07-28,29212.164062,29521.513672,29125.845703,29319.246094,11218474952
2023-07-29,29319.445312,29396.843750,29264.166016,29356.917969,6481775959
2023-07-30,29357.093750,29443.169922,29059.501953,29275.308594,8678454527
2023-07-31,29278.314453,29489.873047,29131.578125,29230.111328,11656781982
2023-08-01,29230.873047,29675.732422,28657.023438,29675.732422,18272392391
2023-08-02,29704.146484,29987.998047,28946.509766,29151.958984,19212655598
2023-08-03,29161.812500,29375.707031,28959.488281,29178.679688,12780357746
2023-08-04,29174.382812,29302.078125,28885.335938,29074.091797,12036639988
2023-08-05,29075.388672,29102.464844,28957.796875,29042.126953,6598366353
2023-08-06,29043.701172,29160.822266,28963.833984,29041.855469,7269806994
2023-08-07,29038.513672,29244.281250,28724.140625,29180.578125,13618163710
2023-08-08,29180.019531,30176.796875,29113.814453,29765.492188,17570561357
2023-08-09,29766.695312,30093.435547,29376.800781,29561.494141,18379521213
2023-08-10,29563.972656,29688.564453,29354.447266,29429.591797,11865344789
2023-08-11,29424.902344,29517.773438,29253.517578,29397.714844,10195168197
2023-08-12,29399.787109,29465.113281,29357.587891,29415.964844,6194358008
2023-08-13,29416.593750,29441.433594,29265.806641,29282.914062,7329897180
2023-08-14,29283.263672,29660.253906,29124.105469,29408.443359,14013695304
2023-08-15,29408.048828,29439.121094,29088.853516,29170.347656,12640195779
2023-08-16,29169.074219,29221.976562,28701.779297,28701.779297,14949271904
2023-08-17,28699.802734,28745.947266,25409.111328,26664.550781,31120851211
2023-08-18,26636.078125,26808.195312,25668.921875,26049.556641,24026236529
2023-08-19,26047.832031,26249.449219,25802.408203,26096.205078,10631443812
2023-08-20,26096.861328,26260.681641,26004.314453,26189.583984,9036580420
2023-08-21,26188.691406,26220.201172,25846.087891,26124.140625,13371557893
2023-08-22,26130.748047,26135.507812,25520.728516,26031.656250,14503820706
2023-08-23,26040.474609,26786.898438,25804.998047,26431.640625,16985265785
2023-08-24,26431.519531,26554.910156,25914.925781,26162.373047,12871532023
2023-08-25,26163.679688,26248.103516,25786.812500,26047.667969,12406045118
2023-08-26,26047.234375,26107.384766,25983.878906,26008.462891,6034817316
2023-08-27,26008.242188,26165.373047,25965.097656,26089.693359,6913768611
2023-08-28,26089.615234,26198.578125,25880.599609,26106.150391,11002805166
2023-08-29,26102.486328,28089.337891,25912.628906,27727.392578,29368391712
2023-08-30,27726.083984,27760.160156,27069.207031,27297.265625,16343655235
2023-08-31,27301.929688,27456.078125,25752.929688,25931.472656,20181001451
2023-09-01,25934.021484,26125.869141,25362.609375,25800.724609,17202862221
2023-09-02,25800.910156,25970.285156,25753.093750,25868.798828,10100387473
2023-09-03,25869.472656,26087.148438,25817.031250,25969.566406,8962524523
2023-09-04,25968.169922,26081.525391,25657.025391,25812.416016,10680635106
2023-09-05,25814.957031,25858.375000,25589.988281,25779.982422,11094740040
2023-09-06,25783.931641,25953.015625,25404.359375,25753.236328,12752705327
2023-09-07,25748.312500,26409.302734,25608.201172,26240.195312,11088307100
2023-09-08,26245.208984,26414.005859,25677.480469,25905.654297,10817356400
2023-09-09,25905.425781,25921.976562,25810.494141,25895.677734,5481314132
2023-09-10,25895.210938,25978.130859,25640.261719,25832.226562,7899553047
2023-09-11,25831.714844,25883.947266,24930.296875,25162.654297,14600006467
2023-09-12,25160.658203,26451.939453,25133.078125,25833.343750,18657279324
2023-09-13,25837.554688,26376.113281,25781.123047,26228.324219,13072077070
2023-09-14,26228.277344,26774.623047,26171.451172,26539.673828,13811359124
2023-09-15,26533.818359,26840.498047,26240.701172,26608.693359,11479735788
2023-09-16,26606.199219,26754.769531,26473.890625,26568.281250,7402031417
2023-09-17,26567.927734,26617.998047,26445.074219,26534.187500,6774210670
2023-09-18,26532.994141,27414.734375,26415.515625,26754.281250,15615339655
2023-09-19,26760.851562,27488.763672,26681.605469,27211.117188,13807690550
2023-09-20,27210.228516,27379.505859,26864.082031,27132.007812,13281116604
2023-09-21,27129.839844,27152.939453,26389.300781,26567.632812,13371443708
2023-09-22,26564.056641,26726.078125,26495.533203,26579.568359,10578746709
2023-09-23,26578.556641,26634.185547,26520.519531,26579.390625,7404700301
2023-09-24,26579.373047,26716.058594,26221.050781,26256.826172,8192867686
2023-09-25,26253.775391,26421.507812,26011.468750,26298.480469,11997833257
2023-09-26,26294.757812,26389.884766,26090.712891,26217.250000,9985498161
2023-09-27,26209.498047,26817.841797,26111.464844,26352.716797,11718380997
2023-09-28,26355.812500,27259.500000,26327.322266,27021.546875,14079002707
2023-09-29,27024.841797,27225.937500,26721.763672,26911.720703,10396435377
2023-09-30,26911.689453,27091.794922,26888.968750,26967.916016,5331172801
2023-10-01,26967.396484,28047.238281,26965.093750,27983.750000,9503917434
2023-10-02,27976.798828,28494.458984,27347.787109,27530.785156,19793041322
2023-10-03,27508.251953,27667.191406,27216.001953,27429.978516,11407814187
2023-10-04,27429.074219,27826.658203,27248.105469,27799.394531,11143355314
2023-10-05,27798.646484,28091.861328,27375.601562,27415.912109,11877253670
2023-10-06,27412.123047,28252.537109,27215.552734,27946.597656,13492391599
2023-10-07,27946.781250,28028.091797,27870.423828,27968.839844,6553044316
2023-10-08,27971.677734,28102.169922,27740.662109,27935.089844,7916875290
2023-10-09,27934.472656,27989.470703,27302.562500,27583.677734,12007668568
2023-10-10,27589.201172,27715.847656,27301.654297,27391.019531,9973350678
2023-10-11,27392.076172,27474.115234,26561.099609,26873.320312,13648094333
2023-10-12,26873.292969,26921.439453,26558.320312,26756.798828,9392909295
2023-10-13,26752.878906,27092.697266,26686.322266,26862.375000,15165312851
2023-10-14,26866.203125,26969.000000,26814.585938,26861.707031,5388116782
2023-10-15,26858.011719,27289.169922,26817.894531,27159.652344,7098201980
2023-10-16,27162.628906,29448.138672,27130.472656,28519.466797,27833876539
2023-10-17,28522.097656,28618.751953,28110.185547,28415.748047,14872527508
2023-10-18,28413.531250,28889.009766,28174.251953,28328.341797,12724128586
2023-10-19,28332.416016,28892.474609,28177.988281,28719.806641,14448058195
2023-10-20,28732.812500,30104.085938,28601.669922,29682.949219,21536125230
2023-10-21,29683.380859,30287.482422,29481.751953,29918.412109,11541146996
2023-10-22,29918.654297,30199.433594,29720.312500,29993.896484,10446520040
2023-10-23,30140.685547,34370.437500,30097.828125,33086.234375,38363572311
2023-10-24,33077.304688,35150.433594,32880.761719,33901.527344,44934999645
2023-10-25,33916.042969,35133.757812,33709.109375,34502.820312,25254318008
2023-10-26,34504.289062,34832.910156,33762.324219,34156.648438,19427195376
2023-10-27,34156.500000,34238.210938,33416.886719,33909.800781,16418032871
2023-10-28,33907.722656,34399.390625,33874.804688,34089.574219,10160330825
2023-10-29,34089.371094,34743.261719,33947.566406,34538.480469,11160323986
2023-10-30,34531.742188,34843.933594,34110.972656,34502.363281,17184860315
2023-10-31,34500.078125,34719.253906,34083.308594,34667.781250,15758270810
2023-11-01,34657.273438,35527.929688,34170.691406,35437.253906,22446272005
2023-11-02,35441.578125,35919.843750,34401.574219,34938.242188,20998158544
2023-11-03,34942.472656,34942.472656,34133.441406,34732.324219,17158456701
2023-11-04,34736.324219,35256.031250,34616.691406,35082.195312,9561294264
2023-11-05,35090.011719,35340.339844,34594.242188,35049.355469,12412743996
2023-11-06,35044.789062,35286.027344,34765.363281,35037.371094,12693436420
2023-11-07,35047.792969,35892.417969,34545.816406,35443.562500,18834737789
2023-11-08,35419.476562,35994.417969,35147.800781,35655.277344,17295394918
2023-11-09,35633.632812,37926.257812,35592.101562,36693.125000,37762672382
2023-11-10,36702.250000,37493.800781,36362.753906,37313.968750,22711265155
2023-11-11,37310.070312,37407.093750,36773.667969,37138.050781,13924272142
2023-11-12,37133.992188,37227.691406,36779.117188,37054.519531,11545715999
2023-11-13,37070.304688,37405.117188,36399.605469,36502.355469,19057712790
2023-11-14,36491.789062,36753.351562,34948.500000,35537.640625,23857403554
2023-11-15,35548.113281,37964.894531,35383.781250,37880.582031,27365821679
2023-11-16,37879.980469,37934.625000,35545.472656,36154.769531,26007385366
2023-11-17,36164.824219,36704.484375,35901.234375,36596.683594,22445028430
2023-11-18,36625.371094,36839.281250,36233.312500,36585.703125,11886022717
2023-11-19,36585.765625,37509.355469,36414.597656,37386.546875,12915986553
2023-11-20,37374.074219,37756.820312,36882.531250,37476.957031,20888209068
2023-11-21,37469.160156,37631.140625,35813.812500,35813.812500,25172163756
2023-11-22,35756.554688,37856.980469,35670.972656,37432.339844,24397247860
2023-11-23,37420.433594,37643.917969,36923.863281,37289.621094,14214948217
2023-11-24,37296.316406,38415.339844,37261.605469,37720.281250,22922957823
2023-11-25,37721.414062,37892.429688,37617.417969,37796.792969,9099571165
2023-11-26,37796.828125,37820.300781,37162.750000,37479.121094,13744796068
2023-11-27,37454.191406,37559.355469,36750.128906,37254.167969,19002925720
2023-11-28,37247.992188,38368.480469,36891.089844,37831.085938,21696137014
2023-11-29,37826.105469,38366.113281,37612.632812,37858.492188,20728546658
2023-11-30,37861.117188,38141.753906,37531.140625,37712.746094,18115982627
2023-12-01,37718.007812,38954.109375,37629.359375,38688.750000,23512784002
2023-12-02,38689.277344,39678.937500,38652.593750,39476.332031,15534035612
2023-12-03,39472.207031,40135.605469,39298.164062,39978.390625,15769696322
2023-12-04,39978.628906,42371.750000,39978.628906,41980.097656,39856129827
2023-12-05,41986.265625,44408.664062,41421.148438,44080.648438,36312154535
2023-12-06,44080.023438,44265.769531,43478.082031,43746.445312,29909761586
2023-12-07,43769.132812,44042.589844,42880.648438,43292.664062,27635760671
2023-12-08,43293.136719,44705.515625,43125.296875,44166.601562,24421116687
2023-12-09,44180.019531,44361.257812,43627.597656,43725.984375,17368210171
2023-12-10,43728.382812,44034.625000,43593.285156,43779.699219,13000481418
2023-12-11,43792.019531,43808.375000,40234.578125,41243.832031,40632672038
2023-12-12,41238.734375,42048.304688,40667.562500,41450.222656,24779520132
2023-12-13,41468.464844,43429.781250,40676.867188,42890.742188,26797884674
2023-12-14,42884.261719,43390.859375,41767.089844,43023.972656,25578530178
2023-12-15,43028.250000,43087.824219,41692.968750,41929.757812,19639442462
2023-12-16,41937.742188,42664.945312,41723.113281,42240.117188,14386729590
2023-12-17,42236.109375,42359.496094,41274.542969,41364.664062,16678702876
2023-12-18,41348.203125,42720.296875,40530.257812,42623.539062,25224642008
2023-12-19,42641.511719,43354.296875,41826.335938,42270.527344,23171001281
2023-12-20,42261.300781,44275.585938,42223.816406,43652.250000,27868908174
2023-12-21,43648.125000,44240.667969,43330.050781,43869.152344,22452766169
2023-12-22,43868.988281,44367.957031,43441.968750,43997.902344,21028503216
2023-12-23,44012.199219,44015.699219,43351.355469,43739.542969,13507796558
2023-12-24,43728.367188,43945.523438,42786.917969,43016.117188,18830554085
2023-12-25,43010.574219,43765.093750,42765.769531,43613.140625,21115795370
2023-12-26,43599.847656,43603.175781,41676.488281,42520.402344,30026850982
2023-12-27,42518.468750,43683.160156,42167.582031,43442.855469,25260941032
2023-12-28,43468.199219,43804.781250,42318.550781,42627.855469,22992093014
2023-12-29,42614.644531,43124.324219,41424.062500,42099.402344,26000021055
2023-12-30,42091.753906,42584.125000,41556.226562,42156.902344,16013925945
2023-12-31,42152.097656,42860.937500,41998.253906,42265.187500,16397498810
2024-01-01,42280.234375,44175.437500,42214.976562,44167.332031,18426978443
2024-01-02,44187.140625,45899.707031,44176.949219,44957.968750,39335274536
2024-01-03,44961.601562,45503.242188,40813.535156,42848.175781,46342323118
2024-01-04,42855.816406,44770.023438,42675.175781,44179.921875,30448091210
2024-01-05,44192.980469,44353.285156,42784.718750,44162.691406,32336029347
2024-01-06,44178.953125,44227.632812,43475.156250,43989.195312,16092503468
2024-01-07,43998.464844,44495.570312,43662.230469,43943.097656,19330573863
2024-01-08,43948.707031,47218.000000,43244.082031,46970.503906,42746192015
2024-01-09,46987.640625,47893.699219,45244.714844,46139.730469,39821290992
2024-01-10,46121.539062,47647.222656,44483.152344,46627.777344,50114613298
2024-01-11,46656.074219,48969.371094,45678.644531,46368.585938,45833734549
2024-01-12,46354.792969,46498.136719,41903.769531,42853.167969,43332698900
2024-01-13,42799.445312,43234.660156,42464.144531,42842.382812,20601860469
2024-01-14,42842.261719,43065.597656,41724.613281,41796.269531,17521429522
2024-01-15,41715.066406,43319.722656,41705.417969,42511.968750,22320220558
2024-01-16,42499.335938,43566.273438,42085.996094,43154.945312,24062872740
2024-01-17,43132.101562,43189.890625,42189.308594,42742.652344,20851232595
2024-01-18,42742.312500,42876.347656,40631.171875,41262.058594,25218357242
2024-01-19,41278.460938,42134.160156,40297.457031,41618.406250,25752407154
2024-01-20,41624.589844,41877.894531,41446.824219,41665.585938,11586690904
2024-01-21,41671.488281,41855.367188,41497.007812,41545.785156,9344043642
2024-01-22,41553.652344,41651.207031,39450.117188,39507.367188,31338708143
2024-01-23,39518.714844,40127.351562,38521.894531,39845.550781,29244553045
2024-01-24,39877.593750,40483.785156,39508.796875,40077.074219,22359526178
2024-01-25,40075.550781,40254.480469,39545.664062,39933.808594,18491782013
2024-01-26,39936.816406,42209.386719,39825.691406,41816.871094,25598119893
2024-01-27,41815.625000,42195.632812,41431.281250,42120.054688,11422941934
2024-01-28,42126.125000,42797.175781,41696.910156,42035.593750,16858971687
2024-01-29,42030.914062,43305.867188,41818.332031,43288.246094,20668476578
2024-01-30,43300.226562,43838.945312,42711.371094,42952.609375,23842814518
2024-01-31,42946.250000,43717.406250,42298.945312,42582.605469,24673628793
2024-02-01,42569.761719,43243.167969,41879.191406,43075.773438,21423953779
2024-02-02,43077.640625,43422.488281,42584.335938,43185.859375,18603843039
2024-02-03,43184.964844,43359.941406,42890.808594,42992.250000,11169245236
2024-02-04,42994.941406,43097.644531,42374.832031,42583.582031,14802225490
2024-02-05,42577.621094,43494.250000,42264.816406,42658.667969,18715487317
2024-02-06,42657.390625,43344.148438,42529.019531,43084.671875,16798476726
2024-02-07,43090.019531,44341.949219,42775.957031,44318.222656,21126587775
2024-02-08,44332.125000,45575.839844,44332.125000,45301.566406,26154524080
2024-02-09,45297.382812,48152.496094,45260.824219,47147.199219,39316770844
2024-02-10,47153.527344,48146.171875,46905.320312,47771.277344,16398681570
2024-02-11,47768.968750,48535.937500,47617.406250,48293.917969,19315867136
2024-02-12,48296.386719,50280.476562,47745.761719,49958.222656,34511985805
2024-02-13,49941.359375,50358.390625,48406.496094,49742.441406,35593051468
2024-02-14,49733.445312,52021.371094,49296.832031,51826.695312,39105608050
2024-02-15,51836.785156,52820.066406,51371.628906,51938.554688,38564360533
2024-02-16,51937.726562,52537.968750,51641.367188,52160.203125,28180567298
2024-02-17,52161.675781,52191.914062,50669.667969,51662.996094,20009091006
2024-02-18,51661.968750,52356.964844,51233.707031,52122.546875,17595377311
2024-02-19,52134.812500,52483.324219,51711.820312,51779.144531,21362184346
2024-02-20,51777.726562,52945.050781,50792.312500,52284.875000,33353758256
2024-02-21,52273.535156,52368.816406,50671.757812,51839.179688,28624907020
2024-02-22,51854.644531,52009.613281,50926.292969,51304.972656,25413900611
2024-02-23,51283.906250,51497.933594,50561.777344,50731.949219,21427078270
2024-02-24,50736.371094,51684.195312,50585.445312,51571.101562,15174077879
2024-02-25,51565.214844,51950.027344,51306.171875,51733.238281,15413239245
2024-02-26,51730.539062,54938.175781,50931.031250,54522.402344,34074411896
2024-02-27,54519.363281,57537.839844,54484.199219,57085.371094,49756832031
2024-02-28,57071.097656,63913.132812,56738.425781,62504.789062,83239156760
2024-02-29,62499.183594,63585.644531,60498.730469,61198.382812,65496611844
2024-03-01,61168.062500,63155.101562,60802.527344,62440.632812,40186368423
2024-03-02,62431.652344,62458.699219,61657.289062,62029.847656,23888473685
2024-03-03,62031.578125,63230.210938,61435.023438,63167.371094,26253811450
2024-03-04,63137.003906,68537.031250,62386.519531,68330.414062,70670471105
2024-03-05,68341.054688,69170.625000,59323.910156,63801.199219,102802940877
2024-03-06,63776.050781,67637.929688,62848.671875,66106.804688,68750229073
2024-03-07,66099.742188,68029.921875,65655.531250,66925.484375,46989543159
2024-03-08,66938.093750,70083.054688,66230.453125,68300.093750,59202881172
2024-03-09,68299.257812,68673.054688,68053.125000,68498.882812,21609650379
2024-03-10,68500.257812,70005.203125,68239.976562,69019.789062,35683977532
2024-03-11,69020.546875,72850.710938,67194.882812,72123.906250,65716656765
2024-03-12,72125.125000,72825.656250,68728.851562,71481.289062,62554434520
2024-03-13,71482.117188,73637.476562,71334.093750,73083.500000,48212536929
2024-03-14,73079.375000,73750.070312,68563.023438,71396.593750,59594605698
2024-03-15,71387.875000,72357.132812,65630.695312,69403.773438,78320453976
2024-03-16,69392.484375,70046.273438,64801.394531,65315.117188,46842198371
2024-03-17,65316.343750,68845.718750,64545.316406,68390.625000,44716864318
2024-03-18,68371.304688,68897.132812,66594.226562,67548.593750,49261579492
2024-03-19,67556.132812,68106.929688,61536.179688,61912.773438,74215844794
2024-03-20,61930.156250,68115.257812,60807.785156,67913.671875,66792634382
2024-03-21,67911.585938,68199.992188,64580.917969,65491.390625,44480350565
2024-03-22,65489.929688,66623.750000,62355.371094,63778.761719,41401116964
2024-03-23,63802.722656,65976.398438,63038.492188,64062.203125,24738964812
2024-03-24,64070.753906,67622.757812,63825.851562,67234.171875,27206630673
2024-03-25,67234.093750,71162.593750,66414.835938,69958.812500,42700139523
2024-03-26,69931.328125,71535.742188,69335.609375,69987.835938,36010437368
2024-03-27,69991.898438,71727.687500,68381.929688,69455.343750,40827113309
2024-03-28,69452.773438,71546.023438,68895.507812,70744.953125,34374900617
2024-03-29,70744.796875,70913.093750,69076.656250,69892.828125,25230851763
2024-03-30,69893.445312,70355.492188,69601.062500,69645.304688,17130241883
2024-03-31,69647.781250,71377.781250,69624.867188,71333.648438,20050941373
2024-04-01,71333.484375,71342.093750,68110.695312,69702.148438,34873527352
2024-04-02,69705.023438,69708.382812,64586.593750,65446.972656,50705240709
2024-04-03,65446.671875,66914.320312,64559.898438,65980.812500,34488018367
2024-04-04,65975.695312,69291.257812,65113.796875,68508.843750,34439527442
2024-04-05,68515.757812,68725.757812,66011.476562,67837.640625,33748230056
2024-04-06,67840.570312,69629.601562,67491.718750,68896.109375,19967785809
2024-04-07,68897.109375,70284.429688,68851.632812,69362.554688,21204930369
2024-04-08,69362.554688,72715.359375,69064.242188,71631.359375,37261432669
2024-04-09,71632.500000,71742.507812,68212.921875,69139.015625,36426900409
2024-04-10,69140.242188,71093.429688,67503.562500,70587.882812,38318601774
2024-04-11,70575.734375,71256.234375,69571.812500,70060.609375,30153382941
2024-04-12,70061.382812,71222.742188,65254.835938,67195.867188,44129299406
2024-04-13,67188.375000,67931.429688,60919.105469,63821.472656,52869738185
2024-04-14,63836.230469,65824.429688,62205.851562,65738.726562,49084320047
2024-04-15,65739.648438,66878.648438,62332.070312,63426.210938,43595917654
2024-04-16,63419.296875,64355.667969,61716.402344,63811.863281,42847528078
2024-04-17,63831.847656,64486.363281,59768.585938,61276.691406,41915247049
2024-04-18,61275.316406,64125.687500,60833.480469,63512.753906,36006307335
2024-04-19,63510.750000,65481.597656,59651.390625,63843.570312,49920425401
2024-04-20,63851.101562,65442.457031,63172.402344,64994.441406,23097485495
2024-04-21,64992.816406,65723.242188,64277.722656,64926.644531,20506644853
2024-04-22,64935.632812,67233.960938,64548.179688,66837.679688,28282686673
2024-04-23,66839.890625,67199.242188,65864.867188,66407.273438,24310975583
2024-04-24,66408.718750,67075.367188,63589.871094,64276.898438,30276655120
2024-04-25,64275.019531,65275.207031,62783.632812,64481.707031,32155786816
2024-04-26,64485.371094,64789.656250,63322.398438,63755.320312,24139372950
2024-04-27,63750.988281,63898.363281,62424.718750,63419.140625,19530783039
2024-04-28,63423.515625,64321.484375,62793.597656,63113.230469,17334827993
2024-04-29,63106.363281,64174.878906,61795.457031,63841.121094,26635912073
2024-04-30,63839.417969,64703.332031,59120.066406,60636.855469,37840840057
2024-05-01,60609.496094,60780.500000,56555.292969,58254.011719,48439780271
2024-05-02,58253.703125,59602.296875,56937.203125,59123.433594,32711813559
2024-05-03,59122.300781,63320.503906,58848.312500,62889.835938,33172023048
2024-05-04,62891.031250,64494.957031,62599.351562,63891.472656,20620477992
2024-05-05,63892.453125,64610.890625,62955.304688,64031.132812,18296164805
2024-05-06,64038.312500,65494.902344,62746.238281,63161.949219,28697928697
2024-05-07,63162.761719,64390.457031,62285.980469,62334.816406,25930730982
2024-05-08,62332.640625,62986.085938,60877.128906,61187.941406,26088172222
2024-05-09,61191.199219,63404.914062,60648.074219,63049.960938,25453338161
2024-05-10,63055.191406,63446.742188,60208.781250,60792.777344,27804954694
2024-05-11,60793.355469,61451.152344,60492.625000,60793.710938,13842272968
2024-05-12,60793.503906,61818.156250,60632.601562,61448.394531,13800459405
2024-05-13,61451.218750,63422.660156,60769.839844,62901.449219,27889181179
2024-05-14,62900.773438,63092.125000,61123.765625,61552.789062,28186271527
2024-05-15,61553.988281,66454.453125,61330.410156,66267.492188,39815167074
2024-05-16,66256.109375,66712.429688,64613.054688,65231.582031,31573077994
2024-05-17,65231.296875,67459.460938,65119.316406,67051.875000,28031279310
2024-05-18,67066.210938,67387.328125,66663.500000,66940.804688,16712277406
2024-05-19,66937.929688,67694.296875,65937.179688,66278.367188,19249094538
2024-05-20,66278.742188,71483.562500,66086.171875,71448.195312,43850655717
2024-05-21,71443.062500,71946.460938,69191.125000,70136.531250,46932005990
2024-05-22,70135.320312,70623.695312,68977.695312,69122.335938,32802561717
2024-05-23,69121.304688,70041.273438,66356.953125,67929.562500,41895680979
2024-05-24,67928.132812,69220.296875,66622.671875,68526.101562,29197308153
2024-05-25,68526.921875,69579.320312,68515.820312,69265.945312,15473071741
2024-05-26,69264.289062,69506.226562,68183.890625,68518.093750,15628433737
2024-05-27,68512.179688,70597.882812,68232.500000,69394.554688,25870990717
2024-05-28,69392.195312,69514.640625,67227.156250,68296.218750,32722265965
2024-05-29,68296.351562,68852.460938,67101.492188,67578.093750,26707072906
2024-05-30,67576.085938,69500.539062,67118.078125,68364.992188,29509712534
2024-05-31,68362.515625,68999.562500,66633.421875,67491.414062,27387283769
2024-06-01,67489.609375,67839.765625,67386.195312,67706.937500,11641495604
2024-06-02,67710.273438,68409.164062,67315.523438,67751.601562,17110588415
2024-06-03,67753.898438,70230.820312,67589.835938,68804.781250,32401285324
2024-06-04,68804.570312,71047.406250,68564.640625,70567.765625,33149696545
2024-06-05,70568.351562,71735.414062,70390.710938,71082.820312,32810771409
2024-06-06,71082.843750,71625.734375,70119.125000,70757.164062,25223152007
2024-06-07,70759.187500,71907.851562,68507.257812,69342.585938,36188381096
2024-06-08,69324.179688,69533.320312,69210.742188,69305.773438,14262185861
2024-06-09,69297.492188,69817.523438,69160.843750,69647.992188,13534028500
2024-06-10,69644.312500,70146.070312,69232.421875,69512.281250,20597699541
2024-06-11,69508.078125,69549.414062,66123.601562,67332.031250,37116136345
2024-06-12,67321.375000,69977.890625,66902.453125,68241.187500,34497940694
2024-06-13,68243.101562,68365.781250,66304.562500,66756.398438,28955204146
2024-06-14,66747.570312,67294.648438,65056.894531,66011.093750,27403884779
2024-06-15,66006.742188,66402.187500,65871.773438,66191.000000,14121265576
2024-06-16,66189.359375,66894.843750,66018.250000,66639.046875,13281140541
2024-06-17,66636.515625,67188.320312,65094.964844,66490.296875,30006354476
2024-06-18,66490.976562,66556.703125,64066.957031,65140.746094,39481285950
2024-06-19,65146.660156,65695.351562,64693.300781,64960.296875,21103423504
2024-06-20,64960.296875,66438.960938,64547.847656,64828.656250,25641109124
2024-06-21,64837.988281,65007.546875,63378.894531,64096.199219,26188171739
2024-06-22,64113.863281,64475.468750,63929.757812,64252.578125,9858198793
2024-06-23,64248.964844,64491.703125,63180.796875,63180.796875,11170471802
2024-06-24,63173.351562,63292.527344,58601.699219,60277.414062,43152133651
2024-06-25,60266.281250,62258.261719,60239.750000,61804.640625,29201215431
2024-06-26,61789.675781,62434.136719,60695.187500,60811.277344,22506003064
2024-06-27,60811.226562,62293.863281,60585.332031,61604.800781,21231745045
2024-06-28,61612.804688,62126.097656,59985.402344,60320.136719,24952866877
2024-06-29,60319.875000,61097.621094,60300.964844,60887.378906,12652903396
2024-06-30,60888.445312,62892.828125,60632.949219,62678.292969,17333226409
2024-07-01,62673.605469,63777.226562,62495.511719,62851.980469,25468379421
2024-07-02,62844.410156,63203.359375,61752.746094,62029.015625,20151616992
2024-07-03,62034.332031,62187.703125,59419.386719,60173.921875,29756701685
2024-07-04,60147.136719,60399.675781,56777.804688,56977.703125,41149609230
2024-07-05,57022.808594,57497.152344,53717.375000,56662.375000,55417544033
2024-07-06,56659.074219,58472.546875,56038.960938,58303.539062,20610320577
2024-07-07,58239.429688,58371.121094,55793.324219,55849.109375,20553359505
2024-07-08,55849.574219,58131.335938,54321.019531,56705.097656,39766159899
2024-07-09,56704.597656,58239.195312,56316.875000,58009.226562,27849512607
2024-07-10,58033.882812,59359.433594,57178.414062,57742.496094,26175260526
2024-07-11,57729.890625,59299.433594,57120.378906,57344.914062,28707803842
2024-07-12,57341.195312,58532.554688,56590.175781,57899.464844,25604805221
2024-07-13,57908.738281,59787.078125,57796.441406,59231.953125,17080061806
2024-07-14,59225.250000,61329.527344,59225.250000,60787.792969,22223416061
2024-07-15,60815.457031,64870.152344,60704.929688,64870.152344,38094526099
2024-07-16,64784.417969,65354.339844,62487.968750,65097.148438,41617346768
2024-07-17,65091.832031,66066.734375,63896.085938,64118.792969,32525071311
2024-07-18,64104.738281,65104.660156,63246.164062,63974.066406,27239305337
2024-07-19,63972.324219,67442.640625,63329.343750,66710.156250,37003855410
2024-07-20,66709.921875,67610.734375,66299.617188,67163.648438,19029581250
2024-07-21,67164.914062,68372.906250,65842.296875,68154.523438,26652190004
2024-07-22,68152.976562,68480.062500,66611.296875,67585.250000,42649109453
2024-07-23,67584.804688,67779.015625,65484.460938,65927.671875,35605668666
2024-07-24,65927.859375,67113.984375,65146.996094,65372.132812,27470942309
2024-07-25,65375.875000,66112.421875,63473.472656,65777.226562,38315761670
2024-07-26,65771.812500,68207.601562,65743.765625,67912.062500,30488630457
2024-07-27,67911.812500,69398.507812,66705.218750,67813.335938,34691905492
2024-07-28,67808.656250,68301.851562,67085.828125,68255.867188,18043166945
2024-07-29,68259.054688,69987.539062,66532.593750,66819.914062,40780682628
2024-07-30,66819.054688,66987.671875,65323.191406,66201.015625,31380492109
2024-07-31,66201.273438,66810.210938,64532.046875,64619.250000,31292785994
2024-08-01,64625.839844,65593.242188,62248.941406,65357.500000,40975554494
2024-08-02,65353.500000,65523.222656,61184.894531,61415.066406,43060875727
2024-08-03,61414.808594,62148.371094,59836.527344,60680.093750,31753030589
2024-08-04,60676.093750,61062.988281,57210.804688,58116.976562,31758917219
2024-08-05,58110.296875,58268.828125,49121.238281,53991.457031,108991085584
2024-08-06,53991.347656,57059.917969,53973.273438,56034.316406,49300484106
2024-08-07,56040.632812,57726.882812,54620.507812,55027.460938,41637562185
2024-08-08,55030.027344,62673.765625,54766.726562,61710.136719,45298472567
2024-08-09,61728.207031,61751.863281,59587.859375,60880.113281,33425553115
2024-08-10,60881.230469,61464.511719,60287.566406,60945.812500,15745822278
2024-08-11,60944.890625,61778.660156,58348.824219,58719.484375,22759754812
2024-08-12,58719.394531,60680.332031,57688.898438,59354.515625,37078637820
2024-08-13,59356.207031,61572.398438,58506.253906,60609.566406,30327698167
2024-08-14,60611.050781,61687.757812,58472.875000,58737.269531,29961696180
2024-08-15,58733.261719,59838.648438,56161.593750,57560.097656,35682112440
2024-08-16,57560.273438,59847.359375,57110.019531,58894.105469,29350938673
2024-08-17,58893.531250,59694.667969,58814.832031,59478.972656,13589684021
2024-08-18,59468.132812,60262.718750,58445.402344,58483.964844,17740625837
2024-08-19,58480.710938,59612.660156,57864.710938,59493.453125,25911207712
2024-08-20,59493.453125,61396.328125,58610.882812,59012.792969,31613400008
2024-08-21,59014.988281,61834.351562,58823.445312,61175.191406,32731154072
2024-08-22,61168.316406,61408.109375,59815.253906,60381.914062,27625734377
2024-08-23,60380.953125,64947.062500,60372.050781,64094.355469,42530509233
2024-08-24,64103.871094,64513.789062,63619.917969,64178.992188,21430585163
2024-08-25,64176.367188,64996.421875,63833.519531,64333.542969,18827683555
2024-08-26,64342.226562,64489.707031,62849.558594,62880.660156,27682040631
2024-08-27,62879.707031,63210.796875,58116.750000,59504.132812,39103882198
2024-08-28,59507.925781,60236.449219,57890.675781,59027.625000,40289564698
2024-08-29,59027.468750,61184.082031,58786.226562,59388.179688,32224990582
2024-08-30,59388.601562,59896.886719,57768.531250,59119.476562,32292756405
2024-08-31,59117.480469,59432.593750,58768.785156,58969.898438,12403470760
2024-09-01,58969.800781,59062.070312,57217.824219,57325.488281,24592449997
2024-09-02,57326.968750,59403.070312,57136.027344,59112.480469,27036454524
2024-09-03,59106.191406,59815.058594,57425.167969,57431.023438,26666961053
2024-09-04,57430.347656,58511.570312,55673.164062,57971.539062,35627680312
2024-09-05,57971.703125,58300.582031,55712.453125,56160.488281,31030280656
2024-09-06,56160.191406,56976.109375,52598.699219,53948.753906,49361693566
2024-09-07,53949.085938,54838.144531,53740.070312,54139.687500,19061486526
2024-09-08,54147.933594,55300.859375,53653.757812,54841.566406,18268287531
2024-09-09,54851.886719,58041.125000,54598.433594,57019.535156,34618096173
2024-09-10,57020.097656,58029.976562,56419.414062,57648.710938,28857630507
2024-09-11,57650.289062,57991.320312,55567.339844,57343.171875,37049062672
2024-09-12,57343.171875,58534.359375,57330.101562,58127.011719,33835707949
2024-09-13,58130.324219,60648.023438,57650.113281,60571.300781,32490528356
2024-09-14,60569.117188,60656.722656,59517.882812,60005.121094,16428405496
2024-09-15,60000.726562,60381.917969,58696.308594,59182.835938,18120960867
2024-09-16,59185.226562,59205.511719,57501.339844,58192.507812,32032822113
2024-09-17,58192.507812,61316.089844,57628.070312,60308.539062,38075570118
2024-09-18,60309.000000,61664.066406,59218.253906,61649.679688,40990702891
2024-09-19,61651.156250,63872.441406,61609.867188,62940.457031,42710252573
2024-09-20,62941.425781,64119.531250,62364.605469,63192.976562,35177164222
2024-09-21,63184.339844,63543.359375,62783.105469,63394.839844,14408616220
2024-09-22,63396.804688,63993.421875,62440.726562,63648.710938,20183348802
2024-09-23,63643.101562,64733.558594,62628.078125,63329.800781,31400285425
2024-09-24,63326.839844,64695.214844,62737.417969,64301.968750,29938335243
2024-09-25,64302.589844,64804.503906,62945.375000,63143.144531,25078377700
2024-09-26,63138.546875,65790.796875,62669.269531,65181.019531,36873129847
2024-09-27,65180.664062,66480.695312,64852.992188,65790.664062,32058813449
2024-09-28,65792.179688,66255.531250,65458.035156,65887.648438,15243637984
2024-09-29,65888.898438,66069.343750,65450.015625,65635.304688,14788214575
2024-09-30,65634.656250,65635.054688,62873.617188,63329.500000,37112957475
2024-10-01,63335.605469,64110.980469,60189.277344,60837.007812,50220923500
2024-10-02,60836.324219,62357.687500,59996.949219,60632.785156,40762722398
2024-10-03,60632.484375,61469.039062,59878.804688,60759.402344,36106447279
2024-10-04,60754.625000,62465.992188,60459.941406,62067.476562,29585472513
2024-10-05,62067.609375,62371.023438,61689.582031,62089.949219,13305410749
2024-10-06,62084.988281,62959.570312,61833.148438,62818.953125,14776233667
2024-10-07,62819.109375,64443.707031,62152.550781,62236.660156,34253562610
2024-10-08,62221.644531,63174.304688,61843.562500,62131.968750,28134475157
2024-10-09,62131.726562,62508.835938,60314.613281,60582.101562,27670982363
2024-10-10,60581.929688,61236.722656,58895.207031,60274.500000,30452813570
2024-10-11,60275.460938,63400.871094,60046.125000,62445.089844,30327141594
2024-10-12,62444.617188,63448.785156,62443.269531,63193.023438,16744110886
2024-10-13,63192.945312,63272.652344,62035.636719,62851.375000,18177529690
2024-10-14,62848.398438,66482.492188,62442.152344,66046.125000,43706958056
2024-10-15,66050.367188,67881.679688,64809.195312,67041.109375,48863870879
2024-10-16,67042.460938,68375.289062,66758.726562,67612.718750,38195189534
2024-10-17,67617.078125,67912.210938,66647.390625,67399.835938,32790898511
2024-10-18,67419.109375,68969.750000,67177.820312,68418.789062,36857165014
2024-10-19,68418.976562,68668.007812,68024.640625,68362.734375,14443497908
2024-10-20,68364.179688,69359.007812,68105.718750,69001.703125,18975847518
2024-10-21,69002.000000,69462.734375,66829.851562,67367.851562,37498611780
2024-10-22,67360.703125,67801.578125,66581.367188,67361.406250,31808472566
2024-10-23,67362.375000,67402.742188,65188.035156,66432.195312,32263980353
2024-10-24,66653.703125,68798.960938,66454.101562,68161.054688,31414428647
2024-10-25,68165.296875,68722.156250,65521.792969,66642.414062,41469984306
2024-10-26,66628.734375,67317.921875,66360.593750,67014.695312,19588098156
2024-10-27,67023.476562,68221.312500,66847.226562,67929.296875,16721307878
2024-10-28,67922.671875,70212.265625,67535.132812,69907.757812,38799856657
2024-10-29,69910.046875,73577.210938,69729.914062,72720.492188,58541874402
2024-10-30,72715.367188,72905.296875,71411.734375,72339.539062,40646637831
2024-10-31,72335.046875,72662.312500,69590.500000,70215.187500,40627912076
2024-11-01,70216.898438,71559.015625,68779.703125,69482.468750,49989795365
2024-11-02,69486.023438,69867.351562,69033.718750,69289.273438,18184612091
2024-11-03,69296.382812,69361.656250,67482.523438,68741.117188,34868307655
2024-11-04,68742.132812,69433.179688,66803.648438,67811.507812,41184819348
2024-11-05,67811.171875,70522.789062,67458.867188,69359.562500,46046889204
2024-11-06,69358.500000,76460.156250,69322.031250,75639.078125,118592653963
2024-11-07,75637.085938,76943.117188,74480.421875,75904.859375,63467654989
2024-11-08,75902.835938,77252.750000,75648.742188,76545.476562,55176858003
2024-11-09,76556.187500,76932.765625,75773.789062,76778.867188,29009480361
2024-11-10,76775.546875,81474.421875,76565.429688,80474.187500,82570594495
2024-11-11,80471.414062,89604.500000,80283.250000,88701.484375,117966845037
2024-11-12,88705.562500,89956.882812,85155.109375,87955.812500,133673285375
2024-11-13,87929.968750,93434.351562,86256.929688,90584.164062,123559027869
2024-11-14,90574.882812,91765.218750,86682.812500,87250.429688,87616705248
2024-11-15,87284.179688,91868.742188,87124.898438,91066.007812,78243109518
2024-11-16,91064.367188,91763.945312,90094.226562,90558.476562,44333192814
2024-11-17,90558.460938,91433.039062,88741.664062,89845.851562,46350159305
2024-11-18,89843.718750,92596.789062,89393.593750,90542.640625,75535775084
2024-11-19,90536.812500,94002.867188,90426.984375,92343.789062,74521048295
2024-11-20,92341.890625,94902.023438,91619.500000,94339.492188,71730956426
2024-11-21,94334.640625,99014.218750,94132.601562,98504.726562,106024505582
2024-11-22,98496.429688,99655.500000,97222.664062,98997.664062,78473580551
2024-11-23,99006.742188,99014.679688,97232.890625,97777.281250,44414644677
2024-11-24,97778.093750,98647.179688,95788.078125,98013.820312,51712020623
2024-11-25,98033.445312,98935.031250,92642.914062,93102.296875,80909462490
2024-11-26,93087.281250,94991.750000,90770.812500,91985.320312,91656519855
2024-11-27,91978.140625,97361.179688,91778.664062,95962.531250,71133452438
2024-11-28,95954.945312,96650.203125,94677.351562,95652.468750,52260008261
2024-11-29,95653.953125,98693.171875,95407.882812,97461.523438,54968682476
2024-11-30,97468.812500,97499.343750,96144.218750,96449.054688,31634227866
2024-12-01,96461.335938,97888.125000,95770.187500,97279.789062,36590695296
2024-12-02,97276.007812,98152.601562,94482.867188,95865.304688,72680784305
2024-12-03,95854.593750,96297.203125,93629.562500,96002.164062,67067810961
2024-12-04,95988.531250,99207.328125,94660.523438,98768.531250,77199817112
2024-12-05,98741.539062,103900.468750,91998.781250,96593.570312,149218945580
2024-12-06,97074.226562,102039.882812,96514.875000,99920.710938,94534772658
2024-12-07,99916.710938,100563.382812,99030.882812,99923.335938,44177510897
2024-12-08,99921.914062,101399.992188,98771.515625,101236.015625,44125751925
2024-12-09,101237.062500,101272.507812,94355.914062,97432.718750,110676473908
2024-12-10,97441.234375,98270.156250,94321.257812,96675.429688,104823780634
2024-12-11,96656.062500,101913.359375,95747.226562,101173.031250,85391409936
2024-12-12,101167.804688,102524.914062,99339.953125,100043.000000,72073983533
2024-12-13,100046.648438,101888.804688,99233.281250,101459.257812,56894751583
2024-12-14,101451.437500,102618.882812,100634.054688,101372.968750,40422968793
2024-12-15,101373.531250,105047.539062,101227.031250,104298.695312,51145914137
2024-12-16,104293.578125,107780.578125,103322.984375,106029.718750,91020417816
2024-12-17,106030.687500,108268.445312,105291.734375,106140.601562,68589364868
2024-12-18,106147.296875,106470.609375,100041.539062,100041.539062,93865656139
2024-12-19,100070.687500,102748.148438,95587.679688,97490.953125,97221662392
2024-12-20,97484.695312,98098.914062,92175.179688,97755.929688,105634083408
2024-12-21,97756.195312,99507.101562,96426.523438,97224.726562,51765334294
2024-12-22,97218.320312,97360.265625,94202.187500,95104.937500,43147981314
2024-12-23,95099.390625,96416.210938,92403.132812,94686.242188,65239002919
2024-12-24,94684.343750,99404.062500,93448.015625,98676.093750,47114953674
2024-12-25,98675.914062,99478.750000,97593.468750,99299.195312,33700394629
2024-12-26,99297.695312,99884.570312,95137.882812,95795.515625,47054980873
2024-12-27,95704.976562,97294.843750,93310.742188,94164.859375,52419934565
2024-12-28,94160.187500,95525.898438,94014.289062,95163.929688,24107436185
2024-12-29,95174.054688,95174.875000,92881.789062,93530.226562,29635885267
2024-12-30,93527.195312,94903.320312,91317.132812,92643.210938,56188003691
2024-12-31,92643.250000,96090.601562,91914.031250,93429.203125,43625106843
2025-01-01,93425.101562,94929.867188,92788.125000,94419.757812,24519888919
2025-01-02,94416.289062,97739.820312,94201.570312,96886.875000,46009564411
2025-01-03,96881.726562,98956.914062,96034.617188,98107.429688,35611391163
2025-01-04,98106.992188,98734.429688,97562.976562,98236.226562,22342608078
2025-01-05,98233.906250,98813.304688,97291.765625,98314.960938,20525254825
2025-01-06,98314.953125,102482.875000,97926.148438,102078.085938,51823432705
2025-01-07,102248.851562,102712.484375,96132.875000,96922.703125,58685738547
2025-01-08,96924.164062,97258.320312,92525.843750,95043.523438,63875859171
2025-01-09,95043.484375,95349.718750,91220.843750,92484.039062,62777261693
2025-01-10,92494.492188,95770.609375,92250.093750,94701.453125,62058693684
2025-01-11,94700.835938,94977.687500,93840.046875,94566.593750,18860894100
2025-01-12,94565.726562,95367.539062,93712.507812,94488.437500,20885130965
2025-01-13,94488.890625,95837.000000,89260.101562,94516.523438,72978998252
2025-01-14,94519.007812,97352.664062,94322.156250,96534.046875,53769675818
2025-01-15,96534.046875,100697.234375,96501.640625,100504.492188,57805923627
2025-01-16,100505.296875,100781.585938,97364.445312,99756.906250,54103781805
2025-01-17,100025.765625,105884.226562,99948.906250,104462.039062,71888972663
2025-01-18,104124.953125,104913.203125,102226.617188,104408.070312,50445655726
2025-01-19,104411.289062,106299.796875,99570.531250,101089.609375,76789928525
2025-01-20,101083.750000,109114.882812,99471.359375,102016.664062,126279678351
2025-01-21,102052.578125,107180.921875,100103.953125,106146.265625,88733878242
2025-01-22,106136.382812,106294.343750,103360.265625,103653.070312,53878181052
2025-01-23,103657.671875,106820.328125,101257.804688,103960.171875,104104515428
2025-01-24,103965.671875,107098.546875,102772.125000,104819.484375,52388229265
2025-01-25,104824.031250,105243.789062,104120.375000,104714.648438,23888996502
2025-01-26,104713.210938,105438.648438,102507.710938,102682.500000,22543395879
2025-01-27,102680.304688,103214.109375,97795.937500,102087.687500,89006608428
2025-01-28,102095.414062,103730.820312,100238.187500,101332.476562,47180685494
2025-01-29,101317.523438,104750.804688,101283.820312,103703.210938,47432049818
2025-01-30,103709.335938,106418.765625,103321.648438,104735.304688,41915744521
2025-01-31,104737.562500,106026.351562,101543.882812,102405.023438,45732764360
2025-02-01,102402.796875,102755.726562,100297.710938,100655.906250,27757944848
2025-02-02,100661.539062,101430.664062,96216.078125,97688.976562,63091816853
2025-02-03,97681.101562,102514.171875,91242.890625,101405.421875,115400897748
2025-02-04,101398.718750,101745.617188,96208.109375,97871.820312,73002130211
2025-02-05,97878.007812,99113.210938,96174.828125,96615.445312,49125911241
2025-02-06,96610.640625,99168.609375,95707.351562,96593.296875,45302471947
2025-02-07,96581.320312,100154.140625,95653.882812,96529.085938,55741290456
2025-02-08,96533.257812,96877.804688,95702.492188,96482.453125,22447526395
2025-02-09,96481.312500,97325.281250,94745.257812,96500.093750,27732901800
2025-02-10,96499.460938,98333.218750,95320.843750,97437.554688,40078962391
2025-02-11,97438.132812,98492.898438,94875.039062,95747.429688,37488783272
2025-02-12,95745.695312,98151.023438,94101.203125,97885.859375,49340445530
2025-02-13,97888.750000,98111.085938,95269.710938,96623.867188,37147280860
2025-02-14,96623.367188,98819.468750,96342.804688,97508.968750,32697987277
2025-02-15,97508.382812,97975.039062,97240.195312,97580.351562,17047266288
2025-02-16,97580.492188,97725.593750,96060.976562,96175.031250,16536755396
2025-02-17,96179.007812,97032.234375,95243.546875,95773.382812,27336550690
2025-02-18,95773.812500,96695.375000,93388.835938,95539.546875,37325720482
2025-02-19,95532.531250,96855.593750,95011.968750,96635.609375,28990872862
2025-02-20,96632.679688,98767.195312,96442.671875,98333.937500,31668022771
2025-02-21,98340.671875,99497.968750,94852.960938,96125.546875,49608706470
2025-02-22,96134.203125,96950.156250,95765.343750,96577.757812,18353824477
2025-02-23,96577.804688,96671.875000,95270.453125,96273.921875,16999478976
2025-02-24,96277.960938,96503.453125,91371.742188,91418.171875,44046480529
2025-02-25,91437.117188,92511.078125,86008.234375,88736.171875,92139104128
2025-02-26,88638.890625,89286.250000,82131.898438,84347.023438,64597492134
2025-02-27,84076.859375,87000.781250,83144.960938,84704.226562,52659591954
2025-02-28,84705.625000,85036.320312,78248.914062,84373.007812,83610570576
2025-03-01,84373.867188,86522.304688,83794.234375,86031.914062,29190628396
2025-03-02,86036.257812,95043.437500,85040.210938,94248.351562,58398341092
2025-03-03,94248.421875,94429.750000,85081.304688,86065.671875,70072228536
2025-03-04,86064.070312,88911.273438,81529.242188,87222.195312,68095241474
2025-03-05,87222.953125,90998.242188,86379.773438,90623.562500,50498988027
2025-03-06,90622.359375,92804.937500,87852.140625,89961.726562,47749810486
2025-03-07,89963.281250,91191.046875,84717.679688,86742.671875,65945677657
2025-03-08,86742.656250,86847.265625,85247.484375,86154.593750,18206118081
2025-03-09,86154.304688,86471.132812,80052.484375,80601.039062,30899345977
2025-03-10,80597.148438,83955.929688,77420.593750,78532.000000,54061099422
2025-03-11,78523.875000,83577.757812,76624.250000,82862.210938,54702837196
2025-03-12,82857.375000,84358.578125,80635.250000,83722.359375,40353484454
2025-03-13,83724.921875,84301.695312,79931.851562,81066.703125,31412940153
2025-03-14,81066.992188,85263.289062,80797.562500,83969.101562,29588112414
2025-03-15,83968.406250,84672.671875,83639.593750,84343.109375,13650491277
2025-03-16,84333.320312,85051.601562,82017.906250,82579.687500,21330270174
2025-03-17,82576.335938,84725.328125,82492.156250,84075.687500,25092785558
2025-03-18,84075.718750,84075.718750,81179.992188,82718.500000,24095774594
2025-03-19,82718.804688,87021.187500,82569.726562,86854.226562,34931960257
2025-03-20,86872.953125,87443.265625,83647.195312,84167.195312,29028988961
2025-03-21,84164.539062,84782.273438,83171.070312,84043.242188,19030452299
2025-03-22,84046.257812,84513.875000,83674.781250,83832.484375,9863214091
2025-03-23,83831.898438,86094.781250,83794.914062,86054.375000,12594615537
2025-03-24,86070.929688,88758.726562,85541.195312,87498.914062,34582604933
2025-03-25,87512.820312,88542.398438,86346.078125,87471.703125,30005840049
2025-03-26,87460.234375,88292.156250,85861.453125,86900.882812,26704046038
2025-03-27,86896.257812,87786.726562,85837.937500,87177.101562,24413471941
2025-03-28,87185.234375,87489.859375,83557.640625,84353.148438,34198619509
2025-03-29,84352.070312,84567.335938,81634.140625,82597.585938,16969396135
2025-03-30,82596.984375,83505.000000,81573.250000,82334.523438,14763760943
2025-03-31,82336.062500,83870.125000,81293.890625,82548.914062,29004228247
2025-04-01,82551.921875,85487.367188,82429.359375,85169.171875,28175650319
2025-04-02,85180.609375,88466.953125,82343.539062,82485.710938,47584398470
2025-04-03,82487.476562,83909.296875,81282.101562,83102.828125,36852112080
2025-04-04,83100.250000,84696.148438,81670.750000,83843.804688,45157640207
2025-04-05,83844.703125,84207.015625,82377.734375,83504.796875,14380803631
2025-04-06,83504.507812,83704.718750,77097.742188,78214.484375,36294853736
2025-04-07,78221.335938,81119.062500,74436.679688,79235.335938,91262424987
2025-04-08,79218.476562,80823.890625,76198.023438,76271.953125,48314590749
2025-04-09,76273.562500,83541.000000,74589.671875,82573.953125,84213627038
2025-04-10,82565.976562,82700.929688,78456.132812,79626.140625,44718000633
2025-04-11,79625.046875,84247.476562,78936.320312,83404.835938,41656778779
2025-04-12,83404.515625,85856.187500,82769.375000,85287.109375,24258059104
2025-04-13,85279.468750,86015.187500,83027.007812,83684.976562,28796984817
2025-04-14,83694.523438,85785.000000,83690.640625,84542.390625,34090769777
2025-04-15,84539.695312,86429.351562,83598.820312,83668.992188,28040322885
2025-04-16,83674.507812,85428.281250,83100.617188,84033.867188,29617804112
2025-04-17,84030.671875,85449.070312,83749.750000,84895.750000,21276866029
2025-04-18,84900.187500,85095.046875,84298.882812,84450.804688,12728372364
2025-04-19,84450.867188,85597.703125,84353.460938,85063.414062,15259300427
2025-04-20,85066.070312,85306.382812,83976.843750,85174.304688,14664050812
2025-04-21,85171.539062,88460.093750,85143.835938,87518.906250,41396190190
2025-04-22,87521.875000,93817.382812,87084.531250,93441.890625,55899038456
2025-04-23,93427.585938,94535.734375,91962.960938,93699.109375,41719568821
2025-04-24,93692.398438,94016.195312,91696.710938,93943.796875,31483175315
2025-04-25,93954.250000,95768.390625,92898.593750,94720.500000,40915232364
2025-04-26,94714.648438,95251.359375,93927.250000,94646.929688,17612825123
2025-04-27,94660.906250,95301.203125,93665.398438,93754.843750,18090367764
2025-04-28,93755.304688,95598.492188,92860.804688,94978.750000,32363449569
2025-04-29,94981.859375,95485.414062,93796.632812,94284.789062,25806129921
2025-04-30,94286.468750,95249.320312,92979.640625,94207.312500,28344679831
2025-05-01,94212.859375,97437.960938,94153.632812,96492.335938,32875889623
2025-05-02,96494.968750,97905.898438,96375.945312,96910.070312,26421924677
2025-05-03,96904.632812,96943.882812,95821.289062,95891.796875,15775154889
2025-05-04,95877.187500,96318.921875,94173.429688,94315.976562,18198688416
2025-05-05,94319.562500,95193.187500,93566.265625,94748.054688,25816260327
2025-05-06,94748.382812,96889.179688,93399.859375,96802.476562,26551275827
2025-05-07,96800.195312,97625.804688,95829.335938,97032.320312,76983822462
2025-05-08,97034.250000,103969.539062,96913.875000,103241.460938,69895404397
2025-05-09,103239.125000,104297.492188,102343.093750,102970.851562,58198593958
2025-05-10,102973.710938,104961.765625,102830.484375,104696.328125,42276713994
2025-05-11,104701.070312,104937.992188,103364.742188,104106.359375,46285517406
2025-05-12,104106.960938,105747.453125,100814.406250,102812.953125,63250475404
2025-05-13,102812.492188,104997.421875,101515.093750,104169.812500,52608876410
2025-05-14,104167.328125,104303.562500,102618.296875,103539.414062,45956071155
2025-05-15,103538.828125,104153.617188,101440.812500,103744.640625,50408241840
2025-05-16,103735.656250,104533.484375,103137.476562,103489.289062,44386499364
2025-05-17,103489.289062,103716.945312,102659.179688,103191.085938,37898552742
2025-05-18,103186.953125,106597.171875,103142.601562,106446.007812,49887082058
2025-05-19,106430.531250,107068.718750,102112.687500,105606.179688,61761126647
2025-05-20,105605.406250,107307.117188,104206.515625,106791.085938,36515726122
2025-05-21,106791.312500,110724.460938,106127.234375,109678.078125,78086364051
2025-05-22,109673.492188,111970.171875,109285.070312,111673.281250,70157575642
2025-05-23,111679.359375,111798.906250,106841.304688,107287.796875,67548133399
2025-05-24,107278.507812,109454.523438,106895.289062,107791.156250,45903627163
2025-05-25,107802.273438,109313.304688,106683.375000,109035.390625,47518041841
2025-05-26,109023.781250,110376.882812,108735.640625,109440.367188,45950461571
2025-05-27,109440.406250,110744.210938,107609.554688,108994.640625,57450176272
2025-05-28,108992.171875,109298.289062,106812.929688,107802.328125,49155377493
2025-05-29,107795.570312,108910.046875,105374.398438,105641.757812,56022752042
2025-05-30,105646.210938,106308.945312,103685.789062,103998.570312,57655287183
2025-05-31,103994.718750,104927.101562,103136.117188,104638.093750,38997843858
2025-06-01,104637.296875,105884.546875,103826.953125,105652.101562,37397056873
2025-06-02,105649.812500,105958.312500,103727.546875,105881.531250,45819706290
2025-06-03,105888.476562,106813.578125,104920.843750,105432.468750,46196508367
2025-06-04,105434.367188,105997.695312,104232.703125,104731.984375,44544857105
2025-06-05,104750.781250,105936.687500,100436.882812,101575.953125,57479298400
2025-06-06,101574.367188,105376.773438,101169.570312,104390.343750,48856653697
2025-06-07,104390.648438,105972.757812,103987.312500,105615.625000,38365033776
2025-06-08,105617.507812,106497.062500,105075.328125,105793.648438,36626232328
2025-06-09,105793.023438,110561.421875,105400.234375,110294.101562,55903193732
2025-06-10,110295.687500,110380.125000,108367.710938,110257.234375,54700101509
2025-06-11,110261.796875,110384.218750,108086.328125,108686.625000,50842662052
2025-06-12,108685.914062,108780.695312,105785.687500,105929.054688,54843867968
2025-06-13,105924.593750,106182.546875,102822.023438,106090.968750,69550440846
2025-06-14,106108.085938,106203.757812,104379.367188,105472.406250,38007870453
2025-06-15,105464.843750,106157.101562,104519.882812,105552.023438,36744307742
2025-06-16,105555.593750,108915.375000,104997.625000,106796.757812,50366626945
2025-06-17,106794.117188,107750.195312,103396.531250,104601.117188,55964092176
2025-06-18,104602.070312,105581.851562,103602.265625,104883.328125,47318089133
2025-06-19,104886.773438,105250.890625,103940.773438,104684.289062,37333806920
2025-06-20,104681.031250,106539.382812,102372.210938,103309.601562,50951862476
2025-06-21,103315.078125,104015.781250,100973.062500,102257.406250,38360555118
2025-06-22,102212.031250,103351.632812,98286.203125,100987.140625,65536997201
2025-06-23,100987.476562,106116.859375,99705.750000,105577.773438,65237759656
2025-06-24,105571.515625,106316.828125,104740.242188,106045.632812,48822986421
2025-06-25,106047.406250,108168.398438,105881.390625,107361.257812,51624120283
2025-06-26,107375.070312,108305.546875,106666.351562,106960.000000,43891990613
2025-06-27,106954.921875,107772.468750,106449.992188,107088.429688,45353692675
2025-06-28,107090.546875,107567.882812,106883.976562,107327.703125,30037708335
2025-06-29,107327.820312,108526.304688,107230.109375,108385.570312,35534874438
2025-06-30,108383.437500,108798.789062,106759.648438,107135.335938,42064804590
2025-07-01,107144.382812,107550.679688,105270.226562,105698.281250,44110692247
2025-07-02,105703.101562,109763.656250,105157.398438,108859.320312,56248657737
2025-07-03,108845.015625,110541.460938,108605.796875,109647.976562,50494742270
2025-07-04,109635.656250,109751.984375,107296.382812,108034.335938,42616442656
2025-07-05,108015.835938,108381.343750,107842.273438,108231.179688,30615537520
2025-07-06,108231.187500,109731.625000,107847.015625,109232.070312,36746020463
2025-07-07,109235.328125,109710.250000,107527.054688,108299.851562,45415696597
2025-07-08,108298.226562,109198.968750,107499.554688,108950.273438,44282204127
2025-07-09,108950.273438,111925.375000,108357.679688,111326.554688,57927418065
2025-07-10,111329.195312,116608.781250,110660.750000,115987.203125,95911605728
2025-07-11,115986.234375,118856.476562,115245.687500,117516.992188,86928361085
2025-07-12,117530.710938,118219.898438,116977.023438,117435.226562,45524560304
2025-07-13,117432.203125,119449.570312,117265.437500,119116.117188,49021091807
2025-07-14,119115.789062,123091.609375,118959.195312,119849.703125,181746419401
2025-07-15,119853.851562,119935.562500,115765.687500,117777.187500,98321661181
2025-07-16,117777.187500,120065.515625,117064.820312,118738.507812,72162029070
2025-07-17,118738.507812,120999.609375,117508.218750,119289.843750,72363841798
2025-07-18,119284.109375,120851.914062,116925.984375,118003.226562,77945799785
2025-07-19,117998.125000,118541.398438,117388.414062,117939.976562,47564562765
2025-07-20,117944.109375,118865.031250,116550.132812,117300.789062,57515447231
2025-07-21,117306.468750,119671.562500,116584.398438,117439.539062,69820091744
2025-07-22,117426.500000,120269.968750,116233.226562,119995.414062,79217583118
2025-07-23,119997.445312,120113.351562,117391.390625,118754.960938,66608604537
2025-07-24,118770.984375,119535.453125,117247.968750,118368.000000,72627318560
2025-07-25,118368.000000,118486.976562,114759.820312,117635.882812,104857024569
2025-07-26,117644.843750,118335.687500,117181.226562,117947.367188,48508954046
2025-07-27,117944.726562,119815.593750,117859.687500,119448.492188,54683390892
2025-07-28,119457.523438,119819.789062,117441.437500,117924.476562,64822943193
2025-07-29,117938.585938,119273.867188,116987.367188,117922.148438,68463107433
2025-07-30,117921.992188,118780.726562,115800.828125,117831.187500,68896148592
2025-07-31,117833.632812,118919.984375,115505.218750,115758.203125,69370346018
2025-08-01,115738.953125,116060.773438,112724.445312,113320.085938,91294530181
2025-08-02,113320.390625,114021.601562,112005.765625,112526.914062,56870866000
2025-08-03,112525.804688,114747.421875,111943.804688,114217.671875,48099615826
2025-08-04,114223.921875,115729.468750,114130.406250,115071.882812,35783028986
2025-08-05,115072.187500,115117.437500,112701.109375,114141.445312,61039182286
2025-08-06,114140.914062,115737.835938,113372.250000,115028.000000,56379133510
2025-08-07,115030.054688,117676.906250,114279.710938,117496.898438,64051649681
2025-08-08,117505.500000,117689.203125,115917.460938,116688.726562,59713005166
2025-08-09,116678.273438,117906.609375,116363.835938,116500.359375,54004312429
2025-08-10,116497.718750,119320.710938,116485.164062,119306.757812,64755458694
2025-08-11,119306.812500,122321.093750,118159.031250,118731.445312,90528784177
2025-08-12,118717.664062,120302.468750,118228.718750,120172.906250,72803657984
2025-08-13,120168.976562,123682.453125,118939.632812,123344.062500,90904808795
2025-08-14,123339.398438,124457.117188,117254.882812,118359.578125,104055627395
2025-08-15,118365.781250,119332.312500,116864.570312,117398.351562,68665353159
2025-08-16,117398.421875,117996.062500,117271.953125,117491.351562,48036922378
2025-08-17,117492.789062,118595.773438,117279.523438,117453.062500,45852169525
2025-08-18,117453.906250,117614.171875,114723.679688,116252.312500,72787808090
2025-08-19,116241.859375,116764.500000,112730.398438,112831.179688,71657600353
2025-08-20,112828.023438,114625.796875,112387.960938,114274.742188,67993811526
2025-08-21,114275.687500,114802.648438,111986.234375,112419.031250,57817883700
2025-08-22,112433.734375,117377.398438,111678.945312,116874.085938,82528088240
2025-08-23,116866.367188,116996.250000,114536.109375,115374.328125,55377142586
2025-08-24,115387.390625,115615.085938,111060.546875,113458.429688,73961489632
2025-08-25,113456.898438,113637.843750,109324.281250,110124.351562,85706860190
2025-08-26,110124.101562,112397.015625,108762.039062,111802.656250,69396320317
2025-08-27,111795.710938,112619.414062,110398.265625,111222.062500,62137056409
2025-08-28,111219.054688,113450.078125,110900.921875,112544.804688,58860155962
2025-08-29,112550.523438,112619.054688,107559.625000,108410.835938,77843379644
2025-08-30,108409.406250,108929.351562,107444.445312,108808.070312,51486264208
2025-08-31,108818.460938,109491.000000,108104.656250,108236.710938,47986191770
2025-09-01,108228.750000,109890.585938,107271.179688,109250.593750,66870372995
2025-09-02,109243.070312,111748.015625,108454.031250,111200.585938,74776999491
2025-09-03,111190.695312,112600.226562,110582.960938,111723.210938,61119643565
2025-09-04,111718.148438,112208.328125,109347.226562,110723.601562,60131132901
2025-09-05,110723.015625,113357.492188,110233.398438,110650.984375,60241647677
2025-09-06,110650.570312,111275.015625,110024.085938,110224.695312,21500719036
2025-09-07,110221.328125,111591.078125,110211.625000,111167.617188,24618007520
2025-09-08,111163.015625,112869.234375,110630.609375,112071.429688,40212813407
2025-09-09,112077.578125,113225.437500,110776.703125,111530.546875,45984480722
2025-09-10,111531.250000,114275.250000,110940.078125,113955.359375,56377473784
2025-09-11,113961.429688,115522.546875,113453.835938,115507.539062,45685065332
2025-09-12,115507.789062,116769.382812,114794.484375,116101.578125,54785725894
2025-09-13,116093.562500,116334.632812,115248.273438,115950.507812,34549454947
2025-09-14,115950.289062,116181.500000,115222.398438,115407.656250,32798036057
2025-09-15,115399.632812,116747.882812,114461.062500,115444.875000,52937859416
2025-09-16,115423.757812,117005.273438,114813.093750,116843.187500,45781744593
2025-09-17,116840.507812,117328.609375,114794.976562,116468.507812,60528025996
2025-09-18,116461.265625,117911.789062,116188.796875,117137.203125,49457272032
2025-09-19,117137.671875,117479.757812,115141.820312,115688.859375,38828473971
2025-09-20,115691.125000,116191.148438,115473.523438,115721.960938,22864449614
2025-09-21,115730.226562,115901.085938,115252.578125,115306.093750,22495852193
2025-09-22,115309.218750,115431.312500,112037.648438,112748.507812,70684158591
2025-09-23,112757.476562,113351.914062,111535.570312,112014.500000,47211853279
2025-09-24,112007.664062,113986.273438,111229.640625,113328.632812,48044595085
2025-09-25,113330.164062,113541.085938,108713.398438,109049.289062,75528654284
2025-09-26,109041.296875,110359.195312,108728.976562,109712.828125,57738288949
2025-09-27,109707.140625,109778.500000,109144.296875,109681.945312,26308042910
2025-09-28,109681.945312,112375.484375,109236.945312,112122.640625,33371048505
2025-09-29,112117.875000,114473.570312,111589.953125,114400.382812,60000147466
2025-09-30,114396.523438,114836.617188,112740.562500,114056.085938,58986330258
2025-10-01,114057.593750,118648.929688,113981.398438,118648.929688,71328680132
2025-10-02,118652.382812,121086.406250,118383.156250,120681.257812,71415163912
2025-10-03,120656.984375,123944.703125,119344.312500,122266.531250,83941392228
2025-10-04,122267.468750,122857.640625,121577.570312,122425.429688,36769171735
2025-10-05,122419.671875,125559.210938,122191.960938,123513.476562,73689317763
2025-10-06,123510.453125,126198.070312,123196.046875,124752.531250,72568881188
2025-10-07,124752.140625,125184.023438,120681.968750,121451.382812,76149412513
2025-10-08,121448.351562,124167.093750,121119.179688,123354.867188,65354305286
2025-10-09,123337.070312,123739.343750,119812.031250,121705.585938,74653009425
2025-10-10,121704.742188,122509.664062,104582.414062,113214.367188,153125018868
2025-10-11,113236.429688,113429.726562,109760.562500,110807.882812,110236934340
2025-10-12,110811.515625,115805.062500,109715.539062,115169.765625,93710414091
2025-10-13,115161.679688,116020.484375,113821.187500,115271.078125,71582026739
2025-10-14,115264.882812,115502.882812,110029.484375,113118.664062,92212917403
2025-10-15,113113.968750,113622.382812,110235.835938,110783.164062,72574132855
2025-10-16,110782.171875,111990.812500,107537.031250,108186.039062,87306423067
2025-10-17,108179.132812,109235.804688,103598.429688,106467.789062,99703051669
2025-10-18,106483.734375,107490.984375,106387.453125,107198.265625,37779905278
2025-10-19,107204.312500,109488.992188,106157.789062,108666.710938,47657008953
2025-10-20,108667.445312,111711.031250,107485.015625,110588.929688,63507793085
2025-10-21,110587.632812,113996.343750,107534.750000,108476.890625,101194375480
2025-10-22,108491.531250,109115.132812,106778.000000,107688.585938,80807013218
2025-10-23,107679.437500,111288.593750,107548.429688,110069.726562,54944076060
2025-10-24,110069.351562,111842.531250,109770.148438,111033.921875,48160816980
2025-10-25,111032.617188,111947.703125,110704.406250,111641.726562,24707667305
2025-10-26,111639.054688,115260.906250,111268.484375,114472.445312,41708524143
2025-10-27,114479.851562,116273.312500,113882.289062,114119.328125,61761358733
2025-10-28,114129.085938,116078.984375,112291.679688,112956.164062,64528066504
2025-10-29,112921.328125,113642.726562,109368.718750,110055.304688,62192043469
2025-10-30,110059.195312,111612.351562,106376.687500,108305.546875,69673964814
2025-10-31,108304.414062,111031.820312,108288.273438,109556.164062,60090359560
2025-11-01,109558.625000,110574.898438,109372.953125,110064.015625,25871668762
2025-11-02,110064.429688,111167.312500,109523.453125,110639.625000,34284209459
2025-11-03,110646.906250,110764.914062,105336.359375,106547.523438,72852006359
2025-11-04,106541.421875,107264.882812,98962.062500,101590.523438,110967184773
2025-11-05,101579.234375,104534.703125,98989.914062,103891.835938,77584934804
2025-11-06,103893.664062,104147.304688,100336.867188,101301.289062,63932752861
2025-11-07,101286.242188,104052.914062,99257.054688,103372.406250,92168030081
2025-11-08,103371.703125,103373.562500,101458.039062,102282.117188,51446691095
2025-11-09,102278.984375,105418.367188,101468.875000,104719.640625,59679243013
2025-11-10,104723.773438,106564.695312,104350.648438,105996.593750,69585887229
2025-11-11,105996.859375,107428.257812,102457.328125,102997.468750,71130078574
2025-11-12,103011.437500,105297.234375,100836.617188,101663.187500,64347179408
2025-11-13,101674.148438,104005.492188,97988.718750,99697.492188,101546815416
2025-11-14,99694.703125,99804.429688,94000.734375,94397.789062,114346441890
2025-11-15,94420.468750,96728.468750,94420.468750,95549.148438,38500716654
2025-11-16,95556.867188,96564.187500,92971.164062,94177.078125,71086235862
2025-11-17,94180.875000,95928.367188,91214.757812,92093.875000,94186165724
2025-11-18,92094.531250,93745.078125,89300.460938,92948.875000,101333569062
2025-11-19,92946.164062,92946.164062,88526.828125,91465.992188,80350354656
2025-11-20,91459.351562,93025.070312,86040.796875,86631.898438,97970645638
2025-11-21,86528.773438,87380.804688,80659.812500,85090.687500,129157506112
2025-11-22,85098.562500,85503.007812,83490.898438,84648.359375,40793099246
2025-11-23,84648.609375,88038.468750,84641.773438,86805.007812,58083435576
2025-11-24,86798.773438,89206.335938,85272.195312,88270.562500,74433896110
2025-11-25,88269.960938,88457.335938,86131.429688,87341.890625,64837343545
2025-11-26,87345.585938,90581.156250,86316.898438,90518.367188,66496301869
2025-11-27,90517.765625,91897.578125,90089.515625,91285.375000,57040622845
2025-11-28,91285.382812,92969.085938,90257.117188,90919.265625,60895830289
2025-11-29,90918.742188,91187.617188,90260.187500,90851.757812,37921773455
2025-11-30,90838.210938,91965.046875,90394.312500,90394.312500,38497902869
2025-12-01,90389.109375,90398.156250,83862.250000,86321.570312,87962894424
2025-12-02,86322.539062,92316.632812,86202.195312,91350.203125,78546798211
2025-12-03,91345.093750,94060.773438,91056.390625,93527.804688,77650204986
2025-12-04,93454.257812,94038.242188,90976.101562,92141.625000,64538402681
2025-12-05,92133.648438,92702.640625,88152.140625,89387.757812,63256398633
2025-12-06,89389.359375,90267.460938,88951.664062,89272.375000,37994042405
2025-12-07,89277.812500,91740.843750,87799.562500,90405.640625,47394898960
2025-12-08,90424.585938,92267.117188,89644.890625,90640.203125,57394099056
2025-12-09,90639.703125,94601.570312,89586.976562,92691.710938,66861721440
2025-12-10,92695.234375,94477.156250,91640.132812,92020.945312,65420694513
2025-12-11,92011.304688,93554.265625,89335.296875,92511.335938,64532834621
2025-12-12,92513.664062,92747.929688,89532.601562,90270.414062,80275884583
2025-12-13,90257.796875,90647.570312,89800.992188,90298.710938,64237748110
2025-12-14,90296.437500,90498.109375,87634.937500,88175.179688,50465972205
2025-12-15,88171.078125,89983.921875,85304.078125,86419.781250,45559514323
2025-12-16,86424.406250,88170.093750,85381.687500,87843.984375,41262178223
2025-12-17,87847.617188,90264.570312,85316.265625,86143.757812,44243392914
2025-12-18,86144.367188,89412.664062,84436.312500,85462.507812,52667115348
2025-12-19,85476.132812,89339.117188,85107.664062,88103.382812,46733310561
2025-12-20,88101.671875,88497.203125,87924.875000,88344.000000,14688196659
2025-12-21,88344.703125,89027.953125,87613.203125,88621.750000,19845522660
2025-12-22,88621.398438,90501.929688,87908.070312,88490.015625,38047472118
2025-12-23,88490.031250,88898.382812,86606.976562,87414.000000,43683011533
2025-12-24,87404.320312,87956.882812,86411.796875,87611.960938,25550297986
2025-12-25,87608.320312,88501.789062,86949.257812,87234.742188,19953216347
2025-12-26,87235.507812,89459.429688,86628.140625,87301.429688,42455674908
2025-12-27,87301.429688,87874.781250,87182.976562,87802.156250,13741199310
2025-12-28,87799.343750,87986.890625,87394.953125,87835.835938,15156557929
2025-12-29,87835.789062,90299.156250,86717.914062,87138.140625,48411625849
2025-12-30,87134.351562,89297.937500,86735.546875,88430.132812,35586356225
2025-12-31,88429.585938,89080.289062,87130.562500,87508.828125,33830210616
2026-01-01,87508.046875,88803.226562,87399.406250,88731.984375,18849043990
2026-01-02,88733.062500,90884.460938,88298.617188,89944.695312,46398906171
2026-01-03,89945.054688,90679.570312,89328.070312,90603.187500,20774828592
2026-01-04,90603.000000,91712.585938,90595.101562,91413.492188,26770491368
2026-01-05,91414.625000,94762.070312,91414.625000,93882.554688,53376407252
2026-01-06,93876.945312,94395.296875,91286.546875,93729.031250,52430605257
2026-01-07,93727.468750,93738.789062,90601.804688,91308.054688,43461295053
2026-01-08,91309.640625,91485.851562,89233.875000,91027.125000,42386697030
2026-01-09,91026.273438,91910.671875,89625.382812,90513.101562,38305906684
2026-01-10,90510.101562,90713.031250,90283.398438,90386.648438,12385895282
2026-01-11,90385.359375,91155.226562,90212.023438,90827.460938,17165568977
2026-01-12,90825.859375,92395.523438,90055.023438,91192.992188,41346275358
2026-01-13,91185.335938,96011.625000,90941.929688,95321.781250,54980674354
2026-01-14,95322.906250,97860.601562,94583.046875,96929.328125,60592490863
2026-01-15,96931.289062,97150.171875,95103.242188,95551.187500,53086363027
2026-01-16,95554.101562,95801.890625,94259.273438,95525.117188,33248170537
2026-01-17,95525.156250,95598.476562,95005.617188,95099.921875,16021715122
2026-01-18,95101.179688,95491.507812,93588.867188,93634.429688,20809781232
2026-01-19,93655.671875,93660.828125,92089.250000,92553.593750,39195241508
2026-01-20,92553.601562,92798.429688,87814.929688,88310.906250,53072968031
2026-01-21,88326.507812,90430.406250,87231.570312,89376.960938,56330422434
2026-01-22,89378.523438,90258.960938,88438.445312,89462.453125,35549685694
2026-01-23,89462.046875,91100.250000,88486.359375,89503.875000,38997586037
2026-01-24,89506.148438,89811.609375,89044.289062,89110.734375,14558687712
2026-01-25,89104.765625,89193.148438,86003.710938,86572.218750,36124986722
2026-01-26,86566.523438,88743.070312,86429.289062,88267.140625,45329286974
2026-01-27,88257.476562,89427.125000,87228.921875,89102.570312,38744942267
2026-01-28,89104.046875,90439.289062,88721.460938,89184.570312,39807419296
2026-01-29,89169.851562,89200.781250,83250.601562,84561.585938,64653083162
2026-01-30,84562.726562,84602.164062,81071.476562,84128.656250,72083816087
2026-01-31,84126.500000,84136.921875,75815.882812,78621.117188,70479259159
2026-02-01,78626.125000,79322.609375,75698.898438,76974.445312,53372509744
2026-02-02,76968.875000,79258.609375,74551.335938,78688.765625,75140589684
2026-02-03,78693.507812,79118.851562,72897.140625,75633.546875,68249110822
2026-02-04,75640.093750,76864.656250,71779.929688,73019.703125,67215363944
2026-02-05,73016.375000,73161.554688,62353.535156,62702.097656,125509410908
2026-02-06,62704.453125,71681.304688,60074.203125,70555.390625,114674259489
2026-02-07,70553.796875,71611.148438,67364.445312,69281.968750,62347107663
2026-02-08,69283.726562,72206.906250,68852.898438,70264.726562,39721722619
2026-02-09,70243.328125,71369.968750,68291.031250,70120.781250,52081598792
2026-02-10,70137.390625,70464.265625,67913.093750,68793.960938,40593063077
2026-02-11,68791.859375,69242.679688,65757.304688,66991.968750,49671946030
2026-02-12,66992.195312,68339.492188,65092.109375,66221.843750,44651071271
2026-02-13,66213.375000,69382.835938,65835.781250,68857.843750,40820775886
2026-02-14,68856.984375,70481.164062,68706.617188,69767.625000,36012397645
2026-02-15,69764.953125,70939.289062,68052.546875,68788.187500,40191152750
2026-02-16,68782.398438,70067.234375,67301.585938,68843.156250,33618145426
2026-02-17,68843.093750,69201.867188,66615.281250,67494.218750,34866936040
2026-02-18,67488.023438,68434.429688,65845.898438,66425.320312,33094301643
2026-02-19,66425.625000,67277.125000,65637.429688,66957.523438,31492987019
2026-02-20,66958.578125,68269.031250,66452.484375,68005.421875,47507867304
2026-02-21,68000.250000,68657.703125,67533.070312,68003.765625,18357635642
2026-02-22,67998.828125,68235.226562,67185.601562,67659.390625,17893536012
2026-02-23,67668.429688,67668.429688,63924.437500,64616.738281,50953457309
2026-02-24,64616.015625,64992.156250,62553.187500,64080.042969,40849331086
2026-02-25,64077.769531,69953.531250,63942.484375,67960.125000,53629234355
2026-02-26,67954.867188,68843.351562,66523.734375,67453.773438,42988597523
2026-02-27,67456.515625,68220.406250,64946.035156,65881.796875,40283655942
2026-02-28,65878.929688,67714.523438,63062.218750,66995.859375,42041497112
2026-03-01,67005.882812,68162.820312,65076.730469,65738.101562,40733141929
2026-03-02,65734.078125,70044.000000,65303.136719,68775.851562,56698092052
2026-03-03,68785.078125,69232.890625,66237.617188,68293.648438,47947999049
2026-03-04,68290.562500,74051.804688,67437.406250,72710.578125,75073101274
2026-03-05,72712.656250,73555.789062,70654.882812,70841.125000,51172841727
2026-03-06,70842.156250,71378.570312,67757.820312,68136.492188,43776962871
2026-03-07,68136.687500,68515.164062,66969.257812,67272.593750,23258701211
2026-03-08,67272.500000,68177.789062,65639.195312,65969.781250,33195080116
2026-03-09,65969.585938,69474.945312,65858.007812,68402.382812,49499875378
2026-03-10,68402.718750,71770.898438,68402.718750,69926.921875,54003996096
2026-03-11,69931.250000,71337.664062,68998.867188,70204.882812,45236859848
2026-03-12,70209.765625,70775.828125,69230.156250,70493.460938,40871848129
2026-03-13,70497.046875,73927.328125,70410.726562,70968.265625,61167226505
2026-03-14,70965.382812,71291.203125,70339.585938,71214.625000,22283546496
2026-03-15,71213.679688,73173.007812,70882.421875,72789.914062,27991268669
2026-03-16,72798.171875,74901.859375,72300.632812,74861.085938,55572438409
2026-03-17,74855.296875,75988.398438,73444.226562,73922.476562,49500721728
2026-03-18,73936.851562,74658.976562,70503.859375,71245.578125,46229011155
2026-03-19,71250.351562,71598.843750,68805.523438,69912.789062,44631433398
2026-03-20,69911.531250,71346.796875,69398.882812,70522.585938,38299078407
2026-03-21,70522.468750,71051.273438,68602.914062,68711.523438,21109354718
2026-03-22,68737.445312,69561.773438,67372.875000,67845.210938,30108051508
2026-03-23,67843.000000,71782.257812,67458.843750,70914.859375,51508669357
2026-03-24,70912.671875,71371.304688,68920.695312,70517.859375,40181522399
2026-03-25,70520.046875,71985.742188,70383.593750,71309.882812,35409791747
2026-03-26,71310.117188,71410.390625,68118.351562,68791.625000,38962070215
2026-03-27,68790.835938,69117.531250,65532.570312,66338.375000,46483453594
2026-03-28,66338.500000,67232.859375,65906.742188,66319.695312,20924883455
2026-03-29,66319.695312,67052.953125,64971.707031,65954.921875,21645889785
2026-03-30,65958.351562,68087.289062,65759.804688,66691.445312,37694994180
2026-03-31,66694.585938,68495.273438,65950.437500,68233.312500,42997691338
2026-04-01,68232.890625,69230.359375,67555.359375,68078.554688,36465393617
2026-04-02,68077.898438,68633.148438,65725.257812,66888.570312,39323384518
2026-04-03,66889.015625,67296.234375,66281.539062,66931.101562,22815543346
2026-04-04,66938.648438,67515.015625,66769.640625,67290.515625,15878814963
2026-04-05,67291.195312,69087.656250,66610.632812,68981.898438,22972648674
2026-04-06,68982.914062,70305.421875,68347.078125,68859.828125,39542143229
2026-04-07,68859.375000,72732.429688,67740.507812,71940.703125,44650511480
2026-04-08,71950.148438,72825.187500,70707.468750,71123.359375,42444631703
2026-04-09,71120.570312,73107.265625,70486.359375,71767.828125,38799581473
2026-04-10,71774.367188,73440.117188,71434.828125,72979.046875,37722595732
2026-04-11,72976.125000,73784.234375,72556.335938,73054.273438,23287073965
2026-04-12,73056.046875,73154.031250,70540.570312,70753.406250,29882740487
2026-04-13,70757.617188,74896.312500,70588.523438,74484.640625,52278211554
2026-04-14,74478.398438,76061.757812,73877.203125,74181.609375,53540826530
2026-04-15,74182.023438,75409.273438,73549.203125,74805.078125,38090174312
2026-04-16,74810.875000,75506.570312,73346.265625,75152.132812,41312783855
2026-04-17,75164.039062,78320.679688,74558.601562,77126.875000,54137194839
2026-04-18,77136.046875,77416.703125,75504.945312,75726.210938,26014416776
2026-04-19,75723.695312,76243.093750,73802.382812,73856.351562,30931515195
2026-04-20,73854.250000,76575.359375,73775.570312,75872.523438,39674447916
2026-04-21,75872.828125,76881.476562,74852.671875,76352.773438,36453522626
2026-04-22,76354.218750,79468.000000,76159.578125,78203.101562,48336654537
2026-04-23,78203.875000,78676.937500,77014.453125,78268.953125,40354900916
2026-04-24,78263.820312,78554.093750,77318.445312,77455.312500,32784213526
2026-04-25,77457.210938,77882.640625,77184.664062,77612.015625,16702933134
2026-04-26,77613.117188,78923.562500,77334.890625,78657.539062,21482934750
2026-04-27,78661.015625,79488.171875,76481.343750,77366.625000,38135631927
2026-04-28,77368.117188,77483.867188,75673.601562,76350.671875,32056900880
2026-04-29,76350.687500,77884.968750,74958.570312,75776.132812,41460907886
2026-04-30,75778.632812,76611.484375,75318.984375,76304.320312,29497862305
2026-05-01,76305.054688,78894.976562,76294.695312,78179.000000,39164328894
2026-05-02,78177.750000,79119.789062,78031.960938,78657.250000,16761531851
2026-05-03,78656.726562,79402.359375,78073.078125,78538.226562,20544392639
2026-05-04,78540.289062,80742.359375,78217.960938,79827.906250,54325085296
2026-05-05,79823.531250,81751.453125,79787.578125,80927.054688,39700107376
2026-05-06,80930.734375,82792.210938,80751.023438,81427.531250,41751540000
2026-05-07,81428.851562,81684.953125,79522.656250,80009.992188,36931193154
2026-05-08,80009.625000,80447.265625,79205.515625,80186.765625,33789351540
2026-05-09,80187.742188,81030.062500,80119.929688,80664.367188,18102086996
2026-05-10,80665.609375,82430.171875,80274.132812,82138.929688,26965971077
2026-05-11,82139.046875,82326.234375,80451.421875,81728.296875,32409774919
2026-05-12,81725.351562,81753.031250,79832.101562,80477.492188,32186688600
2026-05-13,80476.789062,81276.671875,78725.507812,79277.117188,34075428359
2026-05-14,79276.945312,82005.960938,78909.679688,81051.250000,43731663431
2026-05-15,81046.867188,81634.843750,78635.367188,79065.679688,38183347368
2026-05-16,79066.000000,79173.500000,77630.734375,78131.437500,25895799905
2026-05-17,78133.585938,78539.398438,76783.414062,77429.351562,20900166465
2026-05-18,77426.343750,77749.320312,76029.226562,76954.171875,41520471808
2026-05-19,76954.750000,77346.867188,76082.367188,76750.906250,26031898332
2026-05-20,76749.453125,77775.570312,76463.648438,77457.773438,26668360936
2026-05-21,77462.507812,78100.562500,76655.437500,77539.171875,27141485404
2026-05-22,77538.117188,77819.453125,75323.875000,75488.242188,27859040109
2026-05-23,75488.312500,77288.117188,74255.234375,76673.367188,29973220002
2026-05-24,76670.656250,77372.539062,76019.890625,76981.125000,20572738918
2026-05-25,76981.125000,77804.921875,76833.039062,77279.929688,19808387601
2026-05-26,77280.125000,77990.867188,75569.468750,75825.734375,35999475458
2026-05-27,75825.304688,76014.296875,74136.500000,74344.703125,33802172927
2026-05-28,74339.570312,74460.125000,72493.414062,73536.554688,40148145327
2026-05-29,73537.031250,74218.562500,72435.625000,73372.523438,34457929250
2026-05-30,73370.851562,74020.757812,73125.234375,73754.835938,19563589191
2026-05-31,73753.750000,74153.500000,73315.015625,73579.687500,17445435650
2026-06-01,73580.210938,73969.570312,70599.507812,71319.773438,43378836121
2026-06-02,71321.031250,71334.953125,66127.265625,66703.656250,54990073882
2026-06-03,66694.007812,67402.929688,64009.675781,64014.367188,47411556213
2026-06-04,64020.070312,64664.445312,61335.750000,63801.574219,63800151780
2026-06-05,63807.691406,63901.515625,59108.917969,60922.667969,71465606706
2026-06-06,60924.476562,61491.703125,59496.625000,60867.414062,30898464957
2026-06-07,60866.941406,64128.042969,60724.066406,63239.519531,36006496194
2026-06-08,63244.085938,64185.765625,62384.667969,63090.589844,34133252457
2026-06-09,63092.890625,63486.089844,60756.687500,61643.781250,40144449754
2026-06-10,61643.207031,62788.277344,60788.023438,61449.289062,27493506779
2026-06-11,61448.878906,63851.949219,61447.968750,63561.054688,29316677897
2026-06-12,63547.441406,64334.015625,62778.792969,63543.199219,26881868307
2026-06-13,63541.515625,64700.878906,63431.320312,64421.324219,16956245530
2026-06-14,64420.167969,65749.781250,63634.023438,65710.398438,21572226975
2026-06-16,66287.476562,66373.546875,65690.085938,65813.648438,31356309504
